ISO-10303-21;
HEADER;
FILE_DESCRIPTION(('FreeCAD Model'),'2;1');
FILE_NAME('Open CASCADE Shape Model','2026-08-25T19:44:05',('Author'),(
    ''),'Open CASCADE STEP processor 7.8','FreeCAD','Unknown');
FILE_SCHEMA(('AUTOMOTIVE_DESIGN { 1 0 10303 214 1 1 1 1 }'));
ENDSEC;
DATA;
#1 = APPLICATION_PROTOCOL_DEFINITION('international standard',
  'automotive_design',2000,#2);
#2 = APPLICATION_CONTEXT(
  'core data for automotive mechanical design processes');
#3 = SHAPE_DEFINITION_REPRESENTATION(#4,#10);
#4 = PRODUCT_DEFINITION_SHAPE('','',#5);
#5 = PRODUCT_DEFINITION('design','',#6,#9);
#6 = PRODUCT_DEFINITION_FORMATION('','',#7);
#7 = PRODUCT('Fillet002','Fillet002','',(#8));
#8 = PRODUCT_CONTEXT('',#2,'mechanical');
#9 = PRODUCT_DEFINITION_CONTEXT('part definition',#2,'design');
#10 = ADVANCED_BREP_SHAPE_REPRESENTATION('',(#11,#15),#4083);
#11 = AXIS2_PLACEMENT_3D('',#12,#13,#14);
#12 = CARTESIAN_POINT('',(0.,0.,0.));
#13 = DIRECTION('',(0.,0.,1.));
#14 = DIRECTION('',(1.,0.,-0.));
#15 = MANIFOLD_SOLID_BREP('',#16);
#16 = CLOSED_SHELL('',(#17,#163,#194,#219,#244,#268,#292,#317,#342,#359,
    #391,#415,#440,#464,#489,#609,#634,#651,#667,#902,#1124,#1141,#1166,
    #1209,#1226,#1243,#1265,#1282,#1299,#1348,#1365,#1437,#1454,#1494,
    #1543,#1560,#1600,#1617,#1629,#1646,#1663,#1680,#1729,#1769,#1781,
    #1806,#1831,#1856,#1881,#1898,#1915,#1927,#2007,#2031,#2104,#2184,
    #2208,#2281,#2298,#2315,#2395,#2419,#2492,#2509,#2589,#2613,#2686,
    #2703,#2762,#2821,#2880,#2939,#2956,#2973,#2990,#3012,#3029,#3046,
    #3063,#3094,#3118,#3142,#3159,#3176,#3193,#3224,#3248,#3272,#3289,
    #3311,#3328,#3345,#3362,#3384,#3401,#3418,#3440,#3457,#3469,#3500,
    #3524,#3548,#3565,#3582,#3613,#3637,#3661,#3683,#3695,#3717,#3734,
    #3751,#3777,#3801,#3820,#3846,#3870,#3889,#3915,#3939,#3958,#3984,
    #4008,#4027,#4041,#4055,#4069));
#17 = ADVANCED_FACE('',(#18,#88),#158,.T.);
#18 = FACE_BOUND('',#19,.T.);
#19 = EDGE_LOOP('',(#20,#30,#39,#47,#56,#64,#73,#81));
#20 = ORIENTED_EDGE('',*,*,#21,.F.);
#21 = EDGE_CURVE('',#22,#24,#26,.T.);
#22 = VERTEX_POINT('',#23);
#23 = CARTESIAN_POINT('',(-8.881784197001E-16,4.,8.));
#24 = VERTEX_POINT('',#25);
#25 = CARTESIAN_POINT('',(-8.881784197001E-16,36.,8.));
#26 = LINE('',#27,#28);
#27 = CARTESIAN_POINT('',(0.,0.,8.));
#28 = VECTOR('',#29,1.);
#29 = DIRECTION('',(0.,1.,0.));
#30 = ORIENTED_EDGE('',*,*,#31,.T.);
#31 = EDGE_CURVE('',#22,#32,#34,.T.);
#32 = VERTEX_POINT('',#33);
#33 = CARTESIAN_POINT('',(4.,-8.881784197001E-16,8.));
#34 = CIRCLE('',#35,4.);
#35 = AXIS2_PLACEMENT_3D('',#36,#37,#38);
#36 = CARTESIAN_POINT('',(4.,4.,8.));
#37 = DIRECTION('',(0.,0.,1.));
#38 = DIRECTION('',(0.,-1.,0.));
#39 = ORIENTED_EDGE('',*,*,#40,.T.);
#40 = EDGE_CURVE('',#32,#41,#43,.T.);
#41 = VERTEX_POINT('',#42);
#42 = CARTESIAN_POINT('',(54.,-8.881784197001E-16,8.));
#43 = LINE('',#44,#45);
#44 = CARTESIAN_POINT('',(0.,0.,8.));
#45 = VECTOR('',#46,1.);
#46 = DIRECTION('',(1.,0.,0.));
#47 = ORIENTED_EDGE('',*,*,#48,.T.);
#48 = EDGE_CURVE('',#41,#49,#51,.T.);
#49 = VERTEX_POINT('',#50);
#50 = CARTESIAN_POINT('',(58.,4.,8.));
#51 = CIRCLE('',#52,4.);
#52 = AXIS2_PLACEMENT_3D('',#53,#54,#55);
#53 = CARTESIAN_POINT('',(54.,4.,8.));
#54 = DIRECTION('',(0.,0.,1.));
#55 = DIRECTION('',(0.,-1.,0.));
#56 = ORIENTED_EDGE('',*,*,#57,.T.);
#57 = EDGE_CURVE('',#49,#58,#60,.T.);
#58 = VERTEX_POINT('',#59);
#59 = CARTESIAN_POINT('',(58.,36.,8.));
#60 = LINE('',#61,#62);
#61 = CARTESIAN_POINT('',(58.,0.,8.));
#62 = VECTOR('',#63,1.);
#63 = DIRECTION('',(0.,1.,0.));
#64 = ORIENTED_EDGE('',*,*,#65,.F.);
#65 = EDGE_CURVE('',#66,#58,#68,.T.);
#66 = VERTEX_POINT('',#67);
#67 = CARTESIAN_POINT('',(54.,40.,8.));
#68 = CIRCLE('',#69,4.);
#69 = AXIS2_PLACEMENT_3D('',#70,#71,#72);
#70 = CARTESIAN_POINT('',(54.,36.,8.));
#71 = DIRECTION('',(-0.,-0.,-1.));
#72 = DIRECTION('',(0.,-1.,0.));
#73 = ORIENTED_EDGE('',*,*,#74,.F.);
#74 = EDGE_CURVE('',#75,#66,#77,.T.);
#75 = VERTEX_POINT('',#76);
#76 = CARTESIAN_POINT('',(4.,40.,8.));
#77 = LINE('',#78,#79);
#78 = CARTESIAN_POINT('',(0.,40.,8.));
#79 = VECTOR('',#80,1.);
#80 = DIRECTION('',(1.,0.,0.));
#81 = ORIENTED_EDGE('',*,*,#82,.F.);
#82 = EDGE_CURVE('',#24,#75,#83,.T.);
#83 = CIRCLE('',#84,4.);
#84 = AXIS2_PLACEMENT_3D('',#85,#86,#87);
#85 = CARTESIAN_POINT('',(4.,36.,8.));
#86 = DIRECTION('',(-0.,-0.,-1.));
#87 = DIRECTION('',(0.,-1.,0.));
#88 = FACE_BOUND('',#89,.T.);
#89 = EDGE_LOOP('',(#90,#101,#109,#118,#126,#135,#143,#152));
#90 = ORIENTED_EDGE('',*,*,#91,.F.);
#91 = EDGE_CURVE('',#92,#94,#96,.T.);
#92 = VERTEX_POINT('',#93);
#93 = CARTESIAN_POINT('',(1.,4.,8.));
#94 = VERTEX_POINT('',#95);
#95 = CARTESIAN_POINT('',(4.,1.,8.));
#96 = CIRCLE('',#97,3.);
#97 = AXIS2_PLACEMENT_3D('',#98,#99,#100);
#98 = CARTESIAN_POINT('',(4.,4.,8.));
#99 = DIRECTION('',(-0.,0.,1.));
#100 = DIRECTION('',(0.,-1.,0.));
#101 = ORIENTED_EDGE('',*,*,#102,.T.);
#102 = EDGE_CURVE('',#92,#103,#105,.T.);
#103 = VERTEX_POINT('',#104);
#104 = CARTESIAN_POINT('',(1.,36.,8.));
#105 = LINE('',#106,#107);
#106 = CARTESIAN_POINT('',(1.,1.,8.));
#107 = VECTOR('',#108,1.);
#108 = DIRECTION('',(0.,1.,0.));
#109 = ORIENTED_EDGE('',*,*,#110,.T.);
#110 = EDGE_CURVE('',#103,#111,#113,.T.);
#111 = VERTEX_POINT('',#112);
#112 = CARTESIAN_POINT('',(4.,39.,8.));
#113 = CIRCLE('',#114,3.);
#114 = AXIS2_PLACEMENT_3D('',#115,#116,#117);
#115 = CARTESIAN_POINT('',(4.,36.,8.));
#116 = DIRECTION('',(-0.,-0.,-1.));
#117 = DIRECTION('',(0.,-1.,0.));
#118 = ORIENTED_EDGE('',*,*,#119,.T.);
#119 = EDGE_CURVE('',#111,#120,#122,.T.);
#120 = VERTEX_POINT('',#121);
#121 = CARTESIAN_POINT('',(54.,39.,8.));
#122 = LINE('',#123,#124);
#123 = CARTESIAN_POINT('',(1.,39.,8.));
#124 = VECTOR('',#125,1.);
#125 = DIRECTION('',(1.,0.,0.));
#126 = ORIENTED_EDGE('',*,*,#127,.F.);
#127 = EDGE_CURVE('',#128,#120,#130,.T.);
#128 = VERTEX_POINT('',#129);
#129 = CARTESIAN_POINT('',(57.,36.,8.));
#130 = CIRCLE('',#131,3.);
#131 = AXIS2_PLACEMENT_3D('',#132,#133,#134);
#132 = CARTESIAN_POINT('',(54.,36.,8.));
#133 = DIRECTION('',(-0.,0.,1.));
#134 = DIRECTION('',(0.,-1.,0.));
#135 = ORIENTED_EDGE('',*,*,#136,.F.);
#136 = EDGE_CURVE('',#137,#128,#139,.T.);
#137 = VERTEX_POINT('',#138);
#138 = CARTESIAN_POINT('',(57.,4.,8.));
#139 = LINE('',#140,#141);
#140 = CARTESIAN_POINT('',(57.,1.,8.));
#141 = VECTOR('',#142,1.);
#142 = DIRECTION('',(0.,1.,0.));
#143 = ORIENTED_EDGE('',*,*,#144,.T.);
#144 = EDGE_CURVE('',#137,#145,#147,.T.);
#145 = VERTEX_POINT('',#146);
#146 = CARTESIAN_POINT('',(54.,1.,8.));
#147 = CIRCLE('',#148,3.);
#148 = AXIS2_PLACEMENT_3D('',#149,#150,#151);
#149 = CARTESIAN_POINT('',(54.,4.,8.));
#150 = DIRECTION('',(-0.,-0.,-1.));
#151 = DIRECTION('',(0.,-1.,0.));
#152 = ORIENTED_EDGE('',*,*,#153,.F.);
#153 = EDGE_CURVE('',#94,#145,#154,.T.);
#154 = LINE('',#155,#156);
#155 = CARTESIAN_POINT('',(1.,1.,8.));
#156 = VECTOR('',#157,1.);
#157 = DIRECTION('',(1.,0.,0.));
#158 = PLANE('',#159);
#159 = AXIS2_PLACEMENT_3D('',#160,#161,#162);
#160 = CARTESIAN_POINT('',(0.,0.,8.));
#161 = DIRECTION('',(0.,0.,1.));
#162 = DIRECTION('',(1.,0.,0.));
#163 = ADVANCED_FACE('',(#164),#189,.F.);
#164 = FACE_BOUND('',#165,.F.);
#165 = EDGE_LOOP('',(#166,#167,#175,#183));
#166 = ORIENTED_EDGE('',*,*,#21,.F.);
#167 = ORIENTED_EDGE('',*,*,#168,.F.);
#168 = EDGE_CURVE('',#169,#22,#171,.T.);
#169 = VERTEX_POINT('',#170);
#170 = CARTESIAN_POINT('',(-8.881784197001E-16,4.,0.));
#171 = LINE('',#172,#173);
#172 = CARTESIAN_POINT('',(-8.881784197001E-16,4.,0.));
#173 = VECTOR('',#174,1.);
#174 = DIRECTION('',(0.,0.,1.));
#175 = ORIENTED_EDGE('',*,*,#176,.T.);
#176 = EDGE_CURVE('',#169,#177,#179,.T.);
#177 = VERTEX_POINT('',#178);
#178 = CARTESIAN_POINT('',(-8.881784197001E-16,36.,0.));
#179 = LINE('',#180,#181);
#180 = CARTESIAN_POINT('',(0.,0.,0.));
#181 = VECTOR('',#182,1.);
#182 = DIRECTION('',(0.,1.,0.));
#183 = ORIENTED_EDGE('',*,*,#184,.T.);
#184 = EDGE_CURVE('',#177,#24,#185,.T.);
#185 = LINE('',#186,#187);
#186 = CARTESIAN_POINT('',(-8.881784197001E-16,36.,0.));
#187 = VECTOR('',#188,1.);
#188 = DIRECTION('',(0.,0.,1.));
#189 = PLANE('',#190);
#190 = AXIS2_PLACEMENT_3D('',#191,#192,#193);
#191 = CARTESIAN_POINT('',(0.,0.,0.));
#192 = DIRECTION('',(1.,0.,0.));
#193 = DIRECTION('',(0.,0.,1.));
#194 = ADVANCED_FACE('',(#195),#214,.T.);
#195 = FACE_BOUND('',#196,.T.);
#196 = EDGE_LOOP('',(#197,#206,#212,#213));
#197 = ORIENTED_EDGE('',*,*,#198,.T.);
#198 = EDGE_CURVE('',#169,#199,#201,.T.);
#199 = VERTEX_POINT('',#200);
#200 = CARTESIAN_POINT('',(4.,-8.881784197001E-16,0.));
#201 = CIRCLE('',#202,4.);
#202 = AXIS2_PLACEMENT_3D('',#203,#204,#205);
#203 = CARTESIAN_POINT('',(4.,4.,0.));
#204 = DIRECTION('',(0.,0.,1.));
#205 = DIRECTION('',(0.,-1.,0.));
#206 = ORIENTED_EDGE('',*,*,#207,.T.);
#207 = EDGE_CURVE('',#199,#32,#208,.T.);
#208 = LINE('',#209,#210);
#209 = CARTESIAN_POINT('',(4.,-8.881784197001E-16,0.));
#210 = VECTOR('',#211,1.);
#211 = DIRECTION('',(0.,0.,1.));
#212 = ORIENTED_EDGE('',*,*,#31,.F.);
#213 = ORIENTED_EDGE('',*,*,#168,.F.);
#214 = CYLINDRICAL_SURFACE('',#215,4.);
#215 = AXIS2_PLACEMENT_3D('',#216,#217,#218);
#216 = CARTESIAN_POINT('',(4.,4.,0.));
#217 = DIRECTION('',(0.,0.,1.));
#218 = DIRECTION('',(-1.,-0.,0.));
#219 = ADVANCED_FACE('',(#220),#239,.T.);
#220 = FACE_BOUND('',#221,.F.);
#221 = EDGE_LOOP('',(#222,#231,#237,#238));
#222 = ORIENTED_EDGE('',*,*,#223,.T.);
#223 = EDGE_CURVE('',#177,#224,#226,.T.);
#224 = VERTEX_POINT('',#225);
#225 = CARTESIAN_POINT('',(4.,40.,0.));
#226 = CIRCLE('',#227,4.);
#227 = AXIS2_PLACEMENT_3D('',#228,#229,#230);
#228 = CARTESIAN_POINT('',(4.,36.,0.));
#229 = DIRECTION('',(-0.,-0.,-1.));
#230 = DIRECTION('',(0.,-1.,0.));
#231 = ORIENTED_EDGE('',*,*,#232,.T.);
#232 = EDGE_CURVE('',#224,#75,#233,.T.);
#233 = LINE('',#234,#235);
#234 = CARTESIAN_POINT('',(4.,40.,0.));
#235 = VECTOR('',#236,1.);
#236 = DIRECTION('',(0.,0.,1.));
#237 = ORIENTED_EDGE('',*,*,#82,.F.);
#238 = ORIENTED_EDGE('',*,*,#184,.F.);
#239 = CYLINDRICAL_SURFACE('',#240,4.);
#240 = AXIS2_PLACEMENT_3D('',#241,#242,#243);
#241 = CARTESIAN_POINT('',(4.,36.,0.));
#242 = DIRECTION('',(0.,0.,1.));
#243 = DIRECTION('',(-1.,-0.,0.));
#244 = ADVANCED_FACE('',(#245),#263,.F.);
#245 = FACE_BOUND('',#246,.F.);
#246 = EDGE_LOOP('',(#247,#255,#256,#257));
#247 = ORIENTED_EDGE('',*,*,#248,.F.);
#248 = EDGE_CURVE('',#199,#249,#251,.T.);
#249 = VERTEX_POINT('',#250);
#250 = CARTESIAN_POINT('',(54.,-8.881784197001E-16,0.));
#251 = LINE('',#252,#253);
#252 = CARTESIAN_POINT('',(0.,0.,0.));
#253 = VECTOR('',#254,1.);
#254 = DIRECTION('',(1.,0.,0.));
#255 = ORIENTED_EDGE('',*,*,#207,.T.);
#256 = ORIENTED_EDGE('',*,*,#40,.T.);
#257 = ORIENTED_EDGE('',*,*,#258,.F.);
#258 = EDGE_CURVE('',#249,#41,#259,.T.);
#259 = LINE('',#260,#261);
#260 = CARTESIAN_POINT('',(54.,-8.881784197001E-16,0.));
#261 = VECTOR('',#262,1.);
#262 = DIRECTION('',(0.,0.,1.));
#263 = PLANE('',#264);
#264 = AXIS2_PLACEMENT_3D('',#265,#266,#267);
#265 = CARTESIAN_POINT('',(0.,0.,0.));
#266 = DIRECTION('',(0.,1.,0.));
#267 = DIRECTION('',(0.,0.,1.));
#268 = ADVANCED_FACE('',(#269),#287,.T.);
#269 = FACE_BOUND('',#270,.T.);
#270 = EDGE_LOOP('',(#271,#279,#280,#281));
#271 = ORIENTED_EDGE('',*,*,#272,.F.);
#272 = EDGE_CURVE('',#224,#273,#275,.T.);
#273 = VERTEX_POINT('',#274);
#274 = CARTESIAN_POINT('',(54.,40.,0.));
#275 = LINE('',#276,#277);
#276 = CARTESIAN_POINT('',(0.,40.,0.));
#277 = VECTOR('',#278,1.);
#278 = DIRECTION('',(1.,0.,0.));
#279 = ORIENTED_EDGE('',*,*,#232,.T.);
#280 = ORIENTED_EDGE('',*,*,#74,.T.);
#281 = ORIENTED_EDGE('',*,*,#282,.F.);
#282 = EDGE_CURVE('',#273,#66,#283,.T.);
#283 = LINE('',#284,#285);
#284 = CARTESIAN_POINT('',(54.,40.,0.));
#285 = VECTOR('',#286,1.);
#286 = DIRECTION('',(0.,0.,1.));
#287 = PLANE('',#288);
#288 = AXIS2_PLACEMENT_3D('',#289,#290,#291);
#289 = CARTESIAN_POINT('',(0.,40.,0.));
#290 = DIRECTION('',(0.,1.,0.));
#291 = DIRECTION('',(0.,0.,1.));
#292 = ADVANCED_FACE('',(#293),#312,.T.);
#293 = FACE_BOUND('',#294,.T.);
#294 = EDGE_LOOP('',(#295,#304,#310,#311));
#295 = ORIENTED_EDGE('',*,*,#296,.T.);
#296 = EDGE_CURVE('',#249,#297,#299,.T.);
#297 = VERTEX_POINT('',#298);
#298 = CARTESIAN_POINT('',(58.,4.,0.));
#299 = CIRCLE('',#300,4.);
#300 = AXIS2_PLACEMENT_3D('',#301,#302,#303);
#301 = CARTESIAN_POINT('',(54.,4.,0.));
#302 = DIRECTION('',(0.,0.,1.));
#303 = DIRECTION('',(0.,-1.,0.));
#304 = ORIENTED_EDGE('',*,*,#305,.T.);
#305 = EDGE_CURVE('',#297,#49,#306,.T.);
#306 = LINE('',#307,#308);
#307 = CARTESIAN_POINT('',(58.,4.,0.));
#308 = VECTOR('',#309,1.);
#309 = DIRECTION('',(0.,0.,1.));
#310 = ORIENTED_EDGE('',*,*,#48,.F.);
#311 = ORIENTED_EDGE('',*,*,#258,.F.);
#312 = CYLINDRICAL_SURFACE('',#313,4.);
#313 = AXIS2_PLACEMENT_3D('',#314,#315,#316);
#314 = CARTESIAN_POINT('',(54.,4.,0.));
#315 = DIRECTION('',(0.,0.,1.));
#316 = DIRECTION('',(0.,-1.,0.));
#317 = ADVANCED_FACE('',(#318),#337,.T.);
#318 = FACE_BOUND('',#319,.F.);
#319 = EDGE_LOOP('',(#320,#329,#335,#336));
#320 = ORIENTED_EDGE('',*,*,#321,.T.);
#321 = EDGE_CURVE('',#273,#322,#324,.T.);
#322 = VERTEX_POINT('',#323);
#323 = CARTESIAN_POINT('',(58.,36.,0.));
#324 = CIRCLE('',#325,4.);
#325 = AXIS2_PLACEMENT_3D('',#326,#327,#328);
#326 = CARTESIAN_POINT('',(54.,36.,0.));
#327 = DIRECTION('',(-0.,-0.,-1.));
#328 = DIRECTION('',(0.,-1.,0.));
#329 = ORIENTED_EDGE('',*,*,#330,.T.);
#330 = EDGE_CURVE('',#322,#58,#331,.T.);
#331 = LINE('',#332,#333);
#332 = CARTESIAN_POINT('',(58.,36.,0.));
#333 = VECTOR('',#334,1.);
#334 = DIRECTION('',(0.,0.,1.));
#335 = ORIENTED_EDGE('',*,*,#65,.F.);
#336 = ORIENTED_EDGE('',*,*,#282,.F.);
#337 = CYLINDRICAL_SURFACE('',#338,4.);
#338 = AXIS2_PLACEMENT_3D('',#339,#340,#341);
#339 = CARTESIAN_POINT('',(54.,36.,0.));
#340 = DIRECTION('',(0.,0.,1.));
#341 = DIRECTION('',(0.,1.,0.));
#342 = ADVANCED_FACE('',(#343),#354,.T.);
#343 = FACE_BOUND('',#344,.T.);
#344 = EDGE_LOOP('',(#345,#346,#347,#353));
#345 = ORIENTED_EDGE('',*,*,#57,.F.);
#346 = ORIENTED_EDGE('',*,*,#305,.F.);
#347 = ORIENTED_EDGE('',*,*,#348,.T.);
#348 = EDGE_CURVE('',#297,#322,#349,.T.);
#349 = LINE('',#350,#351);
#350 = CARTESIAN_POINT('',(58.,0.,0.));
#351 = VECTOR('',#352,1.);
#352 = DIRECTION('',(0.,1.,0.));
#353 = ORIENTED_EDGE('',*,*,#330,.T.);
#354 = PLANE('',#355);
#355 = AXIS2_PLACEMENT_3D('',#356,#357,#358);
#356 = CARTESIAN_POINT('',(58.,0.,0.));
#357 = DIRECTION('',(1.,0.,0.));
#358 = DIRECTION('',(0.,0.,1.));
#359 = ADVANCED_FACE('',(#360),#386,.F.);
#360 = FACE_BOUND('',#361,.F.);
#361 = EDGE_LOOP('',(#362,#373,#379,#380));
#362 = ORIENTED_EDGE('',*,*,#363,.T.);
#363 = EDGE_CURVE('',#364,#366,#368,.T.);
#364 = VERTEX_POINT('',#365);
#365 = CARTESIAN_POINT('',(1.,4.,6.4));
#366 = VERTEX_POINT('',#367);
#367 = CARTESIAN_POINT('',(4.,1.,6.4));
#368 = CIRCLE('',#369,3.);
#369 = AXIS2_PLACEMENT_3D('',#370,#371,#372);
#370 = CARTESIAN_POINT('',(4.,4.,6.4));
#371 = DIRECTION('',(-0.,0.,1.));
#372 = DIRECTION('',(0.,-1.,0.));
#373 = ORIENTED_EDGE('',*,*,#374,.T.);
#374 = EDGE_CURVE('',#366,#94,#375,.T.);
#375 = LINE('',#376,#377);
#376 = CARTESIAN_POINT('',(4.,1.,6.4));
#377 = VECTOR('',#378,1.);
#378 = DIRECTION('',(0.,0.,1.));
#379 = ORIENTED_EDGE('',*,*,#91,.F.);
#380 = ORIENTED_EDGE('',*,*,#381,.F.);
#381 = EDGE_CURVE('',#364,#92,#382,.T.);
#382 = LINE('',#383,#384);
#383 = CARTESIAN_POINT('',(1.,4.,6.4));
#384 = VECTOR('',#385,1.);
#385 = DIRECTION('',(0.,0.,1.));
#386 = CYLINDRICAL_SURFACE('',#387,3.);
#387 = AXIS2_PLACEMENT_3D('',#388,#389,#390);
#388 = CARTESIAN_POINT('',(4.,4.,6.4));
#389 = DIRECTION('',(0.,0.,1.));
#390 = DIRECTION('',(-1.,0.,0.));
#391 = ADVANCED_FACE('',(#392),#410,.T.);
#392 = FACE_BOUND('',#393,.T.);
#393 = EDGE_LOOP('',(#394,#402,#403,#404));
#394 = ORIENTED_EDGE('',*,*,#395,.F.);
#395 = EDGE_CURVE('',#366,#396,#398,.T.);
#396 = VERTEX_POINT('',#397);
#397 = CARTESIAN_POINT('',(54.,1.,6.4));
#398 = LINE('',#399,#400);
#399 = CARTESIAN_POINT('',(1.,1.,6.4));
#400 = VECTOR('',#401,1.);
#401 = DIRECTION('',(1.,0.,0.));
#402 = ORIENTED_EDGE('',*,*,#374,.T.);
#403 = ORIENTED_EDGE('',*,*,#153,.T.);
#404 = ORIENTED_EDGE('',*,*,#405,.F.);
#405 = EDGE_CURVE('',#396,#145,#406,.T.);
#406 = LINE('',#407,#408);
#407 = CARTESIAN_POINT('',(54.,1.,6.4));
#408 = VECTOR('',#409,1.);
#409 = DIRECTION('',(0.,0.,1.));
#410 = PLANE('',#411);
#411 = AXIS2_PLACEMENT_3D('',#412,#413,#414);
#412 = CARTESIAN_POINT('',(1.,1.,6.4));
#413 = DIRECTION('',(0.,1.,0.));
#414 = DIRECTION('',(0.,0.,1.));
#415 = ADVANCED_FACE('',(#416),#435,.F.);
#416 = FACE_BOUND('',#417,.T.);
#417 = EDGE_LOOP('',(#418,#427,#428,#429));
#418 = ORIENTED_EDGE('',*,*,#419,.T.);
#419 = EDGE_CURVE('',#420,#396,#422,.T.);
#420 = VERTEX_POINT('',#421);
#421 = CARTESIAN_POINT('',(57.,4.,6.4));
#422 = CIRCLE('',#423,3.);
#423 = AXIS2_PLACEMENT_3D('',#424,#425,#426);
#424 = CARTESIAN_POINT('',(54.,4.,6.4));
#425 = DIRECTION('',(-0.,-0.,-1.));
#426 = DIRECTION('',(0.,-1.,0.));
#427 = ORIENTED_EDGE('',*,*,#405,.T.);
#428 = ORIENTED_EDGE('',*,*,#144,.F.);
#429 = ORIENTED_EDGE('',*,*,#430,.F.);
#430 = EDGE_CURVE('',#420,#137,#431,.T.);
#431 = LINE('',#432,#433);
#432 = CARTESIAN_POINT('',(57.,4.,6.4));
#433 = VECTOR('',#434,1.);
#434 = DIRECTION('',(0.,0.,1.));
#435 = CYLINDRICAL_SURFACE('',#436,3.);
#436 = AXIS2_PLACEMENT_3D('',#437,#438,#439);
#437 = CARTESIAN_POINT('',(54.,4.,6.4));
#438 = DIRECTION('',(0.,0.,1.));
#439 = DIRECTION('',(1.,0.,0.));
#440 = ADVANCED_FACE('',(#441),#459,.F.);
#441 = FACE_BOUND('',#442,.F.);
#442 = EDGE_LOOP('',(#443,#444,#445,#453));
#443 = ORIENTED_EDGE('',*,*,#136,.F.);
#444 = ORIENTED_EDGE('',*,*,#430,.F.);
#445 = ORIENTED_EDGE('',*,*,#446,.T.);
#446 = EDGE_CURVE('',#420,#447,#449,.T.);
#447 = VERTEX_POINT('',#448);
#448 = CARTESIAN_POINT('',(57.,36.,6.4));
#449 = LINE('',#450,#451);
#450 = CARTESIAN_POINT('',(57.,1.,6.4));
#451 = VECTOR('',#452,1.);
#452 = DIRECTION('',(0.,1.,0.));
#453 = ORIENTED_EDGE('',*,*,#454,.T.);
#454 = EDGE_CURVE('',#447,#128,#455,.T.);
#455 = LINE('',#456,#457);
#456 = CARTESIAN_POINT('',(57.,36.,6.4));
#457 = VECTOR('',#458,1.);
#458 = DIRECTION('',(0.,0.,1.));
#459 = PLANE('',#460);
#460 = AXIS2_PLACEMENT_3D('',#461,#462,#463);
#461 = CARTESIAN_POINT('',(57.,1.,6.4));
#462 = DIRECTION('',(1.,0.,0.));
#463 = DIRECTION('',(0.,0.,1.));
#464 = ADVANCED_FACE('',(#465),#484,.F.);
#465 = FACE_BOUND('',#466,.F.);
#466 = EDGE_LOOP('',(#467,#476,#482,#483));
#467 = ORIENTED_EDGE('',*,*,#468,.T.);
#468 = EDGE_CURVE('',#447,#469,#471,.T.);
#469 = VERTEX_POINT('',#470);
#470 = CARTESIAN_POINT('',(54.,39.,6.4));
#471 = CIRCLE('',#472,3.);
#472 = AXIS2_PLACEMENT_3D('',#473,#474,#475);
#473 = CARTESIAN_POINT('',(54.,36.,6.4));
#474 = DIRECTION('',(-0.,0.,1.));
#475 = DIRECTION('',(0.,-1.,0.));
#476 = ORIENTED_EDGE('',*,*,#477,.T.);
#477 = EDGE_CURVE('',#469,#120,#478,.T.);
#478 = LINE('',#479,#480);
#479 = CARTESIAN_POINT('',(54.,39.,6.4));
#480 = VECTOR('',#481,1.);
#481 = DIRECTION('',(0.,0.,1.));
#482 = ORIENTED_EDGE('',*,*,#127,.F.);
#483 = ORIENTED_EDGE('',*,*,#454,.F.);
#484 = CYLINDRICAL_SURFACE('',#485,3.);
#485 = AXIS2_PLACEMENT_3D('',#486,#487,#488);
#486 = CARTESIAN_POINT('',(54.,36.,6.4));
#487 = DIRECTION('',(0.,0.,1.));
#488 = DIRECTION('',(1.,0.,0.));
#489 = ADVANCED_FACE('',(#490),#604,.T.);
#490 = FACE_BOUND('',#491,.T.);
#491 = EDGE_LOOP('',(#492,#502,#510,#518,#526,#534,#542,#550,#558,#566,
    #572,#573,#574,#582,#590,#598));
#492 = ORIENTED_EDGE('',*,*,#493,.T.);
#493 = EDGE_CURVE('',#494,#496,#498,.T.);
#494 = VERTEX_POINT('',#495);
#495 = CARTESIAN_POINT('',(32.59,39.,1.6));
#496 = VERTEX_POINT('',#497);
#497 = CARTESIAN_POINT('',(34.61,39.,1.6));
#498 = LINE('',#499,#500);
#499 = CARTESIAN_POINT('',(31.6,39.,1.6));
#500 = VECTOR('',#501,1.);
#501 = DIRECTION('',(1.,0.,0.));
#502 = ORIENTED_EDGE('',*,*,#503,.T.);
#503 = EDGE_CURVE('',#496,#504,#506,.T.);
#504 = VERTEX_POINT('',#505);
#505 = CARTESIAN_POINT('',(34.61,39.,6.4));
#506 = LINE('',#507,#508);
#507 = CARTESIAN_POINT('',(34.61,39.,1.6));
#508 = VECTOR('',#509,1.);
#509 = DIRECTION('',(0.,0.,1.));
#510 = ORIENTED_EDGE('',*,*,#511,.F.);
#511 = EDGE_CURVE('',#512,#504,#514,.T.);
#512 = VERTEX_POINT('',#513);
#513 = CARTESIAN_POINT('',(35.6,39.,6.4));
#514 = LINE('',#515,#516);
#515 = CARTESIAN_POINT('',(15.759215686275,39.,6.4));
#516 = VECTOR('',#517,1.);
#517 = DIRECTION('',(-1.,0.,0.));
#518 = ORIENTED_EDGE('',*,*,#519,.T.);
#519 = EDGE_CURVE('',#512,#520,#522,.T.);
#520 = VERTEX_POINT('',#521);
#521 = CARTESIAN_POINT('',(41.76,39.,6.4));
#522 = LINE('',#523,#524);
#523 = CARTESIAN_POINT('',(1.,39.,6.4));
#524 = VECTOR('',#525,1.);
#525 = DIRECTION('',(1.,0.,0.));
#526 = ORIENTED_EDGE('',*,*,#527,.T.);
#527 = EDGE_CURVE('',#520,#528,#530,.T.);
#528 = VERTEX_POINT('',#529);
#529 = CARTESIAN_POINT('',(42.75,39.,6.4));
#530 = LINE('',#531,#532);
#531 = CARTESIAN_POINT('',(15.759215686275,39.,6.4));
#532 = VECTOR('',#533,1.);
#533 = DIRECTION('',(1.,0.,0.));
#534 = ORIENTED_EDGE('',*,*,#535,.F.);
#535 = EDGE_CURVE('',#536,#528,#538,.T.);
#536 = VERTEX_POINT('',#537);
#537 = CARTESIAN_POINT('',(42.75,39.,1.6));
#538 = LINE('',#539,#540);
#539 = CARTESIAN_POINT('',(42.75,39.,1.6));
#540 = VECTOR('',#541,1.);
#541 = DIRECTION('',(0.,0.,1.));
#542 = ORIENTED_EDGE('',*,*,#543,.T.);
#543 = EDGE_CURVE('',#536,#544,#546,.T.);
#544 = VERTEX_POINT('',#545);
#545 = CARTESIAN_POINT('',(44.77,39.,1.6));
#546 = LINE('',#547,#548);
#547 = CARTESIAN_POINT('',(41.76,39.,1.6));
#548 = VECTOR('',#549,1.);
#549 = DIRECTION('',(1.,0.,0.));
#550 = ORIENTED_EDGE('',*,*,#551,.T.);
#551 = EDGE_CURVE('',#544,#552,#554,.T.);
#552 = VERTEX_POINT('',#553);
#553 = CARTESIAN_POINT('',(44.77,39.,6.4));
#554 = LINE('',#555,#556);
#555 = CARTESIAN_POINT('',(44.77,39.,1.6));
#556 = VECTOR('',#557,1.);
#557 = DIRECTION('',(0.,0.,1.));
#558 = ORIENTED_EDGE('',*,*,#559,.F.);
#559 = EDGE_CURVE('',#560,#552,#562,.T.);
#560 = VERTEX_POINT('',#561);
#561 = CARTESIAN_POINT('',(45.76,39.,6.4));
#562 = LINE('',#563,#564);
#563 = CARTESIAN_POINT('',(29.380437425148,39.,6.4));
#564 = VECTOR('',#565,1.);
#565 = DIRECTION('',(-1.,0.,0.));
#566 = ORIENTED_EDGE('',*,*,#567,.T.);
#567 = EDGE_CURVE('',#560,#469,#568,.T.);
#568 = LINE('',#569,#570);
#569 = CARTESIAN_POINT('',(1.,39.,6.4));
#570 = VECTOR('',#571,1.);
#571 = DIRECTION('',(1.,0.,0.));
#572 = ORIENTED_EDGE('',*,*,#477,.T.);
#573 = ORIENTED_EDGE('',*,*,#119,.F.);
#574 = ORIENTED_EDGE('',*,*,#575,.F.);
#575 = EDGE_CURVE('',#576,#111,#578,.T.);
#576 = VERTEX_POINT('',#577);
#577 = CARTESIAN_POINT('',(4.,39.,6.4));
#578 = LINE('',#579,#580);
#579 = CARTESIAN_POINT('',(4.,39.,6.4));
#580 = VECTOR('',#581,1.);
#581 = DIRECTION('',(0.,0.,1.));
#582 = ORIENTED_EDGE('',*,*,#583,.T.);
#583 = EDGE_CURVE('',#576,#584,#586,.T.);
#584 = VERTEX_POINT('',#585);
#585 = CARTESIAN_POINT('',(31.6,39.,6.4));
#586 = LINE('',#587,#588);
#587 = CARTESIAN_POINT('',(1.,39.,6.4));
#588 = VECTOR('',#589,1.);
#589 = DIRECTION('',(1.,0.,0.));
#590 = ORIENTED_EDGE('',*,*,#591,.T.);
#591 = EDGE_CURVE('',#584,#592,#594,.T.);
#592 = VERTEX_POINT('',#593);
#593 = CARTESIAN_POINT('',(32.59,39.,6.4));
#594 = LINE('',#595,#596);
#595 = CARTESIAN_POINT('',(29.380437425148,39.,6.4));
#596 = VECTOR('',#597,1.);
#597 = DIRECTION('',(1.,0.,0.));
#598 = ORIENTED_EDGE('',*,*,#599,.F.);
#599 = EDGE_CURVE('',#494,#592,#600,.T.);
#600 = LINE('',#601,#602);
#601 = CARTESIAN_POINT('',(32.59,39.,1.6));
#602 = VECTOR('',#603,1.);
#603 = DIRECTION('',(0.,0.,1.));
#604 = PLANE('',#605);
#605 = AXIS2_PLACEMENT_3D('',#606,#607,#608);
#606 = CARTESIAN_POINT('',(30.518431372549,39.,6.38431372549));
#607 = DIRECTION('',(-0.,-1.,-0.));
#608 = DIRECTION('',(0.,0.,-1.));
#609 = ADVANCED_FACE('',(#610),#629,.F.);
#610 = FACE_BOUND('',#611,.T.);
#611 = EDGE_LOOP('',(#612,#621,#622,#623));
#612 = ORIENTED_EDGE('',*,*,#613,.T.);
#613 = EDGE_CURVE('',#614,#576,#616,.T.);
#614 = VERTEX_POINT('',#615);
#615 = CARTESIAN_POINT('',(1.,36.,6.4));
#616 = CIRCLE('',#617,3.);
#617 = AXIS2_PLACEMENT_3D('',#618,#619,#620);
#618 = CARTESIAN_POINT('',(4.,36.,6.4));
#619 = DIRECTION('',(-0.,-0.,-1.));
#620 = DIRECTION('',(0.,-1.,0.));
#621 = ORIENTED_EDGE('',*,*,#575,.T.);
#622 = ORIENTED_EDGE('',*,*,#110,.F.);
#623 = ORIENTED_EDGE('',*,*,#624,.F.);
#624 = EDGE_CURVE('',#614,#103,#625,.T.);
#625 = LINE('',#626,#627);
#626 = CARTESIAN_POINT('',(1.,36.,6.4));
#627 = VECTOR('',#628,1.);
#628 = DIRECTION('',(0.,0.,1.));
#629 = CYLINDRICAL_SURFACE('',#630,3.);
#630 = AXIS2_PLACEMENT_3D('',#631,#632,#633);
#631 = CARTESIAN_POINT('',(4.,36.,6.4));
#632 = DIRECTION('',(0.,0.,1.));
#633 = DIRECTION('',(-1.,0.,0.));
#634 = ADVANCED_FACE('',(#635),#646,.T.);
#635 = FACE_BOUND('',#636,.T.);
#636 = EDGE_LOOP('',(#637,#638,#639,#645));
#637 = ORIENTED_EDGE('',*,*,#102,.F.);
#638 = ORIENTED_EDGE('',*,*,#381,.F.);
#639 = ORIENTED_EDGE('',*,*,#640,.T.);
#640 = EDGE_CURVE('',#364,#614,#641,.T.);
#641 = LINE('',#642,#643);
#642 = CARTESIAN_POINT('',(1.,1.,6.4));
#643 = VECTOR('',#644,1.);
#644 = DIRECTION('',(0.,1.,0.));
#645 = ORIENTED_EDGE('',*,*,#624,.T.);
#646 = PLANE('',#647);
#647 = AXIS2_PLACEMENT_3D('',#648,#649,#650);
#648 = CARTESIAN_POINT('',(1.,1.,6.4));
#649 = DIRECTION('',(1.,0.,0.));
#650 = DIRECTION('',(0.,0.,1.));
#651 = ADVANCED_FACE('',(#652),#662,.F.);
#652 = FACE_BOUND('',#653,.F.);
#653 = EDGE_LOOP('',(#654,#655,#656,#657,#658,#659,#660,#661));
#654 = ORIENTED_EDGE('',*,*,#176,.F.);
#655 = ORIENTED_EDGE('',*,*,#198,.T.);
#656 = ORIENTED_EDGE('',*,*,#248,.T.);
#657 = ORIENTED_EDGE('',*,*,#296,.T.);
#658 = ORIENTED_EDGE('',*,*,#348,.T.);
#659 = ORIENTED_EDGE('',*,*,#321,.F.);
#660 = ORIENTED_EDGE('',*,*,#272,.F.);
#661 = ORIENTED_EDGE('',*,*,#223,.F.);
#662 = PLANE('',#663);
#663 = AXIS2_PLACEMENT_3D('',#664,#665,#666);
#664 = CARTESIAN_POINT('',(0.,0.,0.));
#665 = DIRECTION('',(0.,0.,1.));
#666 = DIRECTION('',(1.,0.,0.));
#667 = ADVANCED_FACE('',(#668,#853,#864,#875,#886),#897,.T.);
#668 = FACE_BOUND('',#669,.T.);
#669 = EDGE_LOOP('',(#670,#680,#688,#696,#705,#713,#721,#729,#736,#737,
    #738,#739,#740,#741,#742,#743,#744,#745,#746,#747,#756,#764,#772,
    #780,#789,#797,#805,#813,#822,#830,#838,#846));
#670 = ORIENTED_EDGE('',*,*,#671,.F.);
#671 = EDGE_CURVE('',#672,#674,#676,.T.);
#672 = VERTEX_POINT('',#673);
#673 = CARTESIAN_POINT('',(2.,8.,6.4));
#674 = VERTEX_POINT('',#675);
#675 = CARTESIAN_POINT('',(6.51,8.,6.4));
#676 = LINE('',#677,#678);
#677 = CARTESIAN_POINT('',(2.,8.,6.4));
#678 = VECTOR('',#679,1.);
#679 = DIRECTION('',(1.,0.,0.));
#680 = ORIENTED_EDGE('',*,*,#681,.T.);
#681 = EDGE_CURVE('',#672,#682,#684,.T.);
#682 = VERTEX_POINT('',#683);
#683 = CARTESIAN_POINT('',(2.,32.,6.4));
#684 = LINE('',#685,#686);
#685 = CARTESIAN_POINT('',(2.,2.,6.4));
#686 = VECTOR('',#687,1.);
#687 = DIRECTION('',(0.,1.,0.));
#688 = ORIENTED_EDGE('',*,*,#689,.T.);
#689 = EDGE_CURVE('',#682,#690,#692,.T.);
#690 = VERTEX_POINT('',#691);
#691 = CARTESIAN_POINT('',(6.51,32.,6.4));
#692 = LINE('',#693,#694);
#693 = CARTESIAN_POINT('',(2.,32.,6.4));
#694 = VECTOR('',#695,1.);
#695 = DIRECTION('',(1.,0.,0.));
#696 = ORIENTED_EDGE('',*,*,#697,.F.);
#697 = EDGE_CURVE('',#698,#690,#700,.T.);
#698 = VERTEX_POINT('',#699);
#699 = CARTESIAN_POINT('',(7.5,32.99,6.4));
#700 = CIRCLE('',#701,0.99);
#701 = AXIS2_PLACEMENT_3D('',#702,#703,#704);
#702 = CARTESIAN_POINT('',(6.51,32.99,6.4));
#703 = DIRECTION('',(-0.,-0.,-1.));
#704 = DIRECTION('',(0.,-1.,0.));
#705 = ORIENTED_EDGE('',*,*,#706,.T.);
#706 = EDGE_CURVE('',#698,#707,#709,.T.);
#707 = VERTEX_POINT('',#708);
#708 = CARTESIAN_POINT('',(7.5,38.,6.4));
#709 = LINE('',#710,#711);
#710 = CARTESIAN_POINT('',(7.5,32.,6.4));
#711 = VECTOR('',#712,1.);
#712 = DIRECTION('',(0.,1.,0.));
#713 = ORIENTED_EDGE('',*,*,#714,.T.);
#714 = EDGE_CURVE('',#707,#715,#717,.T.);
#715 = VERTEX_POINT('',#716);
#716 = CARTESIAN_POINT('',(31.6,38.,6.4));
#717 = LINE('',#718,#719);
#718 = CARTESIAN_POINT('',(2.,38.,6.4));
#719 = VECTOR('',#720,1.);
#720 = DIRECTION('',(1.,0.,0.));
#721 = ORIENTED_EDGE('',*,*,#722,.T.);
#722 = EDGE_CURVE('',#715,#723,#725,.T.);
#723 = VERTEX_POINT('',#724);
#724 = CARTESIAN_POINT('',(31.6,38.01,6.4));
#725 = LINE('',#726,#727);
#726 = CARTESIAN_POINT('',(31.6,38.,6.4));
#727 = VECTOR('',#728,1.);
#728 = DIRECTION('',(0.,1.,0.));
#729 = ORIENTED_EDGE('',*,*,#730,.T.);
#730 = EDGE_CURVE('',#723,#592,#731,.T.);
#731 = CIRCLE('',#732,0.99);
#732 = AXIS2_PLACEMENT_3D('',#733,#734,#735);
#733 = CARTESIAN_POINT('',(32.59,38.01,6.4));
#734 = DIRECTION('',(-0.,-0.,-1.));
#735 = DIRECTION('',(0.,-1.,0.));
#736 = ORIENTED_EDGE('',*,*,#591,.F.);
#737 = ORIENTED_EDGE('',*,*,#583,.F.);
#738 = ORIENTED_EDGE('',*,*,#613,.F.);
#739 = ORIENTED_EDGE('',*,*,#640,.F.);
#740 = ORIENTED_EDGE('',*,*,#363,.T.);
#741 = ORIENTED_EDGE('',*,*,#395,.T.);
#742 = ORIENTED_EDGE('',*,*,#419,.F.);
#743 = ORIENTED_EDGE('',*,*,#446,.T.);
#744 = ORIENTED_EDGE('',*,*,#468,.T.);
#745 = ORIENTED_EDGE('',*,*,#567,.F.);
#746 = ORIENTED_EDGE('',*,*,#559,.T.);
#747 = ORIENTED_EDGE('',*,*,#748,.T.);
#748 = EDGE_CURVE('',#552,#749,#751,.T.);
#749 = VERTEX_POINT('',#750);
#750 = CARTESIAN_POINT('',(45.76,38.01,6.4));
#751 = CIRCLE('',#752,0.99);
#752 = AXIS2_PLACEMENT_3D('',#753,#754,#755);
#753 = CARTESIAN_POINT('',(44.77,38.01,6.4));
#754 = DIRECTION('',(-0.,-0.,-1.));
#755 = DIRECTION('',(0.,-1.,0.));
#756 = ORIENTED_EDGE('',*,*,#757,.F.);
#757 = EDGE_CURVE('',#758,#749,#760,.T.);
#758 = VERTEX_POINT('',#759);
#759 = CARTESIAN_POINT('',(45.76,38.,6.4));
#760 = LINE('',#761,#762);
#761 = CARTESIAN_POINT('',(45.76,38.,6.4));
#762 = VECTOR('',#763,1.);
#763 = DIRECTION('',(0.,1.,0.));
#764 = ORIENTED_EDGE('',*,*,#765,.T.);
#765 = EDGE_CURVE('',#758,#766,#768,.T.);
#766 = VERTEX_POINT('',#767);
#767 = CARTESIAN_POINT('',(50.5,38.,6.4));
#768 = LINE('',#769,#770);
#769 = CARTESIAN_POINT('',(2.,38.,6.4));
#770 = VECTOR('',#771,1.);
#771 = DIRECTION('',(1.,0.,0.));
#772 = ORIENTED_EDGE('',*,*,#773,.F.);
#773 = EDGE_CURVE('',#774,#766,#776,.T.);
#774 = VERTEX_POINT('',#775);
#775 = CARTESIAN_POINT('',(50.5,32.99,6.4));
#776 = LINE('',#777,#778);
#777 = CARTESIAN_POINT('',(50.5,32.,6.4));
#778 = VECTOR('',#779,1.);
#779 = DIRECTION('',(0.,1.,0.));
#780 = ORIENTED_EDGE('',*,*,#781,.T.);
#781 = EDGE_CURVE('',#774,#782,#784,.T.);
#782 = VERTEX_POINT('',#783);
#783 = CARTESIAN_POINT('',(51.49,32.,6.4));
#784 = CIRCLE('',#785,0.99);
#785 = AXIS2_PLACEMENT_3D('',#786,#787,#788);
#786 = CARTESIAN_POINT('',(51.49,32.99,6.4));
#787 = DIRECTION('',(-0.,0.,1.));
#788 = DIRECTION('',(0.,-1.,0.));
#789 = ORIENTED_EDGE('',*,*,#790,.T.);
#790 = EDGE_CURVE('',#782,#791,#793,.T.);
#791 = VERTEX_POINT('',#792);
#792 = CARTESIAN_POINT('',(56.,32.,6.4));
#793 = LINE('',#794,#795);
#794 = CARTESIAN_POINT('',(50.5,32.,6.4));
#795 = VECTOR('',#796,1.);
#796 = DIRECTION('',(1.,0.,0.));
#797 = ORIENTED_EDGE('',*,*,#798,.F.);
#798 = EDGE_CURVE('',#799,#791,#801,.T.);
#799 = VERTEX_POINT('',#800);
#800 = CARTESIAN_POINT('',(56.,8.,6.4));
#801 = LINE('',#802,#803);
#802 = CARTESIAN_POINT('',(56.,2.,6.4));
#803 = VECTOR('',#804,1.);
#804 = DIRECTION('',(0.,1.,0.));
#805 = ORIENTED_EDGE('',*,*,#806,.F.);
#806 = EDGE_CURVE('',#807,#799,#809,.T.);
#807 = VERTEX_POINT('',#808);
#808 = CARTESIAN_POINT('',(51.49,8.,6.4));
#809 = LINE('',#810,#811);
#810 = CARTESIAN_POINT('',(50.5,8.,6.4));
#811 = VECTOR('',#812,1.);
#812 = DIRECTION('',(1.,0.,0.));
#813 = ORIENTED_EDGE('',*,*,#814,.T.);
#814 = EDGE_CURVE('',#807,#815,#817,.T.);
#815 = VERTEX_POINT('',#816);
#816 = CARTESIAN_POINT('',(50.5,7.01,6.4));
#817 = CIRCLE('',#818,0.99);
#818 = AXIS2_PLACEMENT_3D('',#819,#820,#821);
#819 = CARTESIAN_POINT('',(51.49,7.01,6.4));
#820 = DIRECTION('',(-0.,0.,1.));
#821 = DIRECTION('',(0.,-1.,0.));
#822 = ORIENTED_EDGE('',*,*,#823,.T.);
#823 = EDGE_CURVE('',#815,#824,#826,.T.);
#824 = VERTEX_POINT('',#825);
#825 = CARTESIAN_POINT('',(50.5,2.,6.4));
#826 = LINE('',#827,#828);
#827 = CARTESIAN_POINT('',(50.5,7.5,6.4));
#828 = VECTOR('',#829,1.);
#829 = DIRECTION('',(-1.224646799147E-16,-1.,0.));
#830 = ORIENTED_EDGE('',*,*,#831,.F.);
#831 = EDGE_CURVE('',#832,#824,#834,.T.);
#832 = VERTEX_POINT('',#833);
#833 = CARTESIAN_POINT('',(7.5,2.,6.4));
#834 = LINE('',#835,#836);
#835 = CARTESIAN_POINT('',(2.,2.,6.4));
#836 = VECTOR('',#837,1.);
#837 = DIRECTION('',(1.,0.,0.));
#838 = ORIENTED_EDGE('',*,*,#839,.T.);
#839 = EDGE_CURVE('',#832,#840,#842,.T.);
#840 = VERTEX_POINT('',#841);
#841 = CARTESIAN_POINT('',(7.5,7.01,6.4));
#842 = LINE('',#843,#844);
#843 = CARTESIAN_POINT('',(7.5,0.5,6.4));
#844 = VECTOR('',#845,1.);
#845 = DIRECTION('',(0.,1.,0.));
#846 = ORIENTED_EDGE('',*,*,#847,.F.);
#847 = EDGE_CURVE('',#674,#840,#848,.T.);
#848 = CIRCLE('',#849,0.99);
#849 = AXIS2_PLACEMENT_3D('',#850,#851,#852);
#850 = CARTESIAN_POINT('',(6.51,7.01,6.4));
#851 = DIRECTION('',(-0.,-0.,-1.));
#852 = DIRECTION('',(0.,-1.,0.));
#853 = FACE_BOUND('',#854,.T.);
#854 = EDGE_LOOP('',(#855));
#855 = ORIENTED_EDGE('',*,*,#856,.F.);
#856 = EDGE_CURVE('',#857,#857,#859,.T.);
#857 = VERTEX_POINT('',#858);
#858 = CARTESIAN_POINT('',(52.65,36.,6.4));
#859 = CIRCLE('',#860,1.35);
#860 = AXIS2_PLACEMENT_3D('',#861,#862,#863);
#861 = CARTESIAN_POINT('',(54.,36.,6.4));
#862 = DIRECTION('',(0.,0.,1.));
#863 = DIRECTION('',(-1.,1.224646799147E-16,0.));
#864 = FACE_BOUND('',#865,.T.);
#865 = EDGE_LOOP('',(#866));
#866 = ORIENTED_EDGE('',*,*,#867,.F.);
#867 = EDGE_CURVE('',#868,#868,#870,.T.);
#868 = VERTEX_POINT('',#869);
#869 = CARTESIAN_POINT('',(5.35,36.,6.4));
#870 = CIRCLE('',#871,1.35);
#871 = AXIS2_PLACEMENT_3D('',#872,#873,#874);
#872 = CARTESIAN_POINT('',(4.,36.,6.4));
#873 = DIRECTION('',(0.,0.,1.));
#874 = DIRECTION('',(1.,0.,0.));
#875 = FACE_BOUND('',#876,.T.);
#876 = EDGE_LOOP('',(#877));
#877 = ORIENTED_EDGE('',*,*,#878,.F.);
#878 = EDGE_CURVE('',#879,#879,#881,.T.);
#879 = VERTEX_POINT('',#880);
#880 = CARTESIAN_POINT('',(52.65,4.,6.4));
#881 = CIRCLE('',#882,1.35);
#882 = AXIS2_PLACEMENT_3D('',#883,#884,#885);
#883 = CARTESIAN_POINT('',(54.,4.,6.4));
#884 = DIRECTION('',(0.,0.,1.));
#885 = DIRECTION('',(-1.,1.224646799147E-16,0.));
#886 = FACE_BOUND('',#887,.T.);
#887 = EDGE_LOOP('',(#888));
#888 = ORIENTED_EDGE('',*,*,#889,.F.);
#889 = EDGE_CURVE('',#890,#890,#892,.T.);
#890 = VERTEX_POINT('',#891);
#891 = CARTESIAN_POINT('',(5.35,4.,6.4));
#892 = CIRCLE('',#893,1.35);
#893 = AXIS2_PLACEMENT_3D('',#894,#895,#896);
#894 = CARTESIAN_POINT('',(4.,4.,6.4));
#895 = DIRECTION('',(0.,0.,1.));
#896 = DIRECTION('',(1.,0.,0.));
#897 = PLANE('',#898);
#898 = AXIS2_PLACEMENT_3D('',#899,#900,#901);
#899 = CARTESIAN_POINT('',(28.242443477746,18.552190530817,6.4));
#900 = DIRECTION('',(0.,0.,1.));
#901 = DIRECTION('',(1.,0.,0.));
#902 = ADVANCED_FACE('',(#903),#1119,.T.);
#903 = FACE_BOUND('',#904,.T.);
#904 = EDGE_LOOP('',(#905,#915,#923,#931,#940,#948,#956,#964,#973,#981,
    #989,#997,#1006,#1014,#1022,#1030,#1039,#1047,#1055,#1063,#1070,
    #1071,#1080,#1088,#1096,#1104,#1111,#1112));
#905 = ORIENTED_EDGE('',*,*,#906,.F.);
#906 = EDGE_CURVE('',#907,#909,#911,.T.);
#907 = VERTEX_POINT('',#908);
#908 = CARTESIAN_POINT('',(31.6,38.,1.6));
#909 = VERTEX_POINT('',#910);
#910 = CARTESIAN_POINT('',(31.6,38.01,1.6));
#911 = LINE('',#912,#913);
#912 = CARTESIAN_POINT('',(31.6,38.,1.6));
#913 = VECTOR('',#914,1.);
#914 = DIRECTION('',(0.,1.,0.));
#915 = ORIENTED_EDGE('',*,*,#916,.F.);
#916 = EDGE_CURVE('',#917,#907,#919,.T.);
#917 = VERTEX_POINT('',#918);
#918 = CARTESIAN_POINT('',(7.5,38.,1.6));
#919 = LINE('',#920,#921);
#920 = CARTESIAN_POINT('',(2.,38.,1.6));
#921 = VECTOR('',#922,1.);
#922 = DIRECTION('',(1.,0.,0.));
#923 = ORIENTED_EDGE('',*,*,#924,.F.);
#924 = EDGE_CURVE('',#925,#917,#927,.T.);
#925 = VERTEX_POINT('',#926);
#926 = CARTESIAN_POINT('',(7.5,32.99,1.6));
#927 = LINE('',#928,#929);
#928 = CARTESIAN_POINT('',(7.5,32.5,1.6));
#929 = VECTOR('',#930,1.);
#930 = DIRECTION('',(0.,1.,0.));
#931 = ORIENTED_EDGE('',*,*,#932,.T.);
#932 = EDGE_CURVE('',#925,#933,#935,.T.);
#933 = VERTEX_POINT('',#934);
#934 = CARTESIAN_POINT('',(6.51,32.,1.6));
#935 = CIRCLE('',#936,0.99);
#936 = AXIS2_PLACEMENT_3D('',#937,#938,#939);
#937 = CARTESIAN_POINT('',(6.51,32.99,1.6));
#938 = DIRECTION('',(-0.,-0.,-1.));
#939 = DIRECTION('',(0.,-1.,0.));
#940 = ORIENTED_EDGE('',*,*,#941,.F.);
#941 = EDGE_CURVE('',#942,#933,#944,.T.);
#942 = VERTEX_POINT('',#943);
#943 = CARTESIAN_POINT('',(2.,32.,1.6));
#944 = LINE('',#945,#946);
#945 = CARTESIAN_POINT('',(2.,32.,1.6));
#946 = VECTOR('',#947,1.);
#947 = DIRECTION('',(1.,0.,0.));
#948 = ORIENTED_EDGE('',*,*,#949,.F.);
#949 = EDGE_CURVE('',#950,#942,#952,.T.);
#950 = VERTEX_POINT('',#951);
#951 = CARTESIAN_POINT('',(2.,8.,1.6));
#952 = LINE('',#953,#954);
#953 = CARTESIAN_POINT('',(2.,2.,1.6));
#954 = VECTOR('',#955,1.);
#955 = DIRECTION('',(0.,1.,0.));
#956 = ORIENTED_EDGE('',*,*,#957,.T.);
#957 = EDGE_CURVE('',#950,#958,#960,.T.);
#958 = VERTEX_POINT('',#959);
#959 = CARTESIAN_POINT('',(6.51,8.,1.6));
#960 = LINE('',#961,#962);
#961 = CARTESIAN_POINT('',(2.,8.,1.6));
#962 = VECTOR('',#963,1.);
#963 = DIRECTION('',(1.,0.,0.));
#964 = ORIENTED_EDGE('',*,*,#965,.T.);
#965 = EDGE_CURVE('',#958,#966,#968,.T.);
#966 = VERTEX_POINT('',#967);
#967 = CARTESIAN_POINT('',(7.5,7.01,1.6));
#968 = CIRCLE('',#969,0.99);
#969 = AXIS2_PLACEMENT_3D('',#970,#971,#972);
#970 = CARTESIAN_POINT('',(6.51,7.01,1.6));
#971 = DIRECTION('',(-0.,-0.,-1.));
#972 = DIRECTION('',(0.,-1.,0.));
#973 = ORIENTED_EDGE('',*,*,#974,.F.);
#974 = EDGE_CURVE('',#975,#966,#977,.T.);
#975 = VERTEX_POINT('',#976);
#976 = CARTESIAN_POINT('',(7.5,2.,1.6));
#977 = LINE('',#978,#979);
#978 = CARTESIAN_POINT('',(7.5,7.5,1.6));
#979 = VECTOR('',#980,1.);
#980 = DIRECTION('',(0.,1.,0.));
#981 = ORIENTED_EDGE('',*,*,#982,.T.);
#982 = EDGE_CURVE('',#975,#983,#985,.T.);
#983 = VERTEX_POINT('',#984);
#984 = CARTESIAN_POINT('',(50.5,2.,1.6));
#985 = LINE('',#986,#987);
#986 = CARTESIAN_POINT('',(2.,2.,1.6));
#987 = VECTOR('',#988,1.);
#988 = DIRECTION('',(1.,0.,0.));
#989 = ORIENTED_EDGE('',*,*,#990,.T.);
#990 = EDGE_CURVE('',#983,#991,#993,.T.);
#991 = VERTEX_POINT('',#992);
#992 = CARTESIAN_POINT('',(50.5,7.01,1.6));
#993 = LINE('',#994,#995);
#994 = CARTESIAN_POINT('',(50.5,7.5,1.6));
#995 = VECTOR('',#996,1.);
#996 = DIRECTION('',(0.,1.,0.));
#997 = ORIENTED_EDGE('',*,*,#998,.F.);
#998 = EDGE_CURVE('',#999,#991,#1001,.T.);
#999 = VERTEX_POINT('',#1000);
#1000 = CARTESIAN_POINT('',(51.49,8.,1.6));
#1001 = CIRCLE('',#1002,0.99);
#1002 = AXIS2_PLACEMENT_3D('',#1003,#1004,#1005);
#1003 = CARTESIAN_POINT('',(51.49,7.01,1.6));
#1004 = DIRECTION('',(-0.,0.,1.));
#1005 = DIRECTION('',(0.,-1.,0.));
#1006 = ORIENTED_EDGE('',*,*,#1007,.T.);
#1007 = EDGE_CURVE('',#999,#1008,#1010,.T.);
#1008 = VERTEX_POINT('',#1009);
#1009 = CARTESIAN_POINT('',(56.,8.,1.6));
#1010 = LINE('',#1011,#1012);
#1011 = CARTESIAN_POINT('',(50.5,8.,1.6));
#1012 = VECTOR('',#1013,1.);
#1013 = DIRECTION('',(1.,0.,0.));
#1014 = ORIENTED_EDGE('',*,*,#1015,.T.);
#1015 = EDGE_CURVE('',#1008,#1016,#1018,.T.);
#1016 = VERTEX_POINT('',#1017);
#1017 = CARTESIAN_POINT('',(56.,32.,1.6));
#1018 = LINE('',#1019,#1020);
#1019 = CARTESIAN_POINT('',(56.,2.,1.6));
#1020 = VECTOR('',#1021,1.);
#1021 = DIRECTION('',(0.,1.,0.));
#1022 = ORIENTED_EDGE('',*,*,#1023,.F.);
#1023 = EDGE_CURVE('',#1024,#1016,#1026,.T.);
#1024 = VERTEX_POINT('',#1025);
#1025 = CARTESIAN_POINT('',(51.49,32.,1.6));
#1026 = LINE('',#1027,#1028);
#1027 = CARTESIAN_POINT('',(50.5,32.,1.6));
#1028 = VECTOR('',#1029,1.);
#1029 = DIRECTION('',(1.,0.,0.));
#1030 = ORIENTED_EDGE('',*,*,#1031,.F.);
#1031 = EDGE_CURVE('',#1032,#1024,#1034,.T.);
#1032 = VERTEX_POINT('',#1033);
#1033 = CARTESIAN_POINT('',(50.5,32.99,1.6));
#1034 = CIRCLE('',#1035,0.99);
#1035 = AXIS2_PLACEMENT_3D('',#1036,#1037,#1038);
#1036 = CARTESIAN_POINT('',(51.49,32.99,1.6));
#1037 = DIRECTION('',(-0.,0.,1.));
#1038 = DIRECTION('',(0.,-1.,0.));
#1039 = ORIENTED_EDGE('',*,*,#1040,.F.);
#1040 = EDGE_CURVE('',#1041,#1032,#1043,.T.);
#1041 = VERTEX_POINT('',#1042);
#1042 = CARTESIAN_POINT('',(50.5,38.,1.6));
#1043 = LINE('',#1044,#1045);
#1044 = CARTESIAN_POINT('',(50.5,39.5,1.6));
#1045 = VECTOR('',#1046,1.);
#1046 = DIRECTION('',(-1.224646799147E-16,-1.,0.));
#1047 = ORIENTED_EDGE('',*,*,#1048,.F.);
#1048 = EDGE_CURVE('',#1049,#1041,#1051,.T.);
#1049 = VERTEX_POINT('',#1050);
#1050 = CARTESIAN_POINT('',(45.76,38.,1.6));
#1051 = LINE('',#1052,#1053);
#1052 = CARTESIAN_POINT('',(2.,38.,1.6));
#1053 = VECTOR('',#1054,1.);
#1054 = DIRECTION('',(1.,0.,0.));
#1055 = ORIENTED_EDGE('',*,*,#1056,.T.);
#1056 = EDGE_CURVE('',#1049,#1057,#1059,.T.);
#1057 = VERTEX_POINT('',#1058);
#1058 = CARTESIAN_POINT('',(45.76,38.01,1.6));
#1059 = LINE('',#1060,#1061);
#1060 = CARTESIAN_POINT('',(45.76,38.,1.6));
#1061 = VECTOR('',#1062,1.);
#1062 = DIRECTION('',(0.,1.,0.));
#1063 = ORIENTED_EDGE('',*,*,#1064,.F.);
#1064 = EDGE_CURVE('',#544,#1057,#1065,.T.);
#1065 = CIRCLE('',#1066,0.99);
#1066 = AXIS2_PLACEMENT_3D('',#1067,#1068,#1069);
#1067 = CARTESIAN_POINT('',(44.77,38.01,1.6));
#1068 = DIRECTION('',(-0.,-0.,-1.));
#1069 = DIRECTION('',(0.,-1.,0.));
#1070 = ORIENTED_EDGE('',*,*,#543,.F.);
#1071 = ORIENTED_EDGE('',*,*,#1072,.T.);
#1072 = EDGE_CURVE('',#536,#1073,#1075,.T.);
#1073 = VERTEX_POINT('',#1074);
#1074 = CARTESIAN_POINT('',(41.76,38.01,1.6));
#1075 = CIRCLE('',#1076,0.99);
#1076 = AXIS2_PLACEMENT_3D('',#1077,#1078,#1079);
#1077 = CARTESIAN_POINT('',(42.75,38.01,1.6));
#1078 = DIRECTION('',(-0.,0.,1.));
#1079 = DIRECTION('',(0.,-1.,0.));
#1080 = ORIENTED_EDGE('',*,*,#1081,.F.);
#1081 = EDGE_CURVE('',#1082,#1073,#1084,.T.);
#1082 = VERTEX_POINT('',#1083);
#1083 = CARTESIAN_POINT('',(41.76,38.,1.6));
#1084 = LINE('',#1085,#1086);
#1085 = CARTESIAN_POINT('',(41.76,38.,1.6));
#1086 = VECTOR('',#1087,1.);
#1087 = DIRECTION('',(0.,1.,0.));
#1088 = ORIENTED_EDGE('',*,*,#1089,.F.);
#1089 = EDGE_CURVE('',#1090,#1082,#1092,.T.);
#1090 = VERTEX_POINT('',#1091);
#1091 = CARTESIAN_POINT('',(35.6,38.,1.6));
#1092 = LINE('',#1093,#1094);
#1093 = CARTESIAN_POINT('',(2.,38.,1.6));
#1094 = VECTOR('',#1095,1.);
#1095 = DIRECTION('',(1.,0.,0.));
#1096 = ORIENTED_EDGE('',*,*,#1097,.T.);
#1097 = EDGE_CURVE('',#1090,#1098,#1100,.T.);
#1098 = VERTEX_POINT('',#1099);
#1099 = CARTESIAN_POINT('',(35.6,38.01,1.6));
#1100 = LINE('',#1101,#1102);
#1101 = CARTESIAN_POINT('',(35.6,38.,1.6));
#1102 = VECTOR('',#1103,1.);
#1103 = DIRECTION('',(0.,1.,0.));
#1104 = ORIENTED_EDGE('',*,*,#1105,.F.);
#1105 = EDGE_CURVE('',#496,#1098,#1106,.T.);
#1106 = CIRCLE('',#1107,0.99);
#1107 = AXIS2_PLACEMENT_3D('',#1108,#1109,#1110);
#1108 = CARTESIAN_POINT('',(34.61,38.01,1.6));
#1109 = DIRECTION('',(-0.,-0.,-1.));
#1110 = DIRECTION('',(0.,-1.,0.));
#1111 = ORIENTED_EDGE('',*,*,#493,.F.);
#1112 = ORIENTED_EDGE('',*,*,#1113,.F.);
#1113 = EDGE_CURVE('',#909,#494,#1114,.T.);
#1114 = CIRCLE('',#1115,0.99);
#1115 = AXIS2_PLACEMENT_3D('',#1116,#1117,#1118);
#1116 = CARTESIAN_POINT('',(32.59,38.01,1.6));
#1117 = DIRECTION('',(-0.,-0.,-1.));
#1118 = DIRECTION('',(0.,-1.,0.));
#1119 = PLANE('',#1120);
#1120 = AXIS2_PLACEMENT_3D('',#1121,#1122,#1123);
#1121 = CARTESIAN_POINT('',(29.186153846154,20.394230769231,1.6));
#1122 = DIRECTION('',(0.,0.,1.));
#1123 = DIRECTION('',(1.,0.,0.));
#1124 = ADVANCED_FACE('',(#1125),#1136,.F.);
#1125 = FACE_BOUND('',#1126,.T.);
#1126 = EDGE_LOOP('',(#1127,#1128,#1129,#1130));
#1127 = ORIENTED_EDGE('',*,*,#1113,.T.);
#1128 = ORIENTED_EDGE('',*,*,#599,.T.);
#1129 = ORIENTED_EDGE('',*,*,#730,.F.);
#1130 = ORIENTED_EDGE('',*,*,#1131,.F.);
#1131 = EDGE_CURVE('',#909,#723,#1132,.T.);
#1132 = LINE('',#1133,#1134);
#1133 = CARTESIAN_POINT('',(31.6,38.01,1.6));
#1134 = VECTOR('',#1135,1.);
#1135 = DIRECTION('',(0.,0.,1.));
#1136 = CYLINDRICAL_SURFACE('',#1137,0.99);
#1137 = AXIS2_PLACEMENT_3D('',#1138,#1139,#1140);
#1138 = CARTESIAN_POINT('',(32.59,38.01,1.6));
#1139 = DIRECTION('',(0.,0.,1.));
#1140 = DIRECTION('',(-1.,0.,0.));
#1141 = ADVANCED_FACE('',(#1142),#1161,.F.);
#1142 = FACE_BOUND('',#1143,.T.);
#1143 = EDGE_LOOP('',(#1144,#1145,#1153,#1160));
#1144 = ORIENTED_EDGE('',*,*,#1105,.T.);
#1145 = ORIENTED_EDGE('',*,*,#1146,.T.);
#1146 = EDGE_CURVE('',#1098,#1147,#1149,.T.);
#1147 = VERTEX_POINT('',#1148);
#1148 = CARTESIAN_POINT('',(35.6,38.01,6.4));
#1149 = LINE('',#1150,#1151);
#1150 = CARTESIAN_POINT('',(35.6,38.01,1.6));
#1151 = VECTOR('',#1152,1.);
#1152 = DIRECTION('',(0.,0.,1.));
#1153 = ORIENTED_EDGE('',*,*,#1154,.F.);
#1154 = EDGE_CURVE('',#504,#1147,#1155,.T.);
#1155 = CIRCLE('',#1156,0.99);
#1156 = AXIS2_PLACEMENT_3D('',#1157,#1158,#1159);
#1157 = CARTESIAN_POINT('',(34.61,38.01,6.4));
#1158 = DIRECTION('',(-0.,-0.,-1.));
#1159 = DIRECTION('',(0.,-1.,0.));
#1160 = ORIENTED_EDGE('',*,*,#503,.F.);
#1161 = CYLINDRICAL_SURFACE('',#1162,0.99);
#1162 = AXIS2_PLACEMENT_3D('',#1163,#1164,#1165);
#1163 = CARTESIAN_POINT('',(34.61,38.01,1.6));
#1164 = DIRECTION('',(0.,0.,1.));
#1165 = DIRECTION('',(0.,1.,0.));
#1166 = ADVANCED_FACE('',(#1167),#1204,.T.);
#1167 = FACE_BOUND('',#1168,.T.);
#1168 = EDGE_LOOP('',(#1169,#1179,#1186,#1187,#1188,#1189,#1190,#1198));
#1169 = ORIENTED_EDGE('',*,*,#1170,.T.);
#1170 = EDGE_CURVE('',#1171,#1173,#1175,.T.);
#1171 = VERTEX_POINT('',#1172);
#1172 = CARTESIAN_POINT('',(41.76,38.,6.4));
#1173 = VERTEX_POINT('',#1174);
#1174 = CARTESIAN_POINT('',(41.76,38.01,6.4));
#1175 = LINE('',#1176,#1177);
#1176 = CARTESIAN_POINT('',(41.76,38.,6.4));
#1177 = VECTOR('',#1178,1.);
#1178 = DIRECTION('',(0.,1.,0.));
#1179 = ORIENTED_EDGE('',*,*,#1180,.F.);
#1180 = EDGE_CURVE('',#528,#1173,#1181,.T.);
#1181 = CIRCLE('',#1182,0.99);
#1182 = AXIS2_PLACEMENT_3D('',#1183,#1184,#1185);
#1183 = CARTESIAN_POINT('',(42.75,38.01,6.4));
#1184 = DIRECTION('',(-0.,0.,1.));
#1185 = DIRECTION('',(0.,-1.,0.));
#1186 = ORIENTED_EDGE('',*,*,#527,.F.);
#1187 = ORIENTED_EDGE('',*,*,#519,.F.);
#1188 = ORIENTED_EDGE('',*,*,#511,.T.);
#1189 = ORIENTED_EDGE('',*,*,#1154,.T.);
#1190 = ORIENTED_EDGE('',*,*,#1191,.F.);
#1191 = EDGE_CURVE('',#1192,#1147,#1194,.T.);
#1192 = VERTEX_POINT('',#1193);
#1193 = CARTESIAN_POINT('',(35.6,38.,6.4));
#1194 = LINE('',#1195,#1196);
#1195 = CARTESIAN_POINT('',(35.6,38.,6.4));
#1196 = VECTOR('',#1197,1.);
#1197 = DIRECTION('',(0.,1.,0.));
#1198 = ORIENTED_EDGE('',*,*,#1199,.T.);
#1199 = EDGE_CURVE('',#1192,#1171,#1200,.T.);
#1200 = LINE('',#1201,#1202);
#1201 = CARTESIAN_POINT('',(2.,38.,6.4));
#1202 = VECTOR('',#1203,1.);
#1203 = DIRECTION('',(1.,0.,0.));
#1204 = PLANE('',#1205);
#1205 = AXIS2_PLACEMENT_3D('',#1206,#1207,#1208);
#1206 = CARTESIAN_POINT('',(1.,1.,6.4));
#1207 = DIRECTION('',(0.,0.,1.));
#1208 = DIRECTION('',(1.,0.,0.));
#1209 = ADVANCED_FACE('',(#1210),#1221,.F.);
#1210 = FACE_BOUND('',#1211,.F.);
#1211 = EDGE_LOOP('',(#1212,#1213,#1219,#1220));
#1212 = ORIENTED_EDGE('',*,*,#1072,.T.);
#1213 = ORIENTED_EDGE('',*,*,#1214,.T.);
#1214 = EDGE_CURVE('',#1073,#1173,#1215,.T.);
#1215 = LINE('',#1216,#1217);
#1216 = CARTESIAN_POINT('',(41.76,38.01,1.6));
#1217 = VECTOR('',#1218,1.);
#1218 = DIRECTION('',(0.,0.,1.));
#1219 = ORIENTED_EDGE('',*,*,#1180,.F.);
#1220 = ORIENTED_EDGE('',*,*,#535,.F.);
#1221 = CYLINDRICAL_SURFACE('',#1222,0.99);
#1222 = AXIS2_PLACEMENT_3D('',#1223,#1224,#1225);
#1223 = CARTESIAN_POINT('',(42.75,38.01,1.6));
#1224 = DIRECTION('',(0.,0.,1.));
#1225 = DIRECTION('',(0.,1.,0.));
#1226 = ADVANCED_FACE('',(#1227),#1238,.F.);
#1227 = FACE_BOUND('',#1228,.T.);
#1228 = EDGE_LOOP('',(#1229,#1230,#1236,#1237));
#1229 = ORIENTED_EDGE('',*,*,#1064,.T.);
#1230 = ORIENTED_EDGE('',*,*,#1231,.T.);
#1231 = EDGE_CURVE('',#1057,#749,#1232,.T.);
#1232 = LINE('',#1233,#1234);
#1233 = CARTESIAN_POINT('',(45.76,38.01,1.6));
#1234 = VECTOR('',#1235,1.);
#1235 = DIRECTION('',(0.,0.,1.));
#1236 = ORIENTED_EDGE('',*,*,#748,.F.);
#1237 = ORIENTED_EDGE('',*,*,#551,.F.);
#1238 = CYLINDRICAL_SURFACE('',#1239,0.99);
#1239 = AXIS2_PLACEMENT_3D('',#1240,#1241,#1242);
#1240 = CARTESIAN_POINT('',(44.77,38.01,1.6));
#1241 = DIRECTION('',(0.,0.,1.));
#1242 = DIRECTION('',(0.,1.,0.));
#1243 = ADVANCED_FACE('',(#1244),#1260,.T.);
#1244 = FACE_BOUND('',#1245,.T.);
#1245 = EDGE_LOOP('',(#1246,#1247,#1253,#1254));
#1246 = ORIENTED_EDGE('',*,*,#957,.F.);
#1247 = ORIENTED_EDGE('',*,*,#1248,.T.);
#1248 = EDGE_CURVE('',#950,#672,#1249,.T.);
#1249 = LINE('',#1250,#1251);
#1250 = CARTESIAN_POINT('',(2.,8.,1.6));
#1251 = VECTOR('',#1252,1.);
#1252 = DIRECTION('',(0.,0.,1.));
#1253 = ORIENTED_EDGE('',*,*,#671,.T.);
#1254 = ORIENTED_EDGE('',*,*,#1255,.F.);
#1255 = EDGE_CURVE('',#958,#674,#1256,.T.);
#1256 = LINE('',#1257,#1258);
#1257 = CARTESIAN_POINT('',(6.51,8.,1.6));
#1258 = VECTOR('',#1259,1.);
#1259 = DIRECTION('',(0.,0.,1.));
#1260 = PLANE('',#1261);
#1261 = AXIS2_PLACEMENT_3D('',#1262,#1263,#1264);
#1262 = CARTESIAN_POINT('',(2.,8.,1.6));
#1263 = DIRECTION('',(0.,1.,0.));
#1264 = DIRECTION('',(0.,0.,1.));
#1265 = ADVANCED_FACE('',(#1266),#1277,.T.);
#1266 = FACE_BOUND('',#1267,.F.);
#1267 = EDGE_LOOP('',(#1268,#1269,#1275,#1276));
#1268 = ORIENTED_EDGE('',*,*,#965,.T.);
#1269 = ORIENTED_EDGE('',*,*,#1270,.T.);
#1270 = EDGE_CURVE('',#966,#840,#1271,.T.);
#1271 = LINE('',#1272,#1273);
#1272 = CARTESIAN_POINT('',(7.5,7.01,1.6));
#1273 = VECTOR('',#1274,1.);
#1274 = DIRECTION('',(0.,0.,1.));
#1275 = ORIENTED_EDGE('',*,*,#847,.F.);
#1276 = ORIENTED_EDGE('',*,*,#1255,.F.);
#1277 = CYLINDRICAL_SURFACE('',#1278,0.99);
#1278 = AXIS2_PLACEMENT_3D('',#1279,#1280,#1281);
#1279 = CARTESIAN_POINT('',(6.51,7.01,1.6));
#1280 = DIRECTION('',(0.,0.,1.));
#1281 = DIRECTION('',(0.,1.,0.));
#1282 = ADVANCED_FACE('',(#1283),#1294,.T.);
#1283 = FACE_BOUND('',#1284,.T.);
#1284 = EDGE_LOOP('',(#1285,#1286,#1287,#1293));
#1285 = ORIENTED_EDGE('',*,*,#1248,.F.);
#1286 = ORIENTED_EDGE('',*,*,#949,.T.);
#1287 = ORIENTED_EDGE('',*,*,#1288,.T.);
#1288 = EDGE_CURVE('',#942,#682,#1289,.T.);
#1289 = LINE('',#1290,#1291);
#1290 = CARTESIAN_POINT('',(2.,32.,1.6));
#1291 = VECTOR('',#1292,1.);
#1292 = DIRECTION('',(0.,0.,1.));
#1293 = ORIENTED_EDGE('',*,*,#681,.F.);
#1294 = PLANE('',#1295);
#1295 = AXIS2_PLACEMENT_3D('',#1296,#1297,#1298);
#1296 = CARTESIAN_POINT('',(2.,2.,1.6));
#1297 = DIRECTION('',(1.,0.,0.));
#1298 = DIRECTION('',(0.,0.,1.));
#1299 = ADVANCED_FACE('',(#1300),#1343,.T.);
#1300 = FACE_BOUND('',#1301,.T.);
#1301 = EDGE_LOOP('',(#1302,#1303,#1311,#1319,#1327,#1335,#1341,#1342));
#1302 = ORIENTED_EDGE('',*,*,#839,.F.);
#1303 = ORIENTED_EDGE('',*,*,#1304,.T.);
#1304 = EDGE_CURVE('',#832,#1305,#1307,.T.);
#1305 = VERTEX_POINT('',#1306);
#1306 = CARTESIAN_POINT('',(7.5,2.,4.4));
#1307 = LINE('',#1308,#1309);
#1308 = CARTESIAN_POINT('',(7.5,2.,1.6));
#1309 = VECTOR('',#1310,1.);
#1310 = DIRECTION('',(0.,0.,-1.));
#1311 = ORIENTED_EDGE('',*,*,#1312,.T.);
#1312 = EDGE_CURVE('',#1305,#1313,#1315,.T.);
#1313 = VERTEX_POINT('',#1314);
#1314 = CARTESIAN_POINT('',(7.5,6.89,4.4));
#1315 = LINE('',#1316,#1317);
#1316 = CARTESIAN_POINT('',(7.5,1.11,4.4));
#1317 = VECTOR('',#1318,1.);
#1318 = DIRECTION('',(0.,1.,0.));
#1319 = ORIENTED_EDGE('',*,*,#1320,.F.);
#1320 = EDGE_CURVE('',#1321,#1313,#1323,.T.);
#1321 = VERTEX_POINT('',#1322);
#1322 = CARTESIAN_POINT('',(7.5,6.89,2.4));
#1323 = LINE('',#1324,#1325);
#1324 = CARTESIAN_POINT('',(7.5,6.89,2.4));
#1325 = VECTOR('',#1326,1.);
#1326 = DIRECTION('',(0.,0.,1.));
#1327 = ORIENTED_EDGE('',*,*,#1328,.F.);
#1328 = EDGE_CURVE('',#1329,#1321,#1331,.T.);
#1329 = VERTEX_POINT('',#1330);
#1330 = CARTESIAN_POINT('',(7.5,2.,2.4));
#1331 = LINE('',#1332,#1333);
#1332 = CARTESIAN_POINT('',(7.5,1.11,2.4));
#1333 = VECTOR('',#1334,1.);
#1334 = DIRECTION('',(0.,1.,0.));
#1335 = ORIENTED_EDGE('',*,*,#1336,.T.);
#1336 = EDGE_CURVE('',#1329,#975,#1337,.T.);
#1337 = LINE('',#1338,#1339);
#1338 = CARTESIAN_POINT('',(7.5,2.,1.6));
#1339 = VECTOR('',#1340,1.);
#1340 = DIRECTION('',(0.,0.,-1.));
#1341 = ORIENTED_EDGE('',*,*,#974,.T.);
#1342 = ORIENTED_EDGE('',*,*,#1270,.T.);
#1343 = PLANE('',#1344);
#1344 = AXIS2_PLACEMENT_3D('',#1345,#1346,#1347);
#1345 = CARTESIAN_POINT('',(7.5,4.25,4.));
#1346 = DIRECTION('',(1.,0.,0.));
#1347 = DIRECTION('',(0.,0.,1.));
#1348 = ADVANCED_FACE('',(#1349),#1360,.F.);
#1349 = FACE_BOUND('',#1350,.F.);
#1350 = EDGE_LOOP('',(#1351,#1352,#1353,#1354));
#1351 = ORIENTED_EDGE('',*,*,#941,.F.);
#1352 = ORIENTED_EDGE('',*,*,#1288,.T.);
#1353 = ORIENTED_EDGE('',*,*,#689,.T.);
#1354 = ORIENTED_EDGE('',*,*,#1355,.F.);
#1355 = EDGE_CURVE('',#933,#690,#1356,.T.);
#1356 = LINE('',#1357,#1358);
#1357 = CARTESIAN_POINT('',(6.51,32.,1.6));
#1358 = VECTOR('',#1359,1.);
#1359 = DIRECTION('',(0.,0.,1.));
#1360 = PLANE('',#1361);
#1361 = AXIS2_PLACEMENT_3D('',#1362,#1363,#1364);
#1362 = CARTESIAN_POINT('',(2.,32.,1.6));
#1363 = DIRECTION('',(0.,1.,0.));
#1364 = DIRECTION('',(0.,0.,1.));
#1365 = ADVANCED_FACE('',(#1366),#1432,.T.);
#1366 = FACE_BOUND('',#1367,.T.);
#1367 = EDGE_LOOP('',(#1368,#1369,#1370,#1378,#1386,#1392,#1393,#1394,
    #1402,#1410,#1418,#1426));
#1368 = ORIENTED_EDGE('',*,*,#982,.F.);
#1369 = ORIENTED_EDGE('',*,*,#1336,.F.);
#1370 = ORIENTED_EDGE('',*,*,#1371,.T.);
#1371 = EDGE_CURVE('',#1329,#1372,#1374,.T.);
#1372 = VERTEX_POINT('',#1373);
#1373 = CARTESIAN_POINT('',(11.535982656152,2.,2.4));
#1374 = LINE('',#1375,#1376);
#1375 = CARTESIAN_POINT('',(7.5,2.,2.4));
#1376 = VECTOR('',#1377,1.);
#1377 = DIRECTION('',(1.,0.,0.));
#1378 = ORIENTED_EDGE('',*,*,#1379,.T.);
#1379 = EDGE_CURVE('',#1372,#1380,#1382,.T.);
#1380 = VERTEX_POINT('',#1381);
#1381 = CARTESIAN_POINT('',(11.535982656152,2.,4.4));
#1382 = LINE('',#1383,#1384);
#1383 = CARTESIAN_POINT('',(11.535982656152,2.,2.));
#1384 = VECTOR('',#1385,1.);
#1385 = DIRECTION('',(0.,0.,1.));
#1386 = ORIENTED_EDGE('',*,*,#1387,.F.);
#1387 = EDGE_CURVE('',#1305,#1380,#1388,.T.);
#1388 = LINE('',#1389,#1390);
#1389 = CARTESIAN_POINT('',(6.,2.,4.4));
#1390 = VECTOR('',#1391,1.);
#1391 = DIRECTION('',(1.,0.,0.));
#1392 = ORIENTED_EDGE('',*,*,#1304,.F.);
#1393 = ORIENTED_EDGE('',*,*,#831,.T.);
#1394 = ORIENTED_EDGE('',*,*,#1395,.T.);
#1395 = EDGE_CURVE('',#824,#1396,#1398,.T.);
#1396 = VERTEX_POINT('',#1397);
#1397 = CARTESIAN_POINT('',(50.5,2.,4.4));
#1398 = LINE('',#1399,#1400);
#1399 = CARTESIAN_POINT('',(50.5,2.,1.6));
#1400 = VECTOR('',#1401,1.);
#1401 = DIRECTION('',(0.,0.,-1.));
#1402 = ORIENTED_EDGE('',*,*,#1403,.F.);
#1403 = EDGE_CURVE('',#1404,#1396,#1406,.T.);
#1404 = VERTEX_POINT('',#1405);
#1405 = CARTESIAN_POINT('',(46.464017343848,2.,4.4));
#1406 = LINE('',#1407,#1408);
#1407 = CARTESIAN_POINT('',(48.,2.,4.4));
#1408 = VECTOR('',#1409,1.);
#1409 = DIRECTION('',(1.,0.,0.));
#1410 = ORIENTED_EDGE('',*,*,#1411,.T.);
#1411 = EDGE_CURVE('',#1404,#1412,#1414,.T.);
#1412 = VERTEX_POINT('',#1413);
#1413 = CARTESIAN_POINT('',(46.464017343848,2.,2.4));
#1414 = LINE('',#1415,#1416);
#1415 = CARTESIAN_POINT('',(46.464017343848,2.,2.));
#1416 = VECTOR('',#1417,1.);
#1417 = DIRECTION('',(0.,0.,-1.));
#1418 = ORIENTED_EDGE('',*,*,#1419,.T.);
#1419 = EDGE_CURVE('',#1412,#1420,#1422,.T.);
#1420 = VERTEX_POINT('',#1421);
#1421 = CARTESIAN_POINT('',(50.5,2.,2.4));
#1422 = LINE('',#1423,#1424);
#1423 = CARTESIAN_POINT('',(25.,2.,2.4));
#1424 = VECTOR('',#1425,1.);
#1425 = DIRECTION('',(1.,0.,0.));
#1426 = ORIENTED_EDGE('',*,*,#1427,.T.);
#1427 = EDGE_CURVE('',#1420,#983,#1428,.T.);
#1428 = LINE('',#1429,#1430);
#1429 = CARTESIAN_POINT('',(50.5,2.,1.6));
#1430 = VECTOR('',#1431,1.);
#1431 = DIRECTION('',(0.,0.,-1.));
#1432 = PLANE('',#1433);
#1433 = AXIS2_PLACEMENT_3D('',#1434,#1435,#1436);
#1434 = CARTESIAN_POINT('',(2.,2.,1.6));
#1435 = DIRECTION('',(0.,1.,0.));
#1436 = DIRECTION('',(0.,0.,1.));
#1437 = ADVANCED_FACE('',(#1438),#1449,.T.);
#1438 = FACE_BOUND('',#1439,.F.);
#1439 = EDGE_LOOP('',(#1440,#1441,#1442,#1443));
#1440 = ORIENTED_EDGE('',*,*,#932,.T.);
#1441 = ORIENTED_EDGE('',*,*,#1355,.T.);
#1442 = ORIENTED_EDGE('',*,*,#697,.F.);
#1443 = ORIENTED_EDGE('',*,*,#1444,.F.);
#1444 = EDGE_CURVE('',#925,#698,#1445,.T.);
#1445 = LINE('',#1446,#1447);
#1446 = CARTESIAN_POINT('',(7.5,32.99,1.6));
#1447 = VECTOR('',#1448,1.);
#1448 = DIRECTION('',(0.,0.,1.));
#1449 = CYLINDRICAL_SURFACE('',#1450,0.99);
#1450 = AXIS2_PLACEMENT_3D('',#1451,#1452,#1453);
#1451 = CARTESIAN_POINT('',(6.51,32.99,1.6));
#1452 = DIRECTION('',(0.,0.,1.));
#1453 = DIRECTION('',(1.,0.,0.));
#1454 = ADVANCED_FACE('',(#1455),#1489,.T.);
#1455 = FACE_BOUND('',#1456,.T.);
#1456 = EDGE_LOOP('',(#1457,#1458,#1464,#1465,#1466,#1474,#1482,#1488));
#1457 = ORIENTED_EDGE('',*,*,#823,.F.);
#1458 = ORIENTED_EDGE('',*,*,#1459,.F.);
#1459 = EDGE_CURVE('',#991,#815,#1460,.T.);
#1460 = LINE('',#1461,#1462);
#1461 = CARTESIAN_POINT('',(50.5,7.01,1.6));
#1462 = VECTOR('',#1463,1.);
#1463 = DIRECTION('',(0.,0.,1.));
#1464 = ORIENTED_EDGE('',*,*,#990,.F.);
#1465 = ORIENTED_EDGE('',*,*,#1427,.F.);
#1466 = ORIENTED_EDGE('',*,*,#1467,.F.);
#1467 = EDGE_CURVE('',#1468,#1420,#1470,.T.);
#1468 = VERTEX_POINT('',#1469);
#1469 = CARTESIAN_POINT('',(50.5,6.89,2.4));
#1470 = LINE('',#1471,#1472);
#1471 = CARTESIAN_POINT('',(50.5,6.89,2.4));
#1472 = VECTOR('',#1473,1.);
#1473 = DIRECTION('',(-1.224646799147E-16,-1.,0.));
#1474 = ORIENTED_EDGE('',*,*,#1475,.T.);
#1475 = EDGE_CURVE('',#1468,#1476,#1478,.T.);
#1476 = VERTEX_POINT('',#1477);
#1477 = CARTESIAN_POINT('',(50.5,6.89,4.4));
#1478 = LINE('',#1479,#1480);
#1479 = CARTESIAN_POINT('',(50.5,6.89,2.4));
#1480 = VECTOR('',#1481,1.);
#1481 = DIRECTION('',(0.,0.,1.));
#1482 = ORIENTED_EDGE('',*,*,#1483,.T.);
#1483 = EDGE_CURVE('',#1476,#1396,#1484,.T.);
#1484 = LINE('',#1485,#1486);
#1485 = CARTESIAN_POINT('',(50.5,6.89,4.4));
#1486 = VECTOR('',#1487,1.);
#1487 = DIRECTION('',(-1.224646799147E-16,-1.,0.));
#1488 = ORIENTED_EDGE('',*,*,#1395,.F.);
#1489 = PLANE('',#1490);
#1490 = AXIS2_PLACEMENT_3D('',#1491,#1492,#1493);
#1491 = CARTESIAN_POINT('',(50.5,4.25,4.));
#1492 = DIRECTION('',(-1.,-0.,-0.));
#1493 = DIRECTION('',(0.,0.,-1.));
#1494 = ADVANCED_FACE('',(#1495),#1538,.T.);
#1495 = FACE_BOUND('',#1496,.T.);
#1496 = EDGE_LOOP('',(#1497,#1498,#1499,#1500,#1508,#1516,#1524,#1532));
#1497 = ORIENTED_EDGE('',*,*,#706,.F.);
#1498 = ORIENTED_EDGE('',*,*,#1444,.F.);
#1499 = ORIENTED_EDGE('',*,*,#924,.T.);
#1500 = ORIENTED_EDGE('',*,*,#1501,.F.);
#1501 = EDGE_CURVE('',#1502,#917,#1504,.T.);
#1502 = VERTEX_POINT('',#1503);
#1503 = CARTESIAN_POINT('',(7.5,38.,2.4));
#1504 = LINE('',#1505,#1506);
#1505 = CARTESIAN_POINT('',(7.5,38.,1.6));
#1506 = VECTOR('',#1507,1.);
#1507 = DIRECTION('',(0.,0.,-1.));
#1508 = ORIENTED_EDGE('',*,*,#1509,.F.);
#1509 = EDGE_CURVE('',#1510,#1502,#1512,.T.);
#1510 = VERTEX_POINT('',#1511);
#1511 = CARTESIAN_POINT('',(7.5,33.11,2.4));
#1512 = LINE('',#1513,#1514);
#1513 = CARTESIAN_POINT('',(7.5,33.11,2.4));
#1514 = VECTOR('',#1515,1.);
#1515 = DIRECTION('',(0.,1.,0.));
#1516 = ORIENTED_EDGE('',*,*,#1517,.T.);
#1517 = EDGE_CURVE('',#1510,#1518,#1520,.T.);
#1518 = VERTEX_POINT('',#1519);
#1519 = CARTESIAN_POINT('',(7.5,33.11,4.4));
#1520 = LINE('',#1521,#1522);
#1521 = CARTESIAN_POINT('',(7.5,33.11,2.4));
#1522 = VECTOR('',#1523,1.);
#1523 = DIRECTION('',(0.,0.,1.));
#1524 = ORIENTED_EDGE('',*,*,#1525,.T.);
#1525 = EDGE_CURVE('',#1518,#1526,#1528,.T.);
#1526 = VERTEX_POINT('',#1527);
#1527 = CARTESIAN_POINT('',(7.5,38.,4.4));
#1528 = LINE('',#1529,#1530);
#1529 = CARTESIAN_POINT('',(7.5,33.11,4.4));
#1530 = VECTOR('',#1531,1.);
#1531 = DIRECTION('',(0.,1.,0.));
#1532 = ORIENTED_EDGE('',*,*,#1533,.F.);
#1533 = EDGE_CURVE('',#707,#1526,#1534,.T.);
#1534 = LINE('',#1535,#1536);
#1535 = CARTESIAN_POINT('',(7.5,38.,1.6));
#1536 = VECTOR('',#1537,1.);
#1537 = DIRECTION('',(0.,0.,-1.));
#1538 = PLANE('',#1539);
#1539 = AXIS2_PLACEMENT_3D('',#1540,#1541,#1542);
#1540 = CARTESIAN_POINT('',(7.5,35.75,4.));
#1541 = DIRECTION('',(1.,0.,0.));
#1542 = DIRECTION('',(0.,0.,1.));
#1543 = ADVANCED_FACE('',(#1544),#1555,.T.);
#1544 = FACE_BOUND('',#1545,.T.);
#1545 = EDGE_LOOP('',(#1546,#1547,#1548,#1549));
#1546 = ORIENTED_EDGE('',*,*,#998,.T.);
#1547 = ORIENTED_EDGE('',*,*,#1459,.T.);
#1548 = ORIENTED_EDGE('',*,*,#814,.F.);
#1549 = ORIENTED_EDGE('',*,*,#1550,.F.);
#1550 = EDGE_CURVE('',#999,#807,#1551,.T.);
#1551 = LINE('',#1552,#1553);
#1552 = CARTESIAN_POINT('',(51.49,8.,1.6));
#1553 = VECTOR('',#1554,1.);
#1554 = DIRECTION('',(0.,0.,1.));
#1555 = CYLINDRICAL_SURFACE('',#1556,0.99);
#1556 = AXIS2_PLACEMENT_3D('',#1557,#1558,#1559);
#1557 = CARTESIAN_POINT('',(51.49,7.01,1.6));
#1558 = DIRECTION('',(0.,0.,1.));
#1559 = DIRECTION('',(0.,1.,0.));
#1560 = ADVANCED_FACE('',(#1561),#1595,.F.);
#1561 = FACE_BOUND('',#1562,.F.);
#1562 = EDGE_LOOP('',(#1563,#1564,#1565,#1573,#1581,#1587,#1588,#1589));
#1563 = ORIENTED_EDGE('',*,*,#916,.F.);
#1564 = ORIENTED_EDGE('',*,*,#1501,.F.);
#1565 = ORIENTED_EDGE('',*,*,#1566,.T.);
#1566 = EDGE_CURVE('',#1502,#1567,#1569,.T.);
#1567 = VERTEX_POINT('',#1568);
#1568 = CARTESIAN_POINT('',(11.535982656152,38.,2.4));
#1569 = LINE('',#1570,#1571);
#1570 = CARTESIAN_POINT('',(6.,38.,2.4));
#1571 = VECTOR('',#1572,1.);
#1572 = DIRECTION('',(1.,0.,0.));
#1573 = ORIENTED_EDGE('',*,*,#1574,.T.);
#1574 = EDGE_CURVE('',#1567,#1575,#1577,.T.);
#1575 = VERTEX_POINT('',#1576);
#1576 = CARTESIAN_POINT('',(11.535982656152,38.,4.4));
#1577 = LINE('',#1578,#1579);
#1578 = CARTESIAN_POINT('',(11.535982656152,38.,2.));
#1579 = VECTOR('',#1580,1.);
#1580 = DIRECTION('',(0.,0.,1.));
#1581 = ORIENTED_EDGE('',*,*,#1582,.F.);
#1582 = EDGE_CURVE('',#1526,#1575,#1583,.T.);
#1583 = LINE('',#1584,#1585);
#1584 = CARTESIAN_POINT('',(7.5,38.,4.4));
#1585 = VECTOR('',#1586,1.);
#1586 = DIRECTION('',(1.,0.,0.));
#1587 = ORIENTED_EDGE('',*,*,#1533,.F.);
#1588 = ORIENTED_EDGE('',*,*,#714,.T.);
#1589 = ORIENTED_EDGE('',*,*,#1590,.F.);
#1590 = EDGE_CURVE('',#907,#715,#1591,.T.);
#1591 = LINE('',#1592,#1593);
#1592 = CARTESIAN_POINT('',(31.6,38.,1.6));
#1593 = VECTOR('',#1594,1.);
#1594 = DIRECTION('',(0.,0.,1.));
#1595 = PLANE('',#1596);
#1596 = AXIS2_PLACEMENT_3D('',#1597,#1598,#1599);
#1597 = CARTESIAN_POINT('',(2.,38.,1.6));
#1598 = DIRECTION('',(0.,1.,0.));
#1599 = DIRECTION('',(0.,0.,1.));
#1600 = ADVANCED_FACE('',(#1601),#1612,.T.);
#1601 = FACE_BOUND('',#1602,.T.);
#1602 = EDGE_LOOP('',(#1603,#1604,#1605,#1606));
#1603 = ORIENTED_EDGE('',*,*,#1007,.F.);
#1604 = ORIENTED_EDGE('',*,*,#1550,.T.);
#1605 = ORIENTED_EDGE('',*,*,#806,.T.);
#1606 = ORIENTED_EDGE('',*,*,#1607,.F.);
#1607 = EDGE_CURVE('',#1008,#799,#1608,.T.);
#1608 = LINE('',#1609,#1610);
#1609 = CARTESIAN_POINT('',(56.,8.,1.6));
#1610 = VECTOR('',#1611,1.);
#1611 = DIRECTION('',(0.,0.,1.));
#1612 = PLANE('',#1613);
#1613 = AXIS2_PLACEMENT_3D('',#1614,#1615,#1616);
#1614 = CARTESIAN_POINT('',(50.5,8.,1.6));
#1615 = DIRECTION('',(0.,1.,0.));
#1616 = DIRECTION('',(0.,0.,1.));
#1617 = ADVANCED_FACE('',(#1618),#1624,.T.);
#1618 = FACE_BOUND('',#1619,.T.);
#1619 = EDGE_LOOP('',(#1620,#1621,#1622,#1623));
#1620 = ORIENTED_EDGE('',*,*,#722,.F.);
#1621 = ORIENTED_EDGE('',*,*,#1590,.F.);
#1622 = ORIENTED_EDGE('',*,*,#906,.T.);
#1623 = ORIENTED_EDGE('',*,*,#1131,.T.);
#1624 = PLANE('',#1625);
#1625 = AXIS2_PLACEMENT_3D('',#1626,#1627,#1628);
#1626 = CARTESIAN_POINT('',(31.6,38.,1.6));
#1627 = DIRECTION('',(1.,0.,0.));
#1628 = DIRECTION('',(0.,0.,1.));
#1629 = ADVANCED_FACE('',(#1630),#1641,.F.);
#1630 = FACE_BOUND('',#1631,.F.);
#1631 = EDGE_LOOP('',(#1632,#1633,#1634,#1640));
#1632 = ORIENTED_EDGE('',*,*,#1607,.F.);
#1633 = ORIENTED_EDGE('',*,*,#1015,.T.);
#1634 = ORIENTED_EDGE('',*,*,#1635,.T.);
#1635 = EDGE_CURVE('',#1016,#791,#1636,.T.);
#1636 = LINE('',#1637,#1638);
#1637 = CARTESIAN_POINT('',(56.,32.,1.6));
#1638 = VECTOR('',#1639,1.);
#1639 = DIRECTION('',(0.,0.,1.));
#1640 = ORIENTED_EDGE('',*,*,#798,.F.);
#1641 = PLANE('',#1642);
#1642 = AXIS2_PLACEMENT_3D('',#1643,#1644,#1645);
#1643 = CARTESIAN_POINT('',(56.,2.,1.6));
#1644 = DIRECTION('',(1.,0.,0.));
#1645 = DIRECTION('',(0.,0.,1.));
#1646 = ADVANCED_FACE('',(#1647),#1658,.F.);
#1647 = FACE_BOUND('',#1648,.F.);
#1648 = EDGE_LOOP('',(#1649,#1650,#1656,#1657));
#1649 = ORIENTED_EDGE('',*,*,#1023,.F.);
#1650 = ORIENTED_EDGE('',*,*,#1651,.T.);
#1651 = EDGE_CURVE('',#1024,#782,#1652,.T.);
#1652 = LINE('',#1653,#1654);
#1653 = CARTESIAN_POINT('',(51.49,32.,1.6));
#1654 = VECTOR('',#1655,1.);
#1655 = DIRECTION('',(0.,0.,1.));
#1656 = ORIENTED_EDGE('',*,*,#790,.T.);
#1657 = ORIENTED_EDGE('',*,*,#1635,.F.);
#1658 = PLANE('',#1659);
#1659 = AXIS2_PLACEMENT_3D('',#1660,#1661,#1662);
#1660 = CARTESIAN_POINT('',(50.5,32.,1.6));
#1661 = DIRECTION('',(0.,1.,0.));
#1662 = DIRECTION('',(0.,0.,1.));
#1663 = ADVANCED_FACE('',(#1664),#1675,.T.);
#1664 = FACE_BOUND('',#1665,.T.);
#1665 = EDGE_LOOP('',(#1666,#1667,#1668,#1669));
#1666 = ORIENTED_EDGE('',*,*,#1031,.T.);
#1667 = ORIENTED_EDGE('',*,*,#1651,.T.);
#1668 = ORIENTED_EDGE('',*,*,#781,.F.);
#1669 = ORIENTED_EDGE('',*,*,#1670,.F.);
#1670 = EDGE_CURVE('',#1032,#774,#1671,.T.);
#1671 = LINE('',#1672,#1673);
#1672 = CARTESIAN_POINT('',(50.5,32.99,1.6));
#1673 = VECTOR('',#1674,1.);
#1674 = DIRECTION('',(0.,0.,1.));
#1675 = CYLINDRICAL_SURFACE('',#1676,0.99);
#1676 = AXIS2_PLACEMENT_3D('',#1677,#1678,#1679);
#1677 = CARTESIAN_POINT('',(51.49,32.99,1.6));
#1678 = DIRECTION('',(0.,0.,1.));
#1679 = DIRECTION('',(-1.,0.,0.));
#1680 = ADVANCED_FACE('',(#1681),#1724,.T.);
#1681 = FACE_BOUND('',#1682,.T.);
#1682 = EDGE_LOOP('',(#1683,#1684,#1685,#1686,#1694,#1702,#1710,#1718));
#1683 = ORIENTED_EDGE('',*,*,#1040,.T.);
#1684 = ORIENTED_EDGE('',*,*,#1670,.T.);
#1685 = ORIENTED_EDGE('',*,*,#773,.T.);
#1686 = ORIENTED_EDGE('',*,*,#1687,.T.);
#1687 = EDGE_CURVE('',#766,#1688,#1690,.T.);
#1688 = VERTEX_POINT('',#1689);
#1689 = CARTESIAN_POINT('',(50.5,38.,4.4));
#1690 = LINE('',#1691,#1692);
#1691 = CARTESIAN_POINT('',(50.5,38.,1.6));
#1692 = VECTOR('',#1693,1.);
#1693 = DIRECTION('',(0.,0.,-1.));
#1694 = ORIENTED_EDGE('',*,*,#1695,.T.);
#1695 = EDGE_CURVE('',#1688,#1696,#1698,.T.);
#1696 = VERTEX_POINT('',#1697);
#1697 = CARTESIAN_POINT('',(50.5,33.11,4.4));
#1698 = LINE('',#1699,#1700);
#1699 = CARTESIAN_POINT('',(50.5,38.89,4.4));
#1700 = VECTOR('',#1701,1.);
#1701 = DIRECTION('',(-1.224646799147E-16,-1.,0.));
#1702 = ORIENTED_EDGE('',*,*,#1703,.F.);
#1703 = EDGE_CURVE('',#1704,#1696,#1706,.T.);
#1704 = VERTEX_POINT('',#1705);
#1705 = CARTESIAN_POINT('',(50.5,33.11,2.4));
#1706 = LINE('',#1707,#1708);
#1707 = CARTESIAN_POINT('',(50.5,33.11,2.4));
#1708 = VECTOR('',#1709,1.);
#1709 = DIRECTION('',(0.,0.,1.));
#1710 = ORIENTED_EDGE('',*,*,#1711,.F.);
#1711 = EDGE_CURVE('',#1712,#1704,#1714,.T.);
#1712 = VERTEX_POINT('',#1713);
#1713 = CARTESIAN_POINT('',(50.5,38.,2.4));
#1714 = LINE('',#1715,#1716);
#1715 = CARTESIAN_POINT('',(50.5,38.89,2.4));
#1716 = VECTOR('',#1717,1.);
#1717 = DIRECTION('',(-1.224646799147E-16,-1.,0.));
#1718 = ORIENTED_EDGE('',*,*,#1719,.T.);
#1719 = EDGE_CURVE('',#1712,#1041,#1720,.T.);
#1720 = LINE('',#1721,#1722);
#1721 = CARTESIAN_POINT('',(50.5,38.,1.6));
#1722 = VECTOR('',#1723,1.);
#1723 = DIRECTION('',(0.,0.,-1.));
#1724 = PLANE('',#1725);
#1725 = AXIS2_PLACEMENT_3D('',#1726,#1727,#1728);
#1726 = CARTESIAN_POINT('',(50.5,35.75,4.));
#1727 = DIRECTION('',(-1.,-0.,-0.));
#1728 = DIRECTION('',(0.,0.,-1.));
#1729 = ADVANCED_FACE('',(#1730),#1764,.F.);
#1730 = FACE_BOUND('',#1731,.F.);
#1731 = EDGE_LOOP('',(#1732,#1733,#1739,#1740,#1741,#1749,#1757,#1763));
#1732 = ORIENTED_EDGE('',*,*,#1048,.F.);
#1733 = ORIENTED_EDGE('',*,*,#1734,.T.);
#1734 = EDGE_CURVE('',#1049,#758,#1735,.T.);
#1735 = LINE('',#1736,#1737);
#1736 = CARTESIAN_POINT('',(45.76,38.,1.6));
#1737 = VECTOR('',#1738,1.);
#1738 = DIRECTION('',(0.,0.,1.));
#1739 = ORIENTED_EDGE('',*,*,#765,.T.);
#1740 = ORIENTED_EDGE('',*,*,#1687,.T.);
#1741 = ORIENTED_EDGE('',*,*,#1742,.F.);
#1742 = EDGE_CURVE('',#1743,#1688,#1745,.T.);
#1743 = VERTEX_POINT('',#1744);
#1744 = CARTESIAN_POINT('',(46.464017343848,38.,4.4));
#1745 = LINE('',#1746,#1747);
#1746 = CARTESIAN_POINT('',(25.,38.,4.4));
#1747 = VECTOR('',#1748,1.);
#1748 = DIRECTION('',(1.,0.,0.));
#1749 = ORIENTED_EDGE('',*,*,#1750,.T.);
#1750 = EDGE_CURVE('',#1743,#1751,#1753,.T.);
#1751 = VERTEX_POINT('',#1752);
#1752 = CARTESIAN_POINT('',(46.464017343848,38.,2.4));
#1753 = LINE('',#1754,#1755);
#1754 = CARTESIAN_POINT('',(46.464017343848,38.,2.));
#1755 = VECTOR('',#1756,1.);
#1756 = DIRECTION('',(0.,0.,-1.));
#1757 = ORIENTED_EDGE('',*,*,#1758,.T.);
#1758 = EDGE_CURVE('',#1751,#1712,#1759,.T.);
#1759 = LINE('',#1760,#1761);
#1760 = CARTESIAN_POINT('',(48.,38.,2.4));
#1761 = VECTOR('',#1762,1.);
#1762 = DIRECTION('',(1.,0.,0.));
#1763 = ORIENTED_EDGE('',*,*,#1719,.T.);
#1764 = PLANE('',#1765);
#1765 = AXIS2_PLACEMENT_3D('',#1766,#1767,#1768);
#1766 = CARTESIAN_POINT('',(2.,38.,1.6));
#1767 = DIRECTION('',(0.,1.,0.));
#1768 = DIRECTION('',(0.,0.,1.));
#1769 = ADVANCED_FACE('',(#1770),#1776,.F.);
#1770 = FACE_BOUND('',#1771,.F.);
#1771 = EDGE_LOOP('',(#1772,#1773,#1774,#1775));
#1772 = ORIENTED_EDGE('',*,*,#757,.F.);
#1773 = ORIENTED_EDGE('',*,*,#1734,.F.);
#1774 = ORIENTED_EDGE('',*,*,#1056,.T.);
#1775 = ORIENTED_EDGE('',*,*,#1231,.T.);
#1776 = PLANE('',#1777);
#1777 = AXIS2_PLACEMENT_3D('',#1778,#1779,#1780);
#1778 = CARTESIAN_POINT('',(45.76,38.,1.6));
#1779 = DIRECTION('',(1.,0.,0.));
#1780 = DIRECTION('',(0.,0.,1.));
#1781 = ADVANCED_FACE('',(#1782),#1801,.F.);
#1782 = FACE_BOUND('',#1783,.T.);
#1783 = EDGE_LOOP('',(#1784,#1793,#1799,#1800));
#1784 = ORIENTED_EDGE('',*,*,#1785,.T.);
#1785 = EDGE_CURVE('',#1786,#1786,#1788,.T.);
#1786 = VERTEX_POINT('',#1787);
#1787 = CARTESIAN_POINT('',(52.65,36.,5.2));
#1788 = CIRCLE('',#1789,1.35);
#1789 = AXIS2_PLACEMENT_3D('',#1790,#1791,#1792);
#1790 = CARTESIAN_POINT('',(54.,36.,5.2));
#1791 = DIRECTION('',(0.,0.,-1.));
#1792 = DIRECTION('',(-1.,1.224646799147E-16,0.));
#1793 = ORIENTED_EDGE('',*,*,#1794,.T.);
#1794 = EDGE_CURVE('',#1786,#857,#1795,.T.);
#1795 = LINE('',#1796,#1797);
#1796 = CARTESIAN_POINT('',(52.65,36.,1.6));
#1797 = VECTOR('',#1798,1.);
#1798 = DIRECTION('',(0.,0.,1.));
#1799 = ORIENTED_EDGE('',*,*,#856,.T.);
#1800 = ORIENTED_EDGE('',*,*,#1794,.F.);
#1801 = CYLINDRICAL_SURFACE('',#1802,1.35);
#1802 = AXIS2_PLACEMENT_3D('',#1803,#1804,#1805);
#1803 = CARTESIAN_POINT('',(54.,36.,1.6));
#1804 = DIRECTION('',(0.,0.,-1.));
#1805 = DIRECTION('',(-1.,1.224646799147E-16,0.));
#1806 = ADVANCED_FACE('',(#1807),#1826,.F.);
#1807 = FACE_BOUND('',#1808,.T.);
#1808 = EDGE_LOOP('',(#1809,#1818,#1824,#1825));
#1809 = ORIENTED_EDGE('',*,*,#1810,.T.);
#1810 = EDGE_CURVE('',#1811,#1811,#1813,.T.);
#1811 = VERTEX_POINT('',#1812);
#1812 = CARTESIAN_POINT('',(5.35,36.,5.2));
#1813 = CIRCLE('',#1814,1.35);
#1814 = AXIS2_PLACEMENT_3D('',#1815,#1816,#1817);
#1815 = CARTESIAN_POINT('',(4.,36.,5.2));
#1816 = DIRECTION('',(0.,0.,-1.));
#1817 = DIRECTION('',(1.,0.,0.));
#1818 = ORIENTED_EDGE('',*,*,#1819,.T.);
#1819 = EDGE_CURVE('',#1811,#868,#1820,.T.);
#1820 = LINE('',#1821,#1822);
#1821 = CARTESIAN_POINT('',(5.35,36.,1.6));
#1822 = VECTOR('',#1823,1.);
#1823 = DIRECTION('',(0.,0.,1.));
#1824 = ORIENTED_EDGE('',*,*,#867,.T.);
#1825 = ORIENTED_EDGE('',*,*,#1819,.F.);
#1826 = CYLINDRICAL_SURFACE('',#1827,1.35);
#1827 = AXIS2_PLACEMENT_3D('',#1828,#1829,#1830);
#1828 = CARTESIAN_POINT('',(4.,36.,1.6));
#1829 = DIRECTION('',(-0.,-0.,-1.));
#1830 = DIRECTION('',(1.,0.,0.));
#1831 = ADVANCED_FACE('',(#1832),#1851,.F.);
#1832 = FACE_BOUND('',#1833,.T.);
#1833 = EDGE_LOOP('',(#1834,#1843,#1849,#1850));
#1834 = ORIENTED_EDGE('',*,*,#1835,.T.);
#1835 = EDGE_CURVE('',#1836,#1836,#1838,.T.);
#1836 = VERTEX_POINT('',#1837);
#1837 = CARTESIAN_POINT('',(52.65,4.,5.2));
#1838 = CIRCLE('',#1839,1.35);
#1839 = AXIS2_PLACEMENT_3D('',#1840,#1841,#1842);
#1840 = CARTESIAN_POINT('',(54.,4.,5.2));
#1841 = DIRECTION('',(0.,0.,-1.));
#1842 = DIRECTION('',(-1.,1.224646799147E-16,0.));
#1843 = ORIENTED_EDGE('',*,*,#1844,.T.);
#1844 = EDGE_CURVE('',#1836,#879,#1845,.T.);
#1845 = LINE('',#1846,#1847);
#1846 = CARTESIAN_POINT('',(52.65,4.,1.6));
#1847 = VECTOR('',#1848,1.);
#1848 = DIRECTION('',(0.,0.,1.));
#1849 = ORIENTED_EDGE('',*,*,#878,.T.);
#1850 = ORIENTED_EDGE('',*,*,#1844,.F.);
#1851 = CYLINDRICAL_SURFACE('',#1852,1.35);
#1852 = AXIS2_PLACEMENT_3D('',#1853,#1854,#1855);
#1853 = CARTESIAN_POINT('',(54.,4.,1.6));
#1854 = DIRECTION('',(0.,0.,-1.));
#1855 = DIRECTION('',(-1.,1.224646799147E-16,0.));
#1856 = ADVANCED_FACE('',(#1857),#1876,.F.);
#1857 = FACE_BOUND('',#1858,.T.);
#1858 = EDGE_LOOP('',(#1859,#1868,#1874,#1875));
#1859 = ORIENTED_EDGE('',*,*,#1860,.T.);
#1860 = EDGE_CURVE('',#1861,#1861,#1863,.T.);
#1861 = VERTEX_POINT('',#1862);
#1862 = CARTESIAN_POINT('',(5.35,4.,5.2));
#1863 = CIRCLE('',#1864,1.35);
#1864 = AXIS2_PLACEMENT_3D('',#1865,#1866,#1867);
#1865 = CARTESIAN_POINT('',(4.,4.,5.2));
#1866 = DIRECTION('',(0.,0.,-1.));
#1867 = DIRECTION('',(1.,0.,0.));
#1868 = ORIENTED_EDGE('',*,*,#1869,.T.);
#1869 = EDGE_CURVE('',#1861,#890,#1870,.T.);
#1870 = LINE('',#1871,#1872);
#1871 = CARTESIAN_POINT('',(5.35,4.,1.6));
#1872 = VECTOR('',#1873,1.);
#1873 = DIRECTION('',(0.,0.,1.));
#1874 = ORIENTED_EDGE('',*,*,#889,.T.);
#1875 = ORIENTED_EDGE('',*,*,#1869,.F.);
#1876 = CYLINDRICAL_SURFACE('',#1877,1.35);
#1877 = AXIS2_PLACEMENT_3D('',#1878,#1879,#1880);
#1878 = CARTESIAN_POINT('',(4.,4.,1.6));
#1879 = DIRECTION('',(-0.,-0.,-1.));
#1880 = DIRECTION('',(1.,0.,0.));
#1881 = ADVANCED_FACE('',(#1882),#1893,.F.);
#1882 = FACE_BOUND('',#1883,.F.);
#1883 = EDGE_LOOP('',(#1884,#1885,#1891,#1892));
#1884 = ORIENTED_EDGE('',*,*,#1191,.F.);
#1885 = ORIENTED_EDGE('',*,*,#1886,.F.);
#1886 = EDGE_CURVE('',#1090,#1192,#1887,.T.);
#1887 = LINE('',#1888,#1889);
#1888 = CARTESIAN_POINT('',(35.6,38.,1.6));
#1889 = VECTOR('',#1890,1.);
#1890 = DIRECTION('',(0.,0.,1.));
#1891 = ORIENTED_EDGE('',*,*,#1097,.T.);
#1892 = ORIENTED_EDGE('',*,*,#1146,.T.);
#1893 = PLANE('',#1894);
#1894 = AXIS2_PLACEMENT_3D('',#1895,#1896,#1897);
#1895 = CARTESIAN_POINT('',(35.6,38.,1.6));
#1896 = DIRECTION('',(1.,0.,0.));
#1897 = DIRECTION('',(0.,0.,1.));
#1898 = ADVANCED_FACE('',(#1899),#1910,.F.);
#1899 = FACE_BOUND('',#1900,.F.);
#1900 = EDGE_LOOP('',(#1901,#1902,#1903,#1904));
#1901 = ORIENTED_EDGE('',*,*,#1089,.F.);
#1902 = ORIENTED_EDGE('',*,*,#1886,.T.);
#1903 = ORIENTED_EDGE('',*,*,#1199,.T.);
#1904 = ORIENTED_EDGE('',*,*,#1905,.F.);
#1905 = EDGE_CURVE('',#1082,#1171,#1906,.T.);
#1906 = LINE('',#1907,#1908);
#1907 = CARTESIAN_POINT('',(41.76,38.,1.6));
#1908 = VECTOR('',#1909,1.);
#1909 = DIRECTION('',(0.,0.,1.));
#1910 = PLANE('',#1911);
#1911 = AXIS2_PLACEMENT_3D('',#1912,#1913,#1914);
#1912 = CARTESIAN_POINT('',(2.,38.,1.6));
#1913 = DIRECTION('',(0.,1.,0.));
#1914 = DIRECTION('',(0.,0.,1.));
#1915 = ADVANCED_FACE('',(#1916),#1922,.T.);
#1916 = FACE_BOUND('',#1917,.T.);
#1917 = EDGE_LOOP('',(#1918,#1919,#1920,#1921));
#1918 = ORIENTED_EDGE('',*,*,#1170,.F.);
#1919 = ORIENTED_EDGE('',*,*,#1905,.F.);
#1920 = ORIENTED_EDGE('',*,*,#1081,.T.);
#1921 = ORIENTED_EDGE('',*,*,#1214,.T.);
#1922 = PLANE('',#1923);
#1923 = AXIS2_PLACEMENT_3D('',#1924,#1925,#1926);
#1924 = CARTESIAN_POINT('',(41.76,38.,1.6));
#1925 = DIRECTION('',(1.,0.,0.));
#1926 = DIRECTION('',(0.,0.,1.));
#1927 = ADVANCED_FACE('',(#1928),#2002,.T.);
#1928 = FACE_BOUND('',#1929,.T.);
#1929 = EDGE_LOOP('',(#1930,#1931,#1939,#1947,#1955,#1963,#1971,#1979,
    #1987,#1995,#2001));
#1930 = ORIENTED_EDGE('',*,*,#1387,.T.);
#1931 = ORIENTED_EDGE('',*,*,#1932,.F.);
#1932 = EDGE_CURVE('',#1933,#1380,#1935,.T.);
#1933 = VERTEX_POINT('',#1934);
#1934 = CARTESIAN_POINT('',(10.,1.1132,4.4));
#1935 = LINE('',#1936,#1937);
#1936 = CARTESIAN_POINT('',(10.,1.1132,4.4));
#1937 = VECTOR('',#1938,1.);
#1938 = DIRECTION('',(0.866025403784,0.5,0.));
#1939 = ORIENTED_EDGE('',*,*,#1940,.F.);
#1940 = EDGE_CURVE('',#1941,#1933,#1943,.T.);
#1941 = VERTEX_POINT('',#1942);
#1942 = CARTESIAN_POINT('',(10.,1.11,4.4));
#1943 = LINE('',#1944,#1945);
#1944 = CARTESIAN_POINT('',(10.,1.11,4.4));
#1945 = VECTOR('',#1946,1.);
#1946 = DIRECTION('',(0.,1.,0.));
#1947 = ORIENTED_EDGE('',*,*,#1948,.F.);
#1948 = EDGE_CURVE('',#1949,#1941,#1951,.T.);
#1949 = VERTEX_POINT('',#1950);
#1950 = CARTESIAN_POINT('',(4.,1.11,4.4));
#1951 = LINE('',#1952,#1953);
#1952 = CARTESIAN_POINT('',(7.5,1.11,4.4));
#1953 = VECTOR('',#1954,1.);
#1954 = DIRECTION('',(1.,0.,0.));
#1955 = ORIENTED_EDGE('',*,*,#1956,.T.);
#1956 = EDGE_CURVE('',#1949,#1957,#1959,.T.);
#1957 = VERTEX_POINT('',#1958);
#1958 = CARTESIAN_POINT('',(4.,1.1132,4.4));
#1959 = LINE('',#1960,#1961);
#1960 = CARTESIAN_POINT('',(4.,1.11,4.4));
#1961 = VECTOR('',#1962,1.);
#1962 = DIRECTION('',(0.,1.,0.));
#1963 = ORIENTED_EDGE('',*,*,#1964,.T.);
#1964 = EDGE_CURVE('',#1957,#1965,#1967,.T.);
#1965 = VERTEX_POINT('',#1966);
#1966 = CARTESIAN_POINT('',(6.500042135645,2.5566,4.4));
#1967 = LINE('',#1968,#1969);
#1968 = CARTESIAN_POINT('',(3.999307179677,1.1128,4.4));
#1969 = VECTOR('',#1970,1.);
#1970 = DIRECTION('',(0.866025403784,0.5,0.));
#1971 = ORIENTED_EDGE('',*,*,#1972,.T.);
#1972 = EDGE_CURVE('',#1965,#1973,#1975,.T.);
#1973 = VERTEX_POINT('',#1974);
#1974 = CARTESIAN_POINT('',(6.500042135645,5.4434,4.4));
#1975 = LINE('',#1976,#1977);
#1976 = CARTESIAN_POINT('',(6.500042135645,1.8333,4.4));
#1977 = VECTOR('',#1978,1.);
#1978 = DIRECTION('',(5.551115123126E-16,1.,0.));
#1979 = ORIENTED_EDGE('',*,*,#1980,.T.);
#1980 = EDGE_CURVE('',#1973,#1981,#1983,.T.);
#1981 = VERTEX_POINT('',#1982);
#1982 = CARTESIAN_POINT('',(4.,6.8868,4.4));
#1983 = LINE('',#1984,#1985);
#1984 = CARTESIAN_POINT('',(6.500734955968,5.443,4.4));
#1985 = VECTOR('',#1986,1.);
#1986 = DIRECTION('',(-0.866025403784,0.5,0.));
#1987 = ORIENTED_EDGE('',*,*,#1988,.T.);
#1988 = EDGE_CURVE('',#1981,#1989,#1991,.T.);
#1989 = VERTEX_POINT('',#1990);
#1990 = CARTESIAN_POINT('',(4.,6.89,4.4));
#1991 = LINE('',#1992,#1993);
#1992 = CARTESIAN_POINT('',(4.,1.11,4.4));
#1993 = VECTOR('',#1994,1.);
#1994 = DIRECTION('',(0.,1.,0.));
#1995 = ORIENTED_EDGE('',*,*,#1996,.T.);
#1996 = EDGE_CURVE('',#1989,#1313,#1997,.T.);
#1997 = LINE('',#1998,#1999);
#1998 = CARTESIAN_POINT('',(4.,6.89,4.4));
#1999 = VECTOR('',#2000,1.);
#2000 = DIRECTION('',(1.,0.,0.));
#2001 = ORIENTED_EDGE('',*,*,#1312,.F.);
#2002 = PLANE('',#2003);
#2003 = AXIS2_PLACEMENT_3D('',#2004,#2005,#2006);
#2004 = CARTESIAN_POINT('',(7.116348132299,3.395080537176,4.4));
#2005 = DIRECTION('',(-0.,-0.,-1.));
#2006 = DIRECTION('',(-1.,0.,0.));
#2007 = ADVANCED_FACE('',(#2008),#2026,.F.);
#2008 = FACE_BOUND('',#2009,.F.);
#2009 = EDGE_LOOP('',(#2010,#2018,#2024,#2025));
#2010 = ORIENTED_EDGE('',*,*,#2011,.F.);
#2011 = EDGE_CURVE('',#2012,#1321,#2014,.T.);
#2012 = VERTEX_POINT('',#2013);
#2013 = CARTESIAN_POINT('',(4.,6.89,2.4));
#2014 = LINE('',#2015,#2016);
#2015 = CARTESIAN_POINT('',(4.,6.89,2.4));
#2016 = VECTOR('',#2017,1.);
#2017 = DIRECTION('',(1.,0.,0.));
#2018 = ORIENTED_EDGE('',*,*,#2019,.T.);
#2019 = EDGE_CURVE('',#2012,#1989,#2020,.T.);
#2020 = LINE('',#2021,#2022);
#2021 = CARTESIAN_POINT('',(4.,6.89,2.4));
#2022 = VECTOR('',#2023,1.);
#2023 = DIRECTION('',(0.,0.,1.));
#2024 = ORIENTED_EDGE('',*,*,#1996,.T.);
#2025 = ORIENTED_EDGE('',*,*,#1320,.F.);
#2026 = PLANE('',#2027);
#2027 = AXIS2_PLACEMENT_3D('',#2028,#2029,#2030);
#2028 = CARTESIAN_POINT('',(4.,6.89,2.4));
#2029 = DIRECTION('',(0.,1.,0.));
#2030 = DIRECTION('',(0.,0.,1.));
#2031 = ADVANCED_FACE('',(#2032),#2099,.T.);
#2032 = FACE_BOUND('',#2033,.T.);
#2033 = EDGE_LOOP('',(#2034,#2035,#2036,#2037,#2045,#2053,#2061,#2069,
    #2077,#2085,#2093));
#2034 = ORIENTED_EDGE('',*,*,#1371,.F.);
#2035 = ORIENTED_EDGE('',*,*,#1328,.T.);
#2036 = ORIENTED_EDGE('',*,*,#2011,.F.);
#2037 = ORIENTED_EDGE('',*,*,#2038,.F.);
#2038 = EDGE_CURVE('',#2039,#2012,#2041,.T.);
#2039 = VERTEX_POINT('',#2040);
#2040 = CARTESIAN_POINT('',(4.,6.8868,2.4));
#2041 = LINE('',#2042,#2043);
#2042 = CARTESIAN_POINT('',(4.,1.11,2.4));
#2043 = VECTOR('',#2044,1.);
#2044 = DIRECTION('',(0.,1.,0.));
#2045 = ORIENTED_EDGE('',*,*,#2046,.F.);
#2046 = EDGE_CURVE('',#2047,#2039,#2049,.T.);
#2047 = VERTEX_POINT('',#2048);
#2048 = CARTESIAN_POINT('',(6.500042135645,5.4434,2.4));
#2049 = LINE('',#2050,#2051);
#2050 = CARTESIAN_POINT('',(6.500734955968,5.443,2.4));
#2051 = VECTOR('',#2052,1.);
#2052 = DIRECTION('',(-0.866025403784,0.5,0.));
#2053 = ORIENTED_EDGE('',*,*,#2054,.F.);
#2054 = EDGE_CURVE('',#2055,#2047,#2057,.T.);
#2055 = VERTEX_POINT('',#2056);
#2056 = CARTESIAN_POINT('',(6.500042135645,2.5566,2.4));
#2057 = LINE('',#2058,#2059);
#2058 = CARTESIAN_POINT('',(6.500042135645,1.8333,2.4));
#2059 = VECTOR('',#2060,1.);
#2060 = DIRECTION('',(5.551115123126E-16,1.,0.));
#2061 = ORIENTED_EDGE('',*,*,#2062,.F.);
#2062 = EDGE_CURVE('',#2063,#2055,#2065,.T.);
#2063 = VERTEX_POINT('',#2064);
#2064 = CARTESIAN_POINT('',(4.,1.1132,2.4));
#2065 = LINE('',#2066,#2067);
#2066 = CARTESIAN_POINT('',(3.999307179677,1.1128,2.4));
#2067 = VECTOR('',#2068,1.);
#2068 = DIRECTION('',(0.866025403784,0.5,0.));
#2069 = ORIENTED_EDGE('',*,*,#2070,.F.);
#2070 = EDGE_CURVE('',#2071,#2063,#2073,.T.);
#2071 = VERTEX_POINT('',#2072);
#2072 = CARTESIAN_POINT('',(4.,1.11,2.4));
#2073 = LINE('',#2074,#2075);
#2074 = CARTESIAN_POINT('',(4.,1.11,2.4));
#2075 = VECTOR('',#2076,1.);
#2076 = DIRECTION('',(0.,1.,0.));
#2077 = ORIENTED_EDGE('',*,*,#2078,.T.);
#2078 = EDGE_CURVE('',#2071,#2079,#2081,.T.);
#2079 = VERTEX_POINT('',#2080);
#2080 = CARTESIAN_POINT('',(10.,1.11,2.4));
#2081 = LINE('',#2082,#2083);
#2082 = CARTESIAN_POINT('',(4.,1.11,2.4));
#2083 = VECTOR('',#2084,1.);
#2084 = DIRECTION('',(1.,0.,0.));
#2085 = ORIENTED_EDGE('',*,*,#2086,.T.);
#2086 = EDGE_CURVE('',#2079,#2087,#2089,.T.);
#2087 = VERTEX_POINT('',#2088);
#2088 = CARTESIAN_POINT('',(10.,1.1132,2.4));
#2089 = LINE('',#2090,#2091);
#2090 = CARTESIAN_POINT('',(10.,1.11,2.4));
#2091 = VECTOR('',#2092,1.);
#2092 = DIRECTION('',(0.,1.,0.));
#2093 = ORIENTED_EDGE('',*,*,#2094,.T.);
#2094 = EDGE_CURVE('',#2087,#1372,#2095,.T.);
#2095 = LINE('',#2096,#2097);
#2096 = CARTESIAN_POINT('',(10.,1.1132,2.4));
#2097 = VECTOR('',#2098,1.);
#2098 = DIRECTION('',(0.866025403784,0.5,0.));
#2099 = PLANE('',#2100);
#2100 = AXIS2_PLACEMENT_3D('',#2101,#2102,#2103);
#2101 = CARTESIAN_POINT('',(7.116348132299,3.395080537176,2.4));
#2102 = DIRECTION('',(0.,0.,1.));
#2103 = DIRECTION('',(1.,0.,0.));
#2104 = ADVANCED_FACE('',(#2105),#2179,.T.);
#2105 = FACE_BOUND('',#2106,.T.);
#2106 = EDGE_LOOP('',(#2107,#2117,#2125,#2133,#2141,#2149,#2157,#2165,
    #2171,#2172,#2173));
#2107 = ORIENTED_EDGE('',*,*,#2108,.F.);
#2108 = EDGE_CURVE('',#2109,#2111,#2113,.T.);
#2109 = VERTEX_POINT('',#2110);
#2110 = CARTESIAN_POINT('',(48.,1.11,2.4));
#2111 = VERTEX_POINT('',#2112);
#2112 = CARTESIAN_POINT('',(48.,1.1132,2.4));
#2113 = LINE('',#2114,#2115);
#2114 = CARTESIAN_POINT('',(48.,1.11,2.4));
#2115 = VECTOR('',#2116,1.);
#2116 = DIRECTION('',(0.,1.,0.));
#2117 = ORIENTED_EDGE('',*,*,#2118,.T.);
#2118 = EDGE_CURVE('',#2109,#2119,#2121,.T.);
#2119 = VERTEX_POINT('',#2120);
#2120 = CARTESIAN_POINT('',(54.,1.11,2.4));
#2121 = LINE('',#2122,#2123);
#2122 = CARTESIAN_POINT('',(48.,1.11,2.4));
#2123 = VECTOR('',#2124,1.);
#2124 = DIRECTION('',(1.,0.,0.));
#2125 = ORIENTED_EDGE('',*,*,#2126,.F.);
#2126 = EDGE_CURVE('',#2127,#2119,#2129,.T.);
#2127 = VERTEX_POINT('',#2128);
#2128 = CARTESIAN_POINT('',(54.,1.1132,2.4));
#2129 = LINE('',#2130,#2131);
#2130 = CARTESIAN_POINT('',(54.,6.89,2.4));
#2131 = VECTOR('',#2132,1.);
#2132 = DIRECTION('',(-1.224646799147E-16,-1.,0.));
#2133 = ORIENTED_EDGE('',*,*,#2134,.F.);
#2134 = EDGE_CURVE('',#2135,#2127,#2137,.T.);
#2135 = VERTEX_POINT('',#2136);
#2136 = CARTESIAN_POINT('',(51.499957864355,2.5566,2.4));
#2137 = LINE('',#2138,#2139);
#2138 = CARTESIAN_POINT('',(51.499265044032,2.557,2.4));
#2139 = VECTOR('',#2140,1.);
#2140 = DIRECTION('',(0.866025403784,-0.5,0.));
#2141 = ORIENTED_EDGE('',*,*,#2142,.F.);
#2142 = EDGE_CURVE('',#2143,#2135,#2145,.T.);
#2143 = VERTEX_POINT('',#2144);
#2144 = CARTESIAN_POINT('',(51.499957864355,5.4434,2.4));
#2145 = LINE('',#2146,#2147);
#2146 = CARTESIAN_POINT('',(51.499957864355,6.1667,2.4));
#2147 = VECTOR('',#2148,1.);
#2148 = DIRECTION('',(-6.775761922273E-16,-1.,0.));
#2149 = ORIENTED_EDGE('',*,*,#2150,.F.);
#2150 = EDGE_CURVE('',#2151,#2143,#2153,.T.);
#2151 = VERTEX_POINT('',#2152);
#2152 = CARTESIAN_POINT('',(54.,6.8868,2.4));
#2153 = LINE('',#2154,#2155);
#2154 = CARTESIAN_POINT('',(54.000692820323,6.8872,2.4));
#2155 = VECTOR('',#2156,1.);
#2156 = DIRECTION('',(-0.866025403784,-0.5,0.));
#2157 = ORIENTED_EDGE('',*,*,#2158,.F.);
#2158 = EDGE_CURVE('',#2159,#2151,#2161,.T.);
#2159 = VERTEX_POINT('',#2160);
#2160 = CARTESIAN_POINT('',(54.,6.89,2.4));
#2161 = LINE('',#2162,#2163);
#2162 = CARTESIAN_POINT('',(54.,6.89,2.4));
#2163 = VECTOR('',#2164,1.);
#2164 = DIRECTION('',(-1.224646799147E-16,-1.,0.));
#2165 = ORIENTED_EDGE('',*,*,#2166,.T.);
#2166 = EDGE_CURVE('',#2159,#1468,#2167,.T.);
#2167 = LINE('',#2168,#2169);
#2168 = CARTESIAN_POINT('',(54.,6.89,2.4));
#2169 = VECTOR('',#2170,1.);
#2170 = DIRECTION('',(-1.,1.224646799147E-16,0.));
#2171 = ORIENTED_EDGE('',*,*,#1467,.T.);
#2172 = ORIENTED_EDGE('',*,*,#1419,.F.);
#2173 = ORIENTED_EDGE('',*,*,#2174,.T.);
#2174 = EDGE_CURVE('',#1412,#2111,#2175,.T.);
#2175 = LINE('',#2176,#2177);
#2176 = CARTESIAN_POINT('',(45.499957864355,2.5566,2.4));
#2177 = VECTOR('',#2178,1.);
#2178 = DIRECTION('',(0.866025403784,-0.5,0.));
#2179 = PLANE('',#2180);
#2180 = AXIS2_PLACEMENT_3D('',#2181,#2182,#2183);
#2181 = CARTESIAN_POINT('',(50.883651867701,3.395080537176,2.4));
#2182 = DIRECTION('',(0.,0.,1.));
#2183 = DIRECTION('',(1.,0.,0.));
#2184 = ADVANCED_FACE('',(#2185),#2203,.T.);
#2185 = FACE_BOUND('',#2186,.T.);
#2186 = EDGE_LOOP('',(#2187,#2188,#2189,#2197));
#2187 = ORIENTED_EDGE('',*,*,#2174,.F.);
#2188 = ORIENTED_EDGE('',*,*,#1411,.F.);
#2189 = ORIENTED_EDGE('',*,*,#2190,.T.);
#2190 = EDGE_CURVE('',#1404,#2191,#2193,.T.);
#2191 = VERTEX_POINT('',#2192);
#2192 = CARTESIAN_POINT('',(48.,1.1132,4.4));
#2193 = LINE('',#2194,#2195);
#2194 = CARTESIAN_POINT('',(45.499957864355,2.5566,4.4));
#2195 = VECTOR('',#2196,1.);
#2196 = DIRECTION('',(0.866025403784,-0.5,0.));
#2197 = ORIENTED_EDGE('',*,*,#2198,.F.);
#2198 = EDGE_CURVE('',#2111,#2191,#2199,.T.);
#2199 = LINE('',#2200,#2201);
#2200 = CARTESIAN_POINT('',(48.,1.1132,2.4));
#2201 = VECTOR('',#2202,1.);
#2202 = DIRECTION('',(0.,0.,1.));
#2203 = PLANE('',#2204);
#2204 = AXIS2_PLACEMENT_3D('',#2205,#2206,#2207);
#2205 = CARTESIAN_POINT('',(45.499957864355,2.5566,2.4));
#2206 = DIRECTION('',(0.5,0.866025403784,0.));
#2207 = DIRECTION('',(0.866025403784,-0.5,0.));
#2208 = ADVANCED_FACE('',(#2209),#2276,.T.);
#2209 = FACE_BOUND('',#2210,.T.);
#2210 = EDGE_LOOP('',(#2211,#2212,#2213,#2214,#2222,#2230,#2238,#2246,
    #2254,#2262,#2270));
#2211 = ORIENTED_EDGE('',*,*,#2190,.F.);
#2212 = ORIENTED_EDGE('',*,*,#1403,.T.);
#2213 = ORIENTED_EDGE('',*,*,#1483,.F.);
#2214 = ORIENTED_EDGE('',*,*,#2215,.F.);
#2215 = EDGE_CURVE('',#2216,#1476,#2218,.T.);
#2216 = VERTEX_POINT('',#2217);
#2217 = CARTESIAN_POINT('',(54.,6.89,4.4));
#2218 = LINE('',#2219,#2220);
#2219 = CARTESIAN_POINT('',(54.,6.89,4.4));
#2220 = VECTOR('',#2221,1.);
#2221 = DIRECTION('',(-1.,1.224646799147E-16,0.));
#2222 = ORIENTED_EDGE('',*,*,#2223,.T.);
#2223 = EDGE_CURVE('',#2216,#2224,#2226,.T.);
#2224 = VERTEX_POINT('',#2225);
#2225 = CARTESIAN_POINT('',(54.,6.8868,4.4));
#2226 = LINE('',#2227,#2228);
#2227 = CARTESIAN_POINT('',(54.,6.89,4.4));
#2228 = VECTOR('',#2229,1.);
#2229 = DIRECTION('',(-1.224646799147E-16,-1.,0.));
#2230 = ORIENTED_EDGE('',*,*,#2231,.T.);
#2231 = EDGE_CURVE('',#2224,#2232,#2234,.T.);
#2232 = VERTEX_POINT('',#2233);
#2233 = CARTESIAN_POINT('',(51.499957864355,5.4434,4.4));
#2234 = LINE('',#2235,#2236);
#2235 = CARTESIAN_POINT('',(54.000692820323,6.8872,4.4));
#2236 = VECTOR('',#2237,1.);
#2237 = DIRECTION('',(-0.866025403784,-0.5,0.));
#2238 = ORIENTED_EDGE('',*,*,#2239,.T.);
#2239 = EDGE_CURVE('',#2232,#2240,#2242,.T.);
#2240 = VERTEX_POINT('',#2241);
#2241 = CARTESIAN_POINT('',(51.499957864355,2.5566,4.4));
#2242 = LINE('',#2243,#2244);
#2243 = CARTESIAN_POINT('',(51.499957864355,6.1667,4.4));
#2244 = VECTOR('',#2245,1.);
#2245 = DIRECTION('',(-6.775761922273E-16,-1.,0.));
#2246 = ORIENTED_EDGE('',*,*,#2247,.T.);
#2247 = EDGE_CURVE('',#2240,#2248,#2250,.T.);
#2248 = VERTEX_POINT('',#2249);
#2249 = CARTESIAN_POINT('',(54.,1.1132,4.4));
#2250 = LINE('',#2251,#2252);
#2251 = CARTESIAN_POINT('',(51.499265044032,2.557,4.4));
#2252 = VECTOR('',#2253,1.);
#2253 = DIRECTION('',(0.866025403784,-0.5,0.));
#2254 = ORIENTED_EDGE('',*,*,#2255,.T.);
#2255 = EDGE_CURVE('',#2248,#2256,#2258,.T.);
#2256 = VERTEX_POINT('',#2257);
#2257 = CARTESIAN_POINT('',(54.,1.11,4.4));
#2258 = LINE('',#2259,#2260);
#2259 = CARTESIAN_POINT('',(54.,6.89,4.4));
#2260 = VECTOR('',#2261,1.);
#2261 = DIRECTION('',(-1.224646799147E-16,-1.,0.));
#2262 = ORIENTED_EDGE('',*,*,#2263,.F.);
#2263 = EDGE_CURVE('',#2264,#2256,#2266,.T.);
#2264 = VERTEX_POINT('',#2265);
#2265 = CARTESIAN_POINT('',(48.,1.11,4.4));
#2266 = LINE('',#2267,#2268);
#2267 = CARTESIAN_POINT('',(48.,1.11,4.4));
#2268 = VECTOR('',#2269,1.);
#2269 = DIRECTION('',(1.,0.,0.));
#2270 = ORIENTED_EDGE('',*,*,#2271,.T.);
#2271 = EDGE_CURVE('',#2264,#2191,#2272,.T.);
#2272 = LINE('',#2273,#2274);
#2273 = CARTESIAN_POINT('',(48.,1.11,4.4));
#2274 = VECTOR('',#2275,1.);
#2275 = DIRECTION('',(0.,1.,0.));
#2276 = PLANE('',#2277);
#2277 = AXIS2_PLACEMENT_3D('',#2278,#2279,#2280);
#2278 = CARTESIAN_POINT('',(50.883651867701,3.395080537176,4.4));
#2279 = DIRECTION('',(-0.,-0.,-1.));
#2280 = DIRECTION('',(-1.,0.,0.));
#2281 = ADVANCED_FACE('',(#2282),#2293,.T.);
#2282 = FACE_BOUND('',#2283,.T.);
#2283 = EDGE_LOOP('',(#2284,#2285,#2291,#2292));
#2284 = ORIENTED_EDGE('',*,*,#2094,.F.);
#2285 = ORIENTED_EDGE('',*,*,#2286,.T.);
#2286 = EDGE_CURVE('',#2087,#1933,#2287,.T.);
#2287 = LINE('',#2288,#2289);
#2288 = CARTESIAN_POINT('',(10.,1.1132,2.4));
#2289 = VECTOR('',#2290,1.);
#2290 = DIRECTION('',(0.,0.,1.));
#2291 = ORIENTED_EDGE('',*,*,#1932,.T.);
#2292 = ORIENTED_EDGE('',*,*,#1379,.F.);
#2293 = PLANE('',#2294);
#2294 = AXIS2_PLACEMENT_3D('',#2295,#2296,#2297);
#2295 = CARTESIAN_POINT('',(10.,1.1132,2.4));
#2296 = DIRECTION('',(-0.5,0.866025403784,0.));
#2297 = DIRECTION('',(0.866025403784,0.5,0.));
#2298 = ADVANCED_FACE('',(#2299),#2310,.T.);
#2299 = FACE_BOUND('',#2300,.T.);
#2300 = EDGE_LOOP('',(#2301,#2302,#2308,#2309));
#2301 = ORIENTED_EDGE('',*,*,#2166,.F.);
#2302 = ORIENTED_EDGE('',*,*,#2303,.T.);
#2303 = EDGE_CURVE('',#2159,#2216,#2304,.T.);
#2304 = LINE('',#2305,#2306);
#2305 = CARTESIAN_POINT('',(54.,6.89,2.4));
#2306 = VECTOR('',#2307,1.);
#2307 = DIRECTION('',(0.,0.,1.));
#2308 = ORIENTED_EDGE('',*,*,#2215,.T.);
#2309 = ORIENTED_EDGE('',*,*,#1475,.F.);
#2310 = PLANE('',#2311);
#2311 = AXIS2_PLACEMENT_3D('',#2312,#2313,#2314);
#2312 = CARTESIAN_POINT('',(54.,6.89,2.4));
#2313 = DIRECTION('',(-1.224646799147E-16,-1.,0.));
#2314 = DIRECTION('',(0.,0.,1.));
#2315 = ADVANCED_FACE('',(#2316),#2390,.T.);
#2316 = FACE_BOUND('',#2317,.T.);
#2317 = EDGE_LOOP('',(#2318,#2328,#2336,#2344,#2352,#2360,#2368,#2376,
    #2382,#2383,#2384));
#2318 = ORIENTED_EDGE('',*,*,#2319,.T.);
#2319 = EDGE_CURVE('',#2320,#2322,#2324,.T.);
#2320 = VERTEX_POINT('',#2321);
#2321 = CARTESIAN_POINT('',(4.,33.11,4.4));
#2322 = VERTEX_POINT('',#2323);
#2323 = CARTESIAN_POINT('',(4.,33.1132,4.4));
#2324 = LINE('',#2325,#2326);
#2325 = CARTESIAN_POINT('',(4.,33.11,4.4));
#2326 = VECTOR('',#2327,1.);
#2327 = DIRECTION('',(0.,1.,0.));
#2328 = ORIENTED_EDGE('',*,*,#2329,.T.);
#2329 = EDGE_CURVE('',#2322,#2330,#2332,.T.);
#2330 = VERTEX_POINT('',#2331);
#2331 = CARTESIAN_POINT('',(6.500042135645,34.5566,4.4));
#2332 = LINE('',#2333,#2334);
#2333 = CARTESIAN_POINT('',(3.999307179677,33.1128,4.4));
#2334 = VECTOR('',#2335,1.);
#2335 = DIRECTION('',(0.866025403784,0.5,0.));
#2336 = ORIENTED_EDGE('',*,*,#2337,.T.);
#2337 = EDGE_CURVE('',#2330,#2338,#2340,.T.);
#2338 = VERTEX_POINT('',#2339);
#2339 = CARTESIAN_POINT('',(6.500042135645,37.4434,4.4));
#2340 = LINE('',#2341,#2342);
#2341 = CARTESIAN_POINT('',(6.500042135645,33.8333,4.4));
#2342 = VECTOR('',#2343,1.);
#2343 = DIRECTION('',(5.551115123126E-16,1.,0.));
#2344 = ORIENTED_EDGE('',*,*,#2345,.T.);
#2345 = EDGE_CURVE('',#2338,#2346,#2348,.T.);
#2346 = VERTEX_POINT('',#2347);
#2347 = CARTESIAN_POINT('',(4.,38.8868,4.4));
#2348 = LINE('',#2349,#2350);
#2349 = CARTESIAN_POINT('',(6.500734955968,37.443,4.4));
#2350 = VECTOR('',#2351,1.);
#2351 = DIRECTION('',(-0.866025403784,0.5,0.));
#2352 = ORIENTED_EDGE('',*,*,#2353,.T.);
#2353 = EDGE_CURVE('',#2346,#2354,#2356,.T.);
#2354 = VERTEX_POINT('',#2355);
#2355 = CARTESIAN_POINT('',(4.,38.89,4.4));
#2356 = LINE('',#2357,#2358);
#2357 = CARTESIAN_POINT('',(4.,33.11,4.4));
#2358 = VECTOR('',#2359,1.);
#2359 = DIRECTION('',(0.,1.,0.));
#2360 = ORIENTED_EDGE('',*,*,#2361,.T.);
#2361 = EDGE_CURVE('',#2354,#2362,#2364,.T.);
#2362 = VERTEX_POINT('',#2363);
#2363 = CARTESIAN_POINT('',(10.,38.89,4.4));
#2364 = LINE('',#2365,#2366);
#2365 = CARTESIAN_POINT('',(4.,38.89,4.4));
#2366 = VECTOR('',#2367,1.);
#2367 = DIRECTION('',(1.,0.,0.));
#2368 = ORIENTED_EDGE('',*,*,#2369,.F.);
#2369 = EDGE_CURVE('',#2370,#2362,#2372,.T.);
#2370 = VERTEX_POINT('',#2371);
#2371 = CARTESIAN_POINT('',(10.,38.8868,4.4));
#2372 = LINE('',#2373,#2374);
#2373 = CARTESIAN_POINT('',(10.,38.,4.4));
#2374 = VECTOR('',#2375,1.);
#2375 = DIRECTION('',(0.,1.,0.));
#2376 = ORIENTED_EDGE('',*,*,#2377,.F.);
#2377 = EDGE_CURVE('',#1575,#2370,#2378,.T.);
#2378 = LINE('',#2379,#2380);
#2379 = CARTESIAN_POINT('',(12.500042135645,37.4434,4.4));
#2380 = VECTOR('',#2381,1.);
#2381 = DIRECTION('',(-0.866025403784,0.5,0.));
#2382 = ORIENTED_EDGE('',*,*,#1582,.F.);
#2383 = ORIENTED_EDGE('',*,*,#1525,.F.);
#2384 = ORIENTED_EDGE('',*,*,#2385,.F.);
#2385 = EDGE_CURVE('',#2320,#1518,#2386,.T.);
#2386 = LINE('',#2387,#2388);
#2387 = CARTESIAN_POINT('',(4.,33.11,4.4));
#2388 = VECTOR('',#2389,1.);
#2389 = DIRECTION('',(1.,0.,0.));
#2390 = PLANE('',#2391);
#2391 = AXIS2_PLACEMENT_3D('',#2392,#2393,#2394);
#2392 = CARTESIAN_POINT('',(7.116348132299,36.604919462824,4.4));
#2393 = DIRECTION('',(-0.,-0.,-1.));
#2394 = DIRECTION('',(-1.,0.,0.));
#2395 = ADVANCED_FACE('',(#2396),#2414,.T.);
#2396 = FACE_BOUND('',#2397,.T.);
#2397 = EDGE_LOOP('',(#2398,#2406,#2412,#2413));
#2398 = ORIENTED_EDGE('',*,*,#2399,.F.);
#2399 = EDGE_CURVE('',#2400,#1510,#2402,.T.);
#2400 = VERTEX_POINT('',#2401);
#2401 = CARTESIAN_POINT('',(4.,33.11,2.4));
#2402 = LINE('',#2403,#2404);
#2403 = CARTESIAN_POINT('',(4.,33.11,2.4));
#2404 = VECTOR('',#2405,1.);
#2405 = DIRECTION('',(1.,0.,0.));
#2406 = ORIENTED_EDGE('',*,*,#2407,.T.);
#2407 = EDGE_CURVE('',#2400,#2320,#2408,.T.);
#2408 = LINE('',#2409,#2410);
#2409 = CARTESIAN_POINT('',(4.,33.11,2.4));
#2410 = VECTOR('',#2411,1.);
#2411 = DIRECTION('',(0.,0.,1.));
#2412 = ORIENTED_EDGE('',*,*,#2385,.T.);
#2413 = ORIENTED_EDGE('',*,*,#1517,.F.);
#2414 = PLANE('',#2415);
#2415 = AXIS2_PLACEMENT_3D('',#2416,#2417,#2418);
#2416 = CARTESIAN_POINT('',(4.,33.11,2.4));
#2417 = DIRECTION('',(0.,1.,0.));
#2418 = DIRECTION('',(0.,0.,1.));
#2419 = ADVANCED_FACE('',(#2420),#2487,.T.);
#2420 = FACE_BOUND('',#2421,.T.);
#2421 = EDGE_LOOP('',(#2422,#2430,#2431,#2432,#2433,#2441,#2449,#2457,
    #2465,#2473,#2481));
#2422 = ORIENTED_EDGE('',*,*,#2423,.F.);
#2423 = EDGE_CURVE('',#2400,#2424,#2426,.T.);
#2424 = VERTEX_POINT('',#2425);
#2425 = CARTESIAN_POINT('',(4.,33.1132,2.4));
#2426 = LINE('',#2427,#2428);
#2427 = CARTESIAN_POINT('',(4.,33.11,2.4));
#2428 = VECTOR('',#2429,1.);
#2429 = DIRECTION('',(0.,1.,0.));
#2430 = ORIENTED_EDGE('',*,*,#2399,.T.);
#2431 = ORIENTED_EDGE('',*,*,#1509,.T.);
#2432 = ORIENTED_EDGE('',*,*,#1566,.T.);
#2433 = ORIENTED_EDGE('',*,*,#2434,.T.);
#2434 = EDGE_CURVE('',#1567,#2435,#2437,.T.);
#2435 = VERTEX_POINT('',#2436);
#2436 = CARTESIAN_POINT('',(10.,38.8868,2.4));
#2437 = LINE('',#2438,#2439);
#2438 = CARTESIAN_POINT('',(12.500042135645,37.4434,2.4));
#2439 = VECTOR('',#2440,1.);
#2440 = DIRECTION('',(-0.866025403784,0.5,0.));
#2441 = ORIENTED_EDGE('',*,*,#2442,.T.);
#2442 = EDGE_CURVE('',#2435,#2443,#2445,.T.);
#2443 = VERTEX_POINT('',#2444);
#2444 = CARTESIAN_POINT('',(10.,38.89,2.4));
#2445 = LINE('',#2446,#2447);
#2446 = CARTESIAN_POINT('',(10.,38.,2.4));
#2447 = VECTOR('',#2448,1.);
#2448 = DIRECTION('',(0.,1.,0.));
#2449 = ORIENTED_EDGE('',*,*,#2450,.F.);
#2450 = EDGE_CURVE('',#2451,#2443,#2453,.T.);
#2451 = VERTEX_POINT('',#2452);
#2452 = CARTESIAN_POINT('',(4.,38.89,2.4));
#2453 = LINE('',#2454,#2455);
#2454 = CARTESIAN_POINT('',(7.5,38.89,2.4));
#2455 = VECTOR('',#2456,1.);
#2456 = DIRECTION('',(1.,0.,0.));
#2457 = ORIENTED_EDGE('',*,*,#2458,.F.);
#2458 = EDGE_CURVE('',#2459,#2451,#2461,.T.);
#2459 = VERTEX_POINT('',#2460);
#2460 = CARTESIAN_POINT('',(4.,38.8868,2.4));
#2461 = LINE('',#2462,#2463);
#2462 = CARTESIAN_POINT('',(4.,33.11,2.4));
#2463 = VECTOR('',#2464,1.);
#2464 = DIRECTION('',(0.,1.,0.));
#2465 = ORIENTED_EDGE('',*,*,#2466,.F.);
#2466 = EDGE_CURVE('',#2467,#2459,#2469,.T.);
#2467 = VERTEX_POINT('',#2468);
#2468 = CARTESIAN_POINT('',(6.500042135645,37.4434,2.4));
#2469 = LINE('',#2470,#2471);
#2470 = CARTESIAN_POINT('',(6.500734955968,37.443,2.4));
#2471 = VECTOR('',#2472,1.);
#2472 = DIRECTION('',(-0.866025403784,0.5,0.));
#2473 = ORIENTED_EDGE('',*,*,#2474,.F.);
#2474 = EDGE_CURVE('',#2475,#2467,#2477,.T.);
#2475 = VERTEX_POINT('',#2476);
#2476 = CARTESIAN_POINT('',(6.500042135645,34.5566,2.4));
#2477 = LINE('',#2478,#2479);
#2478 = CARTESIAN_POINT('',(6.500042135645,33.8333,2.4));
#2479 = VECTOR('',#2480,1.);
#2480 = DIRECTION('',(5.551115123126E-16,1.,0.));
#2481 = ORIENTED_EDGE('',*,*,#2482,.F.);
#2482 = EDGE_CURVE('',#2424,#2475,#2483,.T.);
#2483 = LINE('',#2484,#2485);
#2484 = CARTESIAN_POINT('',(3.999307179677,33.1128,2.4));
#2485 = VECTOR('',#2486,1.);
#2486 = DIRECTION('',(0.866025403784,0.5,0.));
#2487 = PLANE('',#2488);
#2488 = AXIS2_PLACEMENT_3D('',#2489,#2490,#2491);
#2489 = CARTESIAN_POINT('',(7.116348132299,36.604919462824,2.4));
#2490 = DIRECTION('',(0.,0.,1.));
#2491 = DIRECTION('',(1.,0.,0.));
#2492 = ADVANCED_FACE('',(#2493),#2504,.T.);
#2493 = FACE_BOUND('',#2494,.T.);
#2494 = EDGE_LOOP('',(#2495,#2496,#2497,#2498));
#2495 = ORIENTED_EDGE('',*,*,#2434,.F.);
#2496 = ORIENTED_EDGE('',*,*,#1574,.T.);
#2497 = ORIENTED_EDGE('',*,*,#2377,.T.);
#2498 = ORIENTED_EDGE('',*,*,#2499,.F.);
#2499 = EDGE_CURVE('',#2435,#2370,#2500,.T.);
#2500 = LINE('',#2501,#2502);
#2501 = CARTESIAN_POINT('',(10.,38.8868,2.4));
#2502 = VECTOR('',#2503,1.);
#2503 = DIRECTION('',(0.,0.,1.));
#2504 = PLANE('',#2505);
#2505 = AXIS2_PLACEMENT_3D('',#2506,#2507,#2508);
#2506 = CARTESIAN_POINT('',(12.500042135645,37.4434,2.4));
#2507 = DIRECTION('',(-0.5,-0.866025403784,0.));
#2508 = DIRECTION('',(-0.866025403784,0.5,0.));
#2509 = ADVANCED_FACE('',(#2510),#2584,.T.);
#2510 = FACE_BOUND('',#2511,.T.);
#2511 = EDGE_LOOP('',(#2512,#2522,#2528,#2529,#2530,#2538,#2546,#2554,
    #2562,#2570,#2578));
#2512 = ORIENTED_EDGE('',*,*,#2513,.F.);
#2513 = EDGE_CURVE('',#2514,#2516,#2518,.T.);
#2514 = VERTEX_POINT('',#2515);
#2515 = CARTESIAN_POINT('',(48.,38.8868,2.4));
#2516 = VERTEX_POINT('',#2517);
#2517 = CARTESIAN_POINT('',(48.,38.89,2.4));
#2518 = LINE('',#2519,#2520);
#2519 = CARTESIAN_POINT('',(48.,38.,2.4));
#2520 = VECTOR('',#2521,1.);
#2521 = DIRECTION('',(0.,1.,0.));
#2522 = ORIENTED_EDGE('',*,*,#2523,.T.);
#2523 = EDGE_CURVE('',#2514,#1751,#2524,.T.);
#2524 = LINE('',#2525,#2526);
#2525 = CARTESIAN_POINT('',(48.,38.8868,2.4));
#2526 = VECTOR('',#2527,1.);
#2527 = DIRECTION('',(-0.866025403784,-0.5,0.));
#2528 = ORIENTED_EDGE('',*,*,#1758,.T.);
#2529 = ORIENTED_EDGE('',*,*,#1711,.T.);
#2530 = ORIENTED_EDGE('',*,*,#2531,.F.);
#2531 = EDGE_CURVE('',#2532,#1704,#2534,.T.);
#2532 = VERTEX_POINT('',#2533);
#2533 = CARTESIAN_POINT('',(54.,33.11,2.4));
#2534 = LINE('',#2535,#2536);
#2535 = CARTESIAN_POINT('',(54.,33.11,2.4));
#2536 = VECTOR('',#2537,1.);
#2537 = DIRECTION('',(-1.,1.224646799147E-16,0.));
#2538 = ORIENTED_EDGE('',*,*,#2539,.F.);
#2539 = EDGE_CURVE('',#2540,#2532,#2542,.T.);
#2540 = VERTEX_POINT('',#2541);
#2541 = CARTESIAN_POINT('',(54.,33.1132,2.4));
#2542 = LINE('',#2543,#2544);
#2543 = CARTESIAN_POINT('',(54.,38.89,2.4));
#2544 = VECTOR('',#2545,1.);
#2545 = DIRECTION('',(-1.224646799147E-16,-1.,0.));
#2546 = ORIENTED_EDGE('',*,*,#2547,.F.);
#2547 = EDGE_CURVE('',#2548,#2540,#2550,.T.);
#2548 = VERTEX_POINT('',#2549);
#2549 = CARTESIAN_POINT('',(51.499957864355,34.5566,2.4));
#2550 = LINE('',#2551,#2552);
#2551 = CARTESIAN_POINT('',(51.499265044032,34.557,2.4));
#2552 = VECTOR('',#2553,1.);
#2553 = DIRECTION('',(0.866025403784,-0.5,0.));
#2554 = ORIENTED_EDGE('',*,*,#2555,.F.);
#2555 = EDGE_CURVE('',#2556,#2548,#2558,.T.);
#2556 = VERTEX_POINT('',#2557);
#2557 = CARTESIAN_POINT('',(51.499957864355,37.4434,2.4));
#2558 = LINE('',#2559,#2560);
#2559 = CARTESIAN_POINT('',(51.499957864355,38.1667,2.4));
#2560 = VECTOR('',#2561,1.);
#2561 = DIRECTION('',(-6.775761922273E-16,-1.,0.));
#2562 = ORIENTED_EDGE('',*,*,#2563,.F.);
#2563 = EDGE_CURVE('',#2564,#2556,#2566,.T.);
#2564 = VERTEX_POINT('',#2565);
#2565 = CARTESIAN_POINT('',(54.,38.8868,2.4));
#2566 = LINE('',#2567,#2568);
#2567 = CARTESIAN_POINT('',(54.000692820323,38.8872,2.4));
#2568 = VECTOR('',#2569,1.);
#2569 = DIRECTION('',(-0.866025403784,-0.5,0.));
#2570 = ORIENTED_EDGE('',*,*,#2571,.F.);
#2571 = EDGE_CURVE('',#2572,#2564,#2574,.T.);
#2572 = VERTEX_POINT('',#2573);
#2573 = CARTESIAN_POINT('',(54.,38.89,2.4));
#2574 = LINE('',#2575,#2576);
#2575 = CARTESIAN_POINT('',(54.,38.89,2.4));
#2576 = VECTOR('',#2577,1.);
#2577 = DIRECTION('',(-1.224646799147E-16,-1.,0.));
#2578 = ORIENTED_EDGE('',*,*,#2579,.T.);
#2579 = EDGE_CURVE('',#2572,#2516,#2580,.T.);
#2580 = LINE('',#2581,#2582);
#2581 = CARTESIAN_POINT('',(54.,38.89,2.4));
#2582 = VECTOR('',#2583,1.);
#2583 = DIRECTION('',(-1.,1.224646799147E-16,0.));
#2584 = PLANE('',#2585);
#2585 = AXIS2_PLACEMENT_3D('',#2586,#2587,#2588);
#2586 = CARTESIAN_POINT('',(50.883651867701,36.604919462824,2.4));
#2587 = DIRECTION('',(0.,0.,1.));
#2588 = DIRECTION('',(1.,0.,0.));
#2589 = ADVANCED_FACE('',(#2590),#2608,.F.);
#2590 = FACE_BOUND('',#2591,.F.);
#2591 = EDGE_LOOP('',(#2592,#2593,#2601,#2607));
#2592 = ORIENTED_EDGE('',*,*,#2531,.F.);
#2593 = ORIENTED_EDGE('',*,*,#2594,.T.);
#2594 = EDGE_CURVE('',#2532,#2595,#2597,.T.);
#2595 = VERTEX_POINT('',#2596);
#2596 = CARTESIAN_POINT('',(54.,33.11,4.4));
#2597 = LINE('',#2598,#2599);
#2598 = CARTESIAN_POINT('',(54.,33.11,2.4));
#2599 = VECTOR('',#2600,1.);
#2600 = DIRECTION('',(0.,0.,1.));
#2601 = ORIENTED_EDGE('',*,*,#2602,.T.);
#2602 = EDGE_CURVE('',#2595,#1696,#2603,.T.);
#2603 = LINE('',#2604,#2605);
#2604 = CARTESIAN_POINT('',(54.,33.11,4.4));
#2605 = VECTOR('',#2606,1.);
#2606 = DIRECTION('',(-1.,1.224646799147E-16,0.));
#2607 = ORIENTED_EDGE('',*,*,#1703,.F.);
#2608 = PLANE('',#2609);
#2609 = AXIS2_PLACEMENT_3D('',#2610,#2611,#2612);
#2610 = CARTESIAN_POINT('',(54.,33.11,2.4));
#2611 = DIRECTION('',(-1.224646799147E-16,-1.,0.));
#2612 = DIRECTION('',(0.,0.,1.));
#2613 = ADVANCED_FACE('',(#2614),#2681,.T.);
#2614 = FACE_BOUND('',#2615,.T.);
#2615 = EDGE_LOOP('',(#2616,#2624,#2632,#2640,#2648,#2656,#2664,#2672,
    #2678,#2679,#2680));
#2616 = ORIENTED_EDGE('',*,*,#2617,.F.);
#2617 = EDGE_CURVE('',#2618,#1743,#2620,.T.);
#2618 = VERTEX_POINT('',#2619);
#2619 = CARTESIAN_POINT('',(48.,38.8868,4.4));
#2620 = LINE('',#2621,#2622);
#2621 = CARTESIAN_POINT('',(48.,38.8868,4.4));
#2622 = VECTOR('',#2623,1.);
#2623 = DIRECTION('',(-0.866025403784,-0.5,0.));
#2624 = ORIENTED_EDGE('',*,*,#2625,.T.);
#2625 = EDGE_CURVE('',#2618,#2626,#2628,.T.);
#2626 = VERTEX_POINT('',#2627);
#2627 = CARTESIAN_POINT('',(48.,38.89,4.4));
#2628 = LINE('',#2629,#2630);
#2629 = CARTESIAN_POINT('',(48.,38.,4.4));
#2630 = VECTOR('',#2631,1.);
#2631 = DIRECTION('',(0.,1.,0.));
#2632 = ORIENTED_EDGE('',*,*,#2633,.F.);
#2633 = EDGE_CURVE('',#2634,#2626,#2636,.T.);
#2634 = VERTEX_POINT('',#2635);
#2635 = CARTESIAN_POINT('',(54.,38.89,4.4));
#2636 = LINE('',#2637,#2638);
#2637 = CARTESIAN_POINT('',(54.,38.89,4.4));
#2638 = VECTOR('',#2639,1.);
#2639 = DIRECTION('',(-1.,1.224646799147E-16,0.));
#2640 = ORIENTED_EDGE('',*,*,#2641,.T.);
#2641 = EDGE_CURVE('',#2634,#2642,#2644,.T.);
#2642 = VERTEX_POINT('',#2643);
#2643 = CARTESIAN_POINT('',(54.,38.8868,4.4));
#2644 = LINE('',#2645,#2646);
#2645 = CARTESIAN_POINT('',(54.,38.89,4.4));
#2646 = VECTOR('',#2647,1.);
#2647 = DIRECTION('',(-1.224646799147E-16,-1.,0.));
#2648 = ORIENTED_EDGE('',*,*,#2649,.T.);
#2649 = EDGE_CURVE('',#2642,#2650,#2652,.T.);
#2650 = VERTEX_POINT('',#2651);
#2651 = CARTESIAN_POINT('',(51.499957864355,37.4434,4.4));
#2652 = LINE('',#2653,#2654);
#2653 = CARTESIAN_POINT('',(54.000692820323,38.8872,4.4));
#2654 = VECTOR('',#2655,1.);
#2655 = DIRECTION('',(-0.866025403784,-0.5,0.));
#2656 = ORIENTED_EDGE('',*,*,#2657,.T.);
#2657 = EDGE_CURVE('',#2650,#2658,#2660,.T.);
#2658 = VERTEX_POINT('',#2659);
#2659 = CARTESIAN_POINT('',(51.499957864355,34.5566,4.4));
#2660 = LINE('',#2661,#2662);
#2661 = CARTESIAN_POINT('',(51.499957864355,38.1667,4.4));
#2662 = VECTOR('',#2663,1.);
#2663 = DIRECTION('',(-6.775761922273E-16,-1.,0.));
#2664 = ORIENTED_EDGE('',*,*,#2665,.T.);
#2665 = EDGE_CURVE('',#2658,#2666,#2668,.T.);
#2666 = VERTEX_POINT('',#2667);
#2667 = CARTESIAN_POINT('',(54.,33.1132,4.4));
#2668 = LINE('',#2669,#2670);
#2669 = CARTESIAN_POINT('',(51.499265044032,34.557,4.4));
#2670 = VECTOR('',#2671,1.);
#2671 = DIRECTION('',(0.866025403784,-0.5,0.));
#2672 = ORIENTED_EDGE('',*,*,#2673,.T.);
#2673 = EDGE_CURVE('',#2666,#2595,#2674,.T.);
#2674 = LINE('',#2675,#2676);
#2675 = CARTESIAN_POINT('',(54.,38.89,4.4));
#2676 = VECTOR('',#2677,1.);
#2677 = DIRECTION('',(-1.224646799147E-16,-1.,0.));
#2678 = ORIENTED_EDGE('',*,*,#2602,.T.);
#2679 = ORIENTED_EDGE('',*,*,#1695,.F.);
#2680 = ORIENTED_EDGE('',*,*,#1742,.F.);
#2681 = PLANE('',#2682);
#2682 = AXIS2_PLACEMENT_3D('',#2683,#2684,#2685);
#2683 = CARTESIAN_POINT('',(50.883651867701,36.604919462824,4.4));
#2684 = DIRECTION('',(-0.,-0.,-1.));
#2685 = DIRECTION('',(-1.,0.,0.));
#2686 = ADVANCED_FACE('',(#2687),#2698,.T.);
#2687 = FACE_BOUND('',#2688,.T.);
#2688 = EDGE_LOOP('',(#2689,#2690,#2696,#2697));
#2689 = ORIENTED_EDGE('',*,*,#2523,.F.);
#2690 = ORIENTED_EDGE('',*,*,#2691,.T.);
#2691 = EDGE_CURVE('',#2514,#2618,#2692,.T.);
#2692 = LINE('',#2693,#2694);
#2693 = CARTESIAN_POINT('',(48.,38.8868,2.4));
#2694 = VECTOR('',#2695,1.);
#2695 = DIRECTION('',(0.,0.,1.));
#2696 = ORIENTED_EDGE('',*,*,#2617,.T.);
#2697 = ORIENTED_EDGE('',*,*,#1750,.T.);
#2698 = PLANE('',#2699);
#2699 = AXIS2_PLACEMENT_3D('',#2700,#2701,#2702);
#2700 = CARTESIAN_POINT('',(48.,38.8868,2.4));
#2701 = DIRECTION('',(0.5,-0.866025403784,0.));
#2702 = DIRECTION('',(-0.866025403784,-0.5,0.));
#2703 = ADVANCED_FACE('',(#2704,#2754),#2757,.F.);
#2704 = FACE_BOUND('',#2705,.F.);
#2705 = EDGE_LOOP('',(#2706,#2716,#2724,#2732,#2740,#2748));
#2706 = ORIENTED_EDGE('',*,*,#2707,.T.);
#2707 = EDGE_CURVE('',#2708,#2710,#2712,.T.);
#2708 = VERTEX_POINT('',#2709);
#2709 = CARTESIAN_POINT('',(51.499957864355,34.5566,5.2));
#2710 = VERTEX_POINT('',#2711);
#2711 = CARTESIAN_POINT('',(54.,33.1132,5.2));
#2712 = LINE('',#2713,#2714);
#2713 = CARTESIAN_POINT('',(51.499957864355,34.5566,5.2));
#2714 = VECTOR('',#2715,1.);
#2715 = DIRECTION('',(0.866025403784,-0.5,0.));
#2716 = ORIENTED_EDGE('',*,*,#2717,.T.);
#2717 = EDGE_CURVE('',#2710,#2718,#2720,.T.);
#2718 = VERTEX_POINT('',#2719);
#2719 = CARTESIAN_POINT('',(56.500042135645,34.5566,5.2));
#2720 = LINE('',#2721,#2722);
#2721 = CARTESIAN_POINT('',(54.,33.1132,5.2));
#2722 = VECTOR('',#2723,1.);
#2723 = DIRECTION('',(0.866025403784,0.5,0.));
#2724 = ORIENTED_EDGE('',*,*,#2725,.T.);
#2725 = EDGE_CURVE('',#2718,#2726,#2728,.T.);
#2726 = VERTEX_POINT('',#2727);
#2727 = CARTESIAN_POINT('',(56.500042135645,37.4434,5.2));
#2728 = LINE('',#2729,#2730);
#2729 = CARTESIAN_POINT('',(56.500042135645,34.5566,5.2));
#2730 = VECTOR('',#2731,1.);
#2731 = DIRECTION('',(4.996003610813E-16,1.,0.));
#2732 = ORIENTED_EDGE('',*,*,#2733,.T.);
#2733 = EDGE_CURVE('',#2726,#2734,#2736,.T.);
#2734 = VERTEX_POINT('',#2735);
#2735 = CARTESIAN_POINT('',(54.,38.8868,5.2));
#2736 = LINE('',#2737,#2738);
#2737 = CARTESIAN_POINT('',(56.500042135645,37.4434,5.2));
#2738 = VECTOR('',#2739,1.);
#2739 = DIRECTION('',(-0.866025403784,0.5,0.));
#2740 = ORIENTED_EDGE('',*,*,#2741,.T.);
#2741 = EDGE_CURVE('',#2734,#2742,#2744,.T.);
#2742 = VERTEX_POINT('',#2743);
#2743 = CARTESIAN_POINT('',(51.499957864355,37.4434,5.2));
#2744 = LINE('',#2745,#2746);
#2745 = CARTESIAN_POINT('',(54.,38.8868,5.2));
#2746 = VECTOR('',#2747,1.);
#2747 = DIRECTION('',(-0.866025403784,-0.5,0.));
#2748 = ORIENTED_EDGE('',*,*,#2749,.T.);
#2749 = EDGE_CURVE('',#2742,#2708,#2750,.T.);
#2750 = LINE('',#2751,#2752);
#2751 = CARTESIAN_POINT('',(51.499957864355,37.4434,5.2));
#2752 = VECTOR('',#2753,1.);
#2753 = DIRECTION('',(-7.216449660064E-16,-1.,0.));
#2754 = FACE_BOUND('',#2755,.F.);
#2755 = EDGE_LOOP('',(#2756));
#2756 = ORIENTED_EDGE('',*,*,#1785,.T.);
#2757 = PLANE('',#2758);
#2758 = AXIS2_PLACEMENT_3D('',#2759,#2760,#2761);
#2759 = CARTESIAN_POINT('',(54.,36.,5.2));
#2760 = DIRECTION('',(0.,0.,1.));
#2761 = DIRECTION('',(-0.866025403784,-0.5,0.));
#2762 = ADVANCED_FACE('',(#2763,#2813),#2816,.F.);
#2763 = FACE_BOUND('',#2764,.F.);
#2764 = EDGE_LOOP('',(#2765,#2775,#2783,#2791,#2799,#2807));
#2765 = ORIENTED_EDGE('',*,*,#2766,.T.);
#2766 = EDGE_CURVE('',#2767,#2769,#2771,.T.);
#2767 = VERTEX_POINT('',#2768);
#2768 = CARTESIAN_POINT('',(6.500042135645,37.4434,5.2));
#2769 = VERTEX_POINT('',#2770);
#2770 = CARTESIAN_POINT('',(4.,38.8868,5.2));
#2771 = LINE('',#2772,#2773);
#2772 = CARTESIAN_POINT('',(6.500042135645,37.4434,5.2));
#2773 = VECTOR('',#2774,1.);
#2774 = DIRECTION('',(-0.866025403784,0.5,0.));
#2775 = ORIENTED_EDGE('',*,*,#2776,.T.);
#2776 = EDGE_CURVE('',#2769,#2777,#2779,.T.);
#2777 = VERTEX_POINT('',#2778);
#2778 = CARTESIAN_POINT('',(1.499957864355,37.4434,5.2));
#2779 = LINE('',#2780,#2781);
#2780 = CARTESIAN_POINT('',(4.,38.8868,5.2));
#2781 = VECTOR('',#2782,1.);
#2782 = DIRECTION('',(-0.866025403784,-0.5,0.));
#2783 = ORIENTED_EDGE('',*,*,#2784,.T.);
#2784 = EDGE_CURVE('',#2777,#2785,#2787,.T.);
#2785 = VERTEX_POINT('',#2786);
#2786 = CARTESIAN_POINT('',(1.499957864355,34.5566,5.2));
#2787 = LINE('',#2788,#2789);
#2788 = CARTESIAN_POINT('',(1.499957864355,37.4434,5.2));
#2789 = VECTOR('',#2790,1.);
#2790 = DIRECTION('',(-3.330669073875E-16,-1.,0.));
#2791 = ORIENTED_EDGE('',*,*,#2792,.T.);
#2792 = EDGE_CURVE('',#2785,#2793,#2795,.T.);
#2793 = VERTEX_POINT('',#2794);
#2794 = CARTESIAN_POINT('',(4.,33.1132,5.2));
#2795 = LINE('',#2796,#2797);
#2796 = CARTESIAN_POINT('',(1.499957864355,34.5566,5.2));
#2797 = VECTOR('',#2798,1.);
#2798 = DIRECTION('',(0.866025403784,-0.5,0.));
#2799 = ORIENTED_EDGE('',*,*,#2800,.T.);
#2800 = EDGE_CURVE('',#2793,#2801,#2803,.T.);
#2801 = VERTEX_POINT('',#2802);
#2802 = CARTESIAN_POINT('',(6.500042135645,34.5566,5.2));
#2803 = LINE('',#2804,#2805);
#2804 = CARTESIAN_POINT('',(4.,33.1132,5.2));
#2805 = VECTOR('',#2806,1.);
#2806 = DIRECTION('',(0.866025403784,0.5,0.));
#2807 = ORIENTED_EDGE('',*,*,#2808,.T.);
#2808 = EDGE_CURVE('',#2801,#2767,#2809,.T.);
#2809 = LINE('',#2810,#2811);
#2810 = CARTESIAN_POINT('',(6.500042135645,34.5566,5.2));
#2811 = VECTOR('',#2812,1.);
#2812 = DIRECTION('',(5.551115123126E-16,1.,0.));
#2813 = FACE_BOUND('',#2814,.F.);
#2814 = EDGE_LOOP('',(#2815));
#2815 = ORIENTED_EDGE('',*,*,#1810,.T.);
#2816 = PLANE('',#2817);
#2817 = AXIS2_PLACEMENT_3D('',#2818,#2819,#2820);
#2818 = CARTESIAN_POINT('',(4.,36.,5.2));
#2819 = DIRECTION('',(0.,0.,1.));
#2820 = DIRECTION('',(0.866025403784,0.5,0.));
#2821 = ADVANCED_FACE('',(#2822,#2872),#2875,.F.);
#2822 = FACE_BOUND('',#2823,.F.);
#2823 = EDGE_LOOP('',(#2824,#2834,#2842,#2850,#2858,#2866));
#2824 = ORIENTED_EDGE('',*,*,#2825,.T.);
#2825 = EDGE_CURVE('',#2826,#2828,#2830,.T.);
#2826 = VERTEX_POINT('',#2827);
#2827 = CARTESIAN_POINT('',(51.499957864355,2.5566,5.2));
#2828 = VERTEX_POINT('',#2829);
#2829 = CARTESIAN_POINT('',(54.,1.1132,5.2));
#2830 = LINE('',#2831,#2832);
#2831 = CARTESIAN_POINT('',(51.499957864355,2.5566,5.2));
#2832 = VECTOR('',#2833,1.);
#2833 = DIRECTION('',(0.866025403784,-0.5,0.));
#2834 = ORIENTED_EDGE('',*,*,#2835,.T.);
#2835 = EDGE_CURVE('',#2828,#2836,#2838,.T.);
#2836 = VERTEX_POINT('',#2837);
#2837 = CARTESIAN_POINT('',(56.500042135645,2.5566,5.2));
#2838 = LINE('',#2839,#2840);
#2839 = CARTESIAN_POINT('',(54.,1.1132,5.2));
#2840 = VECTOR('',#2841,1.);
#2841 = DIRECTION('',(0.866025403784,0.5,0.));
#2842 = ORIENTED_EDGE('',*,*,#2843,.T.);
#2843 = EDGE_CURVE('',#2836,#2844,#2846,.T.);
#2844 = VERTEX_POINT('',#2845);
#2845 = CARTESIAN_POINT('',(56.500042135645,5.4434,5.2));
#2846 = LINE('',#2847,#2848);
#2847 = CARTESIAN_POINT('',(56.500042135645,2.5566,5.2));
#2848 = VECTOR('',#2849,1.);
#2849 = DIRECTION('',(4.996003610813E-16,1.,0.));
#2850 = ORIENTED_EDGE('',*,*,#2851,.T.);
#2851 = EDGE_CURVE('',#2844,#2852,#2854,.T.);
#2852 = VERTEX_POINT('',#2853);
#2853 = CARTESIAN_POINT('',(54.,6.8868,5.2));
#2854 = LINE('',#2855,#2856);
#2855 = CARTESIAN_POINT('',(56.500042135645,5.4434,5.2));
#2856 = VECTOR('',#2857,1.);
#2857 = DIRECTION('',(-0.866025403784,0.5,0.));
#2858 = ORIENTED_EDGE('',*,*,#2859,.T.);
#2859 = EDGE_CURVE('',#2852,#2860,#2862,.T.);
#2860 = VERTEX_POINT('',#2861);
#2861 = CARTESIAN_POINT('',(51.499957864355,5.4434,5.2));
#2862 = LINE('',#2863,#2864);
#2863 = CARTESIAN_POINT('',(54.,6.8868,5.2));
#2864 = VECTOR('',#2865,1.);
#2865 = DIRECTION('',(-0.866025403784,-0.5,0.));
#2866 = ORIENTED_EDGE('',*,*,#2867,.T.);
#2867 = EDGE_CURVE('',#2860,#2826,#2868,.T.);
#2868 = LINE('',#2869,#2870);
#2869 = CARTESIAN_POINT('',(51.499957864355,5.4434,5.2));
#2870 = VECTOR('',#2871,1.);
#2871 = DIRECTION('',(-7.216449660064E-16,-1.,0.));
#2872 = FACE_BOUND('',#2873,.F.);
#2873 = EDGE_LOOP('',(#2874));
#2874 = ORIENTED_EDGE('',*,*,#1835,.T.);
#2875 = PLANE('',#2876);
#2876 = AXIS2_PLACEMENT_3D('',#2877,#2878,#2879);
#2877 = CARTESIAN_POINT('',(54.,4.,5.2));
#2878 = DIRECTION('',(0.,0.,1.));
#2879 = DIRECTION('',(-0.866025403784,-0.5,0.));
#2880 = ADVANCED_FACE('',(#2881,#2931),#2934,.F.);
#2881 = FACE_BOUND('',#2882,.F.);
#2882 = EDGE_LOOP('',(#2883,#2893,#2901,#2909,#2917,#2925));
#2883 = ORIENTED_EDGE('',*,*,#2884,.T.);
#2884 = EDGE_CURVE('',#2885,#2887,#2889,.T.);
#2885 = VERTEX_POINT('',#2886);
#2886 = CARTESIAN_POINT('',(6.500042135645,5.4434,5.2));
#2887 = VERTEX_POINT('',#2888);
#2888 = CARTESIAN_POINT('',(4.,6.8868,5.2));
#2889 = LINE('',#2890,#2891);
#2890 = CARTESIAN_POINT('',(6.500042135645,5.4434,5.2));
#2891 = VECTOR('',#2892,1.);
#2892 = DIRECTION('',(-0.866025403784,0.5,0.));
#2893 = ORIENTED_EDGE('',*,*,#2894,.T.);
#2894 = EDGE_CURVE('',#2887,#2895,#2897,.T.);
#2895 = VERTEX_POINT('',#2896);
#2896 = CARTESIAN_POINT('',(1.499957864355,5.4434,5.2));
#2897 = LINE('',#2898,#2899);
#2898 = CARTESIAN_POINT('',(4.,6.8868,5.2));
#2899 = VECTOR('',#2900,1.);
#2900 = DIRECTION('',(-0.866025403784,-0.5,0.));
#2901 = ORIENTED_EDGE('',*,*,#2902,.T.);
#2902 = EDGE_CURVE('',#2895,#2903,#2905,.T.);
#2903 = VERTEX_POINT('',#2904);
#2904 = CARTESIAN_POINT('',(1.499957864355,2.5566,5.2));
#2905 = LINE('',#2906,#2907);
#2906 = CARTESIAN_POINT('',(1.499957864355,5.4434,5.2));
#2907 = VECTOR('',#2908,1.);
#2908 = DIRECTION('',(-3.330669073875E-16,-1.,0.));
#2909 = ORIENTED_EDGE('',*,*,#2910,.T.);
#2910 = EDGE_CURVE('',#2903,#2911,#2913,.T.);
#2911 = VERTEX_POINT('',#2912);
#2912 = CARTESIAN_POINT('',(4.,1.1132,5.2));
#2913 = LINE('',#2914,#2915);
#2914 = CARTESIAN_POINT('',(1.499957864355,2.5566,5.2));
#2915 = VECTOR('',#2916,1.);
#2916 = DIRECTION('',(0.866025403784,-0.5,0.));
#2917 = ORIENTED_EDGE('',*,*,#2918,.T.);
#2918 = EDGE_CURVE('',#2911,#2919,#2921,.T.);
#2919 = VERTEX_POINT('',#2920);
#2920 = CARTESIAN_POINT('',(6.500042135645,2.5566,5.2));
#2921 = LINE('',#2922,#2923);
#2922 = CARTESIAN_POINT('',(4.,1.1132,5.2));
#2923 = VECTOR('',#2924,1.);
#2924 = DIRECTION('',(0.866025403784,0.5,0.));
#2925 = ORIENTED_EDGE('',*,*,#2926,.T.);
#2926 = EDGE_CURVE('',#2919,#2885,#2927,.T.);
#2927 = LINE('',#2928,#2929);
#2928 = CARTESIAN_POINT('',(6.500042135645,2.5566,5.2));
#2929 = VECTOR('',#2930,1.);
#2930 = DIRECTION('',(5.551115123126E-16,1.,0.));
#2931 = FACE_BOUND('',#2932,.F.);
#2932 = EDGE_LOOP('',(#2933));
#2933 = ORIENTED_EDGE('',*,*,#1860,.T.);
#2934 = PLANE('',#2935);
#2935 = AXIS2_PLACEMENT_3D('',#2936,#2937,#2938);
#2936 = CARTESIAN_POINT('',(4.,4.,5.2));
#2937 = DIRECTION('',(0.,0.,1.));
#2938 = DIRECTION('',(0.866025403784,0.5,0.));
#2939 = ADVANCED_FACE('',(#2940),#2951,.F.);
#2940 = FACE_BOUND('',#2941,.F.);
#2941 = EDGE_LOOP('',(#2942,#2943,#2949,#2950));
#2942 = ORIENTED_EDGE('',*,*,#1940,.F.);
#2943 = ORIENTED_EDGE('',*,*,#2944,.F.);
#2944 = EDGE_CURVE('',#2079,#1941,#2945,.T.);
#2945 = LINE('',#2946,#2947);
#2946 = CARTESIAN_POINT('',(10.,1.11,2.4));
#2947 = VECTOR('',#2948,1.);
#2948 = DIRECTION('',(0.,0.,1.));
#2949 = ORIENTED_EDGE('',*,*,#2086,.T.);
#2950 = ORIENTED_EDGE('',*,*,#2286,.T.);
#2951 = PLANE('',#2952);
#2952 = AXIS2_PLACEMENT_3D('',#2953,#2954,#2955);
#2953 = CARTESIAN_POINT('',(10.,1.11,2.4));
#2954 = DIRECTION('',(1.,0.,0.));
#2955 = DIRECTION('',(0.,0.,1.));
#2956 = ADVANCED_FACE('',(#2957),#2968,.T.);
#2957 = FACE_BOUND('',#2958,.T.);
#2958 = EDGE_LOOP('',(#2959,#2960,#2966,#2967));
#2959 = ORIENTED_EDGE('',*,*,#2078,.F.);
#2960 = ORIENTED_EDGE('',*,*,#2961,.T.);
#2961 = EDGE_CURVE('',#2071,#1949,#2962,.T.);
#2962 = LINE('',#2963,#2964);
#2963 = CARTESIAN_POINT('',(4.,1.11,2.4));
#2964 = VECTOR('',#2965,1.);
#2965 = DIRECTION('',(0.,0.,1.));
#2966 = ORIENTED_EDGE('',*,*,#1948,.T.);
#2967 = ORIENTED_EDGE('',*,*,#2944,.F.);
#2968 = PLANE('',#2969);
#2969 = AXIS2_PLACEMENT_3D('',#2970,#2971,#2972);
#2970 = CARTESIAN_POINT('',(7.,1.11,3.4));
#2971 = DIRECTION('',(0.,1.,0.));
#2972 = DIRECTION('',(0.,0.,1.));
#2973 = ADVANCED_FACE('',(#2974),#2985,.T.);
#2974 = FACE_BOUND('',#2975,.T.);
#2975 = EDGE_LOOP('',(#2976,#2977,#2978,#2979));
#2976 = ORIENTED_EDGE('',*,*,#1956,.F.);
#2977 = ORIENTED_EDGE('',*,*,#2961,.F.);
#2978 = ORIENTED_EDGE('',*,*,#2070,.T.);
#2979 = ORIENTED_EDGE('',*,*,#2980,.T.);
#2980 = EDGE_CURVE('',#2063,#1957,#2981,.T.);
#2981 = LINE('',#2982,#2983);
#2982 = CARTESIAN_POINT('',(4.,1.1132,1.6));
#2983 = VECTOR('',#2984,1.);
#2984 = DIRECTION('',(0.,0.,1.));
#2985 = PLANE('',#2986);
#2986 = AXIS2_PLACEMENT_3D('',#2987,#2988,#2989);
#2987 = CARTESIAN_POINT('',(4.,1.11,2.4));
#2988 = DIRECTION('',(1.,0.,0.));
#2989 = DIRECTION('',(0.,0.,1.));
#2990 = ADVANCED_FACE('',(#2991),#3007,.T.);
#2991 = FACE_BOUND('',#2992,.T.);
#2992 = EDGE_LOOP('',(#2993,#2994,#3000,#3001));
#2993 = ORIENTED_EDGE('',*,*,#1964,.F.);
#2994 = ORIENTED_EDGE('',*,*,#2995,.T.);
#2995 = EDGE_CURVE('',#1957,#2911,#2996,.T.);
#2996 = LINE('',#2997,#2998);
#2997 = CARTESIAN_POINT('',(4.,1.1132,1.6));
#2998 = VECTOR('',#2999,1.);
#2999 = DIRECTION('',(0.,0.,1.));
#3000 = ORIENTED_EDGE('',*,*,#2918,.T.);
#3001 = ORIENTED_EDGE('',*,*,#3002,.F.);
#3002 = EDGE_CURVE('',#1965,#2919,#3003,.T.);
#3003 = LINE('',#3004,#3005);
#3004 = CARTESIAN_POINT('',(6.500042135645,2.5566,1.6));
#3005 = VECTOR('',#3006,1.);
#3006 = DIRECTION('',(0.,0.,1.));
#3007 = PLANE('',#3008);
#3008 = AXIS2_PLACEMENT_3D('',#3009,#3010,#3011);
#3009 = CARTESIAN_POINT('',(4.,1.1132,1.6));
#3010 = DIRECTION('',(-0.5,0.866025403784,0.));
#3011 = DIRECTION('',(0.866025403784,0.5,0.));
#3012 = ADVANCED_FACE('',(#3013),#3024,.T.);
#3013 = FACE_BOUND('',#3014,.T.);
#3014 = EDGE_LOOP('',(#3015,#3016,#3017,#3018));
#3015 = ORIENTED_EDGE('',*,*,#1972,.F.);
#3016 = ORIENTED_EDGE('',*,*,#3002,.T.);
#3017 = ORIENTED_EDGE('',*,*,#2926,.T.);
#3018 = ORIENTED_EDGE('',*,*,#3019,.F.);
#3019 = EDGE_CURVE('',#1973,#2885,#3020,.T.);
#3020 = LINE('',#3021,#3022);
#3021 = CARTESIAN_POINT('',(6.500042135645,5.4434,1.6));
#3022 = VECTOR('',#3023,1.);
#3023 = DIRECTION('',(0.,0.,1.));
#3024 = PLANE('',#3025);
#3025 = AXIS2_PLACEMENT_3D('',#3026,#3027,#3028);
#3026 = CARTESIAN_POINT('',(6.500042135645,2.5566,1.6));
#3027 = DIRECTION('',(-1.,5.551115123126E-16,0.));
#3028 = DIRECTION('',(5.551115123126E-16,1.,0.));
#3029 = ADVANCED_FACE('',(#3030),#3041,.T.);
#3030 = FACE_BOUND('',#3031,.T.);
#3031 = EDGE_LOOP('',(#3032,#3033,#3034,#3035));
#3032 = ORIENTED_EDGE('',*,*,#1980,.F.);
#3033 = ORIENTED_EDGE('',*,*,#3019,.T.);
#3034 = ORIENTED_EDGE('',*,*,#2884,.T.);
#3035 = ORIENTED_EDGE('',*,*,#3036,.F.);
#3036 = EDGE_CURVE('',#1981,#2887,#3037,.T.);
#3037 = LINE('',#3038,#3039);
#3038 = CARTESIAN_POINT('',(4.,6.8868,1.6));
#3039 = VECTOR('',#3040,1.);
#3040 = DIRECTION('',(0.,0.,1.));
#3041 = PLANE('',#3042);
#3042 = AXIS2_PLACEMENT_3D('',#3043,#3044,#3045);
#3043 = CARTESIAN_POINT('',(6.500042135645,5.4434,1.6));
#3044 = DIRECTION('',(-0.5,-0.866025403784,0.));
#3045 = DIRECTION('',(-0.866025403784,0.5,0.));
#3046 = ADVANCED_FACE('',(#3047),#3058,.T.);
#3047 = FACE_BOUND('',#3048,.T.);
#3048 = EDGE_LOOP('',(#3049,#3050,#3056,#3057));
#3049 = ORIENTED_EDGE('',*,*,#1988,.F.);
#3050 = ORIENTED_EDGE('',*,*,#3051,.F.);
#3051 = EDGE_CURVE('',#2039,#1981,#3052,.T.);
#3052 = LINE('',#3053,#3054);
#3053 = CARTESIAN_POINT('',(4.,6.8868,1.6));
#3054 = VECTOR('',#3055,1.);
#3055 = DIRECTION('',(0.,0.,1.));
#3056 = ORIENTED_EDGE('',*,*,#2038,.T.);
#3057 = ORIENTED_EDGE('',*,*,#2019,.T.);
#3058 = PLANE('',#3059);
#3059 = AXIS2_PLACEMENT_3D('',#3060,#3061,#3062);
#3060 = CARTESIAN_POINT('',(4.,1.11,2.4));
#3061 = DIRECTION('',(1.,0.,0.));
#3062 = DIRECTION('',(0.,0.,1.));
#3063 = ADVANCED_FACE('',(#3064),#3089,.T.);
#3064 = FACE_BOUND('',#3065,.T.);
#3065 = EDGE_LOOP('',(#3066,#3076,#3082,#3083));
#3066 = ORIENTED_EDGE('',*,*,#3067,.F.);
#3067 = EDGE_CURVE('',#3068,#3070,#3072,.T.);
#3068 = VERTEX_POINT('',#3069);
#3069 = CARTESIAN_POINT('',(6.500042135645,5.4434,1.6));
#3070 = VERTEX_POINT('',#3071);
#3071 = CARTESIAN_POINT('',(4.,6.8868,1.6));
#3072 = LINE('',#3073,#3074);
#3073 = CARTESIAN_POINT('',(6.500042135645,5.4434,1.6));
#3074 = VECTOR('',#3075,1.);
#3075 = DIRECTION('',(-0.866025403784,0.5,0.));
#3076 = ORIENTED_EDGE('',*,*,#3077,.T.);
#3077 = EDGE_CURVE('',#3068,#2047,#3078,.T.);
#3078 = LINE('',#3079,#3080);
#3079 = CARTESIAN_POINT('',(6.500042135645,5.4434,1.6));
#3080 = VECTOR('',#3081,1.);
#3081 = DIRECTION('',(0.,0.,1.));
#3082 = ORIENTED_EDGE('',*,*,#2046,.T.);
#3083 = ORIENTED_EDGE('',*,*,#3084,.F.);
#3084 = EDGE_CURVE('',#3070,#2039,#3085,.T.);
#3085 = LINE('',#3086,#3087);
#3086 = CARTESIAN_POINT('',(4.,6.8868,1.6));
#3087 = VECTOR('',#3088,1.);
#3088 = DIRECTION('',(0.,0.,1.));
#3089 = PLANE('',#3090);
#3090 = AXIS2_PLACEMENT_3D('',#3091,#3092,#3093);
#3091 = CARTESIAN_POINT('',(6.500042135645,5.4434,1.6));
#3092 = DIRECTION('',(-0.5,-0.866025403784,0.));
#3093 = DIRECTION('',(-0.866025403784,0.5,0.));
#3094 = ADVANCED_FACE('',(#3095),#3113,.T.);
#3095 = FACE_BOUND('',#3096,.T.);
#3096 = EDGE_LOOP('',(#3097,#3105,#3111,#3112));
#3097 = ORIENTED_EDGE('',*,*,#3098,.F.);
#3098 = EDGE_CURVE('',#3099,#3068,#3101,.T.);
#3099 = VERTEX_POINT('',#3100);
#3100 = CARTESIAN_POINT('',(6.500042135645,2.5566,1.6));
#3101 = LINE('',#3102,#3103);
#3102 = CARTESIAN_POINT('',(6.500042135645,2.5566,1.6));
#3103 = VECTOR('',#3104,1.);
#3104 = DIRECTION('',(5.551115123126E-16,1.,0.));
#3105 = ORIENTED_EDGE('',*,*,#3106,.T.);
#3106 = EDGE_CURVE('',#3099,#2055,#3107,.T.);
#3107 = LINE('',#3108,#3109);
#3108 = CARTESIAN_POINT('',(6.500042135645,2.5566,1.6));
#3109 = VECTOR('',#3110,1.);
#3110 = DIRECTION('',(0.,0.,1.));
#3111 = ORIENTED_EDGE('',*,*,#2054,.T.);
#3112 = ORIENTED_EDGE('',*,*,#3077,.F.);
#3113 = PLANE('',#3114);
#3114 = AXIS2_PLACEMENT_3D('',#3115,#3116,#3117);
#3115 = CARTESIAN_POINT('',(6.500042135645,2.5566,1.6));
#3116 = DIRECTION('',(-1.,5.551115123126E-16,0.));
#3117 = DIRECTION('',(5.551115123126E-16,1.,0.));
#3118 = ADVANCED_FACE('',(#3119),#3137,.T.);
#3119 = FACE_BOUND('',#3120,.T.);
#3120 = EDGE_LOOP('',(#3121,#3129,#3135,#3136));
#3121 = ORIENTED_EDGE('',*,*,#3122,.F.);
#3122 = EDGE_CURVE('',#3123,#3099,#3125,.T.);
#3123 = VERTEX_POINT('',#3124);
#3124 = CARTESIAN_POINT('',(4.,1.1132,1.6));
#3125 = LINE('',#3126,#3127);
#3126 = CARTESIAN_POINT('',(4.,1.1132,1.6));
#3127 = VECTOR('',#3128,1.);
#3128 = DIRECTION('',(0.866025403784,0.5,0.));
#3129 = ORIENTED_EDGE('',*,*,#3130,.T.);
#3130 = EDGE_CURVE('',#3123,#2063,#3131,.T.);
#3131 = LINE('',#3132,#3133);
#3132 = CARTESIAN_POINT('',(4.,1.1132,1.6));
#3133 = VECTOR('',#3134,1.);
#3134 = DIRECTION('',(0.,0.,1.));
#3135 = ORIENTED_EDGE('',*,*,#2062,.T.);
#3136 = ORIENTED_EDGE('',*,*,#3106,.F.);
#3137 = PLANE('',#3138);
#3138 = AXIS2_PLACEMENT_3D('',#3139,#3140,#3141);
#3139 = CARTESIAN_POINT('',(4.,1.1132,1.6));
#3140 = DIRECTION('',(-0.5,0.866025403784,0.));
#3141 = DIRECTION('',(0.866025403784,0.5,0.));
#3142 = ADVANCED_FACE('',(#3143),#3154,.T.);
#3143 = FACE_BOUND('',#3144,.T.);
#3144 = EDGE_LOOP('',(#3145,#3146,#3152,#3153));
#3145 = ORIENTED_EDGE('',*,*,#2271,.F.);
#3146 = ORIENTED_EDGE('',*,*,#3147,.F.);
#3147 = EDGE_CURVE('',#2109,#2264,#3148,.T.);
#3148 = LINE('',#3149,#3150);
#3149 = CARTESIAN_POINT('',(48.,1.11,2.4));
#3150 = VECTOR('',#3151,1.);
#3151 = DIRECTION('',(0.,0.,1.));
#3152 = ORIENTED_EDGE('',*,*,#2108,.T.);
#3153 = ORIENTED_EDGE('',*,*,#2198,.T.);
#3154 = PLANE('',#3155);
#3155 = AXIS2_PLACEMENT_3D('',#3156,#3157,#3158);
#3156 = CARTESIAN_POINT('',(48.,1.11,2.4));
#3157 = DIRECTION('',(1.,0.,0.));
#3158 = DIRECTION('',(0.,0.,1.));
#3159 = ADVANCED_FACE('',(#3160),#3171,.T.);
#3160 = FACE_BOUND('',#3161,.T.);
#3161 = EDGE_LOOP('',(#3162,#3163,#3164,#3165));
#3162 = ORIENTED_EDGE('',*,*,#2118,.F.);
#3163 = ORIENTED_EDGE('',*,*,#3147,.T.);
#3164 = ORIENTED_EDGE('',*,*,#2263,.T.);
#3165 = ORIENTED_EDGE('',*,*,#3166,.F.);
#3166 = EDGE_CURVE('',#2119,#2256,#3167,.T.);
#3167 = LINE('',#3168,#3169);
#3168 = CARTESIAN_POINT('',(54.,1.11,2.4));
#3169 = VECTOR('',#3170,1.);
#3170 = DIRECTION('',(0.,0.,1.));
#3171 = PLANE('',#3172);
#3172 = AXIS2_PLACEMENT_3D('',#3173,#3174,#3175);
#3173 = CARTESIAN_POINT('',(51.,1.11,3.4));
#3174 = DIRECTION('',(0.,1.,0.));
#3175 = DIRECTION('',(0.,0.,1.));
#3176 = ADVANCED_FACE('',(#3177),#3188,.T.);
#3177 = FACE_BOUND('',#3178,.T.);
#3178 = EDGE_LOOP('',(#3179,#3180,#3186,#3187));
#3179 = ORIENTED_EDGE('',*,*,#2255,.F.);
#3180 = ORIENTED_EDGE('',*,*,#3181,.F.);
#3181 = EDGE_CURVE('',#2127,#2248,#3182,.T.);
#3182 = LINE('',#3183,#3184);
#3183 = CARTESIAN_POINT('',(54.,1.1132,1.6));
#3184 = VECTOR('',#3185,1.);
#3185 = DIRECTION('',(0.,0.,1.));
#3186 = ORIENTED_EDGE('',*,*,#2126,.T.);
#3187 = ORIENTED_EDGE('',*,*,#3166,.T.);
#3188 = PLANE('',#3189);
#3189 = AXIS2_PLACEMENT_3D('',#3190,#3191,#3192);
#3190 = CARTESIAN_POINT('',(54.,6.89,2.4));
#3191 = DIRECTION('',(-1.,1.224646799147E-16,0.));
#3192 = DIRECTION('',(0.,0.,1.));
#3193 = ADVANCED_FACE('',(#3194),#3219,.T.);
#3194 = FACE_BOUND('',#3195,.T.);
#3195 = EDGE_LOOP('',(#3196,#3206,#3212,#3213));
#3196 = ORIENTED_EDGE('',*,*,#3197,.F.);
#3197 = EDGE_CURVE('',#3198,#3200,#3202,.T.);
#3198 = VERTEX_POINT('',#3199);
#3199 = CARTESIAN_POINT('',(51.499957864355,2.5566,1.6));
#3200 = VERTEX_POINT('',#3201);
#3201 = CARTESIAN_POINT('',(54.,1.1132,1.6));
#3202 = LINE('',#3203,#3204);
#3203 = CARTESIAN_POINT('',(51.499957864355,2.5566,1.6));
#3204 = VECTOR('',#3205,1.);
#3205 = DIRECTION('',(0.866025403784,-0.5,0.));
#3206 = ORIENTED_EDGE('',*,*,#3207,.T.);
#3207 = EDGE_CURVE('',#3198,#2135,#3208,.T.);
#3208 = LINE('',#3209,#3210);
#3209 = CARTESIAN_POINT('',(51.499957864355,2.5566,1.6));
#3210 = VECTOR('',#3211,1.);
#3211 = DIRECTION('',(0.,0.,1.));
#3212 = ORIENTED_EDGE('',*,*,#2134,.T.);
#3213 = ORIENTED_EDGE('',*,*,#3214,.F.);
#3214 = EDGE_CURVE('',#3200,#2127,#3215,.T.);
#3215 = LINE('',#3216,#3217);
#3216 = CARTESIAN_POINT('',(54.,1.1132,1.6));
#3217 = VECTOR('',#3218,1.);
#3218 = DIRECTION('',(0.,0.,1.));
#3219 = PLANE('',#3220);
#3220 = AXIS2_PLACEMENT_3D('',#3221,#3222,#3223);
#3221 = CARTESIAN_POINT('',(51.499957864355,2.5566,1.6));
#3222 = DIRECTION('',(0.5,0.866025403784,0.));
#3223 = DIRECTION('',(0.866025403784,-0.5,0.));
#3224 = ADVANCED_FACE('',(#3225),#3243,.T.);
#3225 = FACE_BOUND('',#3226,.T.);
#3226 = EDGE_LOOP('',(#3227,#3235,#3241,#3242));
#3227 = ORIENTED_EDGE('',*,*,#3228,.F.);
#3228 = EDGE_CURVE('',#3229,#3198,#3231,.T.);
#3229 = VERTEX_POINT('',#3230);
#3230 = CARTESIAN_POINT('',(51.499957864355,5.4434,1.6));
#3231 = LINE('',#3232,#3233);
#3232 = CARTESIAN_POINT('',(51.499957864355,5.4434,1.6));
#3233 = VECTOR('',#3234,1.);
#3234 = DIRECTION('',(-7.216449660064E-16,-1.,0.));
#3235 = ORIENTED_EDGE('',*,*,#3236,.T.);
#3236 = EDGE_CURVE('',#3229,#2143,#3237,.T.);
#3237 = LINE('',#3238,#3239);
#3238 = CARTESIAN_POINT('',(51.499957864355,5.4434,1.6));
#3239 = VECTOR('',#3240,1.);
#3240 = DIRECTION('',(0.,0.,1.));
#3241 = ORIENTED_EDGE('',*,*,#2142,.T.);
#3242 = ORIENTED_EDGE('',*,*,#3207,.F.);
#3243 = PLANE('',#3244);
#3244 = AXIS2_PLACEMENT_3D('',#3245,#3246,#3247);
#3245 = CARTESIAN_POINT('',(51.499957864355,5.4434,1.6));
#3246 = DIRECTION('',(1.,-7.216449660064E-16,0.));
#3247 = DIRECTION('',(-7.216449660064E-16,-1.,0.));
#3248 = ADVANCED_FACE('',(#3249),#3267,.T.);
#3249 = FACE_BOUND('',#3250,.T.);
#3250 = EDGE_LOOP('',(#3251,#3259,#3265,#3266));
#3251 = ORIENTED_EDGE('',*,*,#3252,.F.);
#3252 = EDGE_CURVE('',#3253,#3229,#3255,.T.);
#3253 = VERTEX_POINT('',#3254);
#3254 = CARTESIAN_POINT('',(54.,6.8868,1.6));
#3255 = LINE('',#3256,#3257);
#3256 = CARTESIAN_POINT('',(54.,6.8868,1.6));
#3257 = VECTOR('',#3258,1.);
#3258 = DIRECTION('',(-0.866025403784,-0.5,0.));
#3259 = ORIENTED_EDGE('',*,*,#3260,.T.);
#3260 = EDGE_CURVE('',#3253,#2151,#3261,.T.);
#3261 = LINE('',#3262,#3263);
#3262 = CARTESIAN_POINT('',(54.,6.8868,1.6));
#3263 = VECTOR('',#3264,1.);
#3264 = DIRECTION('',(0.,0.,1.));
#3265 = ORIENTED_EDGE('',*,*,#2150,.T.);
#3266 = ORIENTED_EDGE('',*,*,#3236,.F.);
#3267 = PLANE('',#3268);
#3268 = AXIS2_PLACEMENT_3D('',#3269,#3270,#3271);
#3269 = CARTESIAN_POINT('',(54.,6.8868,1.6));
#3270 = DIRECTION('',(0.5,-0.866025403784,0.));
#3271 = DIRECTION('',(-0.866025403784,-0.5,0.));
#3272 = ADVANCED_FACE('',(#3273),#3284,.T.);
#3273 = FACE_BOUND('',#3274,.T.);
#3274 = EDGE_LOOP('',(#3275,#3276,#3277,#3278));
#3275 = ORIENTED_EDGE('',*,*,#2223,.F.);
#3276 = ORIENTED_EDGE('',*,*,#2303,.F.);
#3277 = ORIENTED_EDGE('',*,*,#2158,.T.);
#3278 = ORIENTED_EDGE('',*,*,#3279,.T.);
#3279 = EDGE_CURVE('',#2151,#2224,#3280,.T.);
#3280 = LINE('',#3281,#3282);
#3281 = CARTESIAN_POINT('',(54.,6.8868,1.6));
#3282 = VECTOR('',#3283,1.);
#3283 = DIRECTION('',(0.,0.,1.));
#3284 = PLANE('',#3285);
#3285 = AXIS2_PLACEMENT_3D('',#3286,#3287,#3288);
#3286 = CARTESIAN_POINT('',(54.,6.89,2.4));
#3287 = DIRECTION('',(-1.,1.224646799147E-16,0.));
#3288 = DIRECTION('',(0.,0.,1.));
#3289 = ADVANCED_FACE('',(#3290),#3306,.T.);
#3290 = FACE_BOUND('',#3291,.T.);
#3291 = EDGE_LOOP('',(#3292,#3293,#3299,#3300));
#3292 = ORIENTED_EDGE('',*,*,#2231,.F.);
#3293 = ORIENTED_EDGE('',*,*,#3294,.T.);
#3294 = EDGE_CURVE('',#2224,#2852,#3295,.T.);
#3295 = LINE('',#3296,#3297);
#3296 = CARTESIAN_POINT('',(54.,6.8868,1.6));
#3297 = VECTOR('',#3298,1.);
#3298 = DIRECTION('',(0.,0.,1.));
#3299 = ORIENTED_EDGE('',*,*,#2859,.T.);
#3300 = ORIENTED_EDGE('',*,*,#3301,.F.);
#3301 = EDGE_CURVE('',#2232,#2860,#3302,.T.);
#3302 = LINE('',#3303,#3304);
#3303 = CARTESIAN_POINT('',(51.499957864355,5.4434,1.6));
#3304 = VECTOR('',#3305,1.);
#3305 = DIRECTION('',(0.,0.,1.));
#3306 = PLANE('',#3307);
#3307 = AXIS2_PLACEMENT_3D('',#3308,#3309,#3310);
#3308 = CARTESIAN_POINT('',(54.,6.8868,1.6));
#3309 = DIRECTION('',(0.5,-0.866025403784,0.));
#3310 = DIRECTION('',(-0.866025403784,-0.5,0.));
#3311 = ADVANCED_FACE('',(#3312),#3323,.T.);
#3312 = FACE_BOUND('',#3313,.T.);
#3313 = EDGE_LOOP('',(#3314,#3315,#3316,#3317));
#3314 = ORIENTED_EDGE('',*,*,#2239,.F.);
#3315 = ORIENTED_EDGE('',*,*,#3301,.T.);
#3316 = ORIENTED_EDGE('',*,*,#2867,.T.);
#3317 = ORIENTED_EDGE('',*,*,#3318,.F.);
#3318 = EDGE_CURVE('',#2240,#2826,#3319,.T.);
#3319 = LINE('',#3320,#3321);
#3320 = CARTESIAN_POINT('',(51.499957864355,2.5566,1.6));
#3321 = VECTOR('',#3322,1.);
#3322 = DIRECTION('',(0.,0.,1.));
#3323 = PLANE('',#3324);
#3324 = AXIS2_PLACEMENT_3D('',#3325,#3326,#3327);
#3325 = CARTESIAN_POINT('',(51.499957864355,5.4434,1.6));
#3326 = DIRECTION('',(1.,-7.216449660064E-16,0.));
#3327 = DIRECTION('',(-7.216449660064E-16,-1.,0.));
#3328 = ADVANCED_FACE('',(#3329),#3340,.T.);
#3329 = FACE_BOUND('',#3330,.T.);
#3330 = EDGE_LOOP('',(#3331,#3332,#3333,#3334));
#3331 = ORIENTED_EDGE('',*,*,#2247,.F.);
#3332 = ORIENTED_EDGE('',*,*,#3318,.T.);
#3333 = ORIENTED_EDGE('',*,*,#2825,.T.);
#3334 = ORIENTED_EDGE('',*,*,#3335,.F.);
#3335 = EDGE_CURVE('',#2248,#2828,#3336,.T.);
#3336 = LINE('',#3337,#3338);
#3337 = CARTESIAN_POINT('',(54.,1.1132,1.6));
#3338 = VECTOR('',#3339,1.);
#3339 = DIRECTION('',(0.,0.,1.));
#3340 = PLANE('',#3341);
#3341 = AXIS2_PLACEMENT_3D('',#3342,#3343,#3344);
#3342 = CARTESIAN_POINT('',(51.499957864355,2.5566,1.6));
#3343 = DIRECTION('',(0.5,0.866025403784,0.));
#3344 = DIRECTION('',(0.866025403784,-0.5,0.));
#3345 = ADVANCED_FACE('',(#3346),#3357,.T.);
#3346 = FACE_BOUND('',#3347,.T.);
#3347 = EDGE_LOOP('',(#3348,#3349,#3350,#3351));
#3348 = ORIENTED_EDGE('',*,*,#2319,.F.);
#3349 = ORIENTED_EDGE('',*,*,#2407,.F.);
#3350 = ORIENTED_EDGE('',*,*,#2423,.T.);
#3351 = ORIENTED_EDGE('',*,*,#3352,.T.);
#3352 = EDGE_CURVE('',#2424,#2322,#3353,.T.);
#3353 = LINE('',#3354,#3355);
#3354 = CARTESIAN_POINT('',(4.,33.1132,1.6));
#3355 = VECTOR('',#3356,1.);
#3356 = DIRECTION('',(0.,0.,1.));
#3357 = PLANE('',#3358);
#3358 = AXIS2_PLACEMENT_3D('',#3359,#3360,#3361);
#3359 = CARTESIAN_POINT('',(4.,33.11,2.4));
#3360 = DIRECTION('',(1.,0.,0.));
#3361 = DIRECTION('',(0.,0.,1.));
#3362 = ADVANCED_FACE('',(#3363),#3379,.T.);
#3363 = FACE_BOUND('',#3364,.T.);
#3364 = EDGE_LOOP('',(#3365,#3366,#3372,#3373));
#3365 = ORIENTED_EDGE('',*,*,#2329,.F.);
#3366 = ORIENTED_EDGE('',*,*,#3367,.T.);
#3367 = EDGE_CURVE('',#2322,#2793,#3368,.T.);
#3368 = LINE('',#3369,#3370);
#3369 = CARTESIAN_POINT('',(4.,33.1132,1.6));
#3370 = VECTOR('',#3371,1.);
#3371 = DIRECTION('',(0.,0.,1.));
#3372 = ORIENTED_EDGE('',*,*,#2800,.T.);
#3373 = ORIENTED_EDGE('',*,*,#3374,.F.);
#3374 = EDGE_CURVE('',#2330,#2801,#3375,.T.);
#3375 = LINE('',#3376,#3377);
#3376 = CARTESIAN_POINT('',(6.500042135645,34.5566,1.6));
#3377 = VECTOR('',#3378,1.);
#3378 = DIRECTION('',(0.,0.,1.));
#3379 = PLANE('',#3380);
#3380 = AXIS2_PLACEMENT_3D('',#3381,#3382,#3383);
#3381 = CARTESIAN_POINT('',(4.,33.1132,1.6));
#3382 = DIRECTION('',(-0.5,0.866025403784,0.));
#3383 = DIRECTION('',(0.866025403784,0.5,0.));
#3384 = ADVANCED_FACE('',(#3385),#3396,.T.);
#3385 = FACE_BOUND('',#3386,.T.);
#3386 = EDGE_LOOP('',(#3387,#3388,#3389,#3390));
#3387 = ORIENTED_EDGE('',*,*,#2337,.F.);
#3388 = ORIENTED_EDGE('',*,*,#3374,.T.);
#3389 = ORIENTED_EDGE('',*,*,#2808,.T.);
#3390 = ORIENTED_EDGE('',*,*,#3391,.F.);
#3391 = EDGE_CURVE('',#2338,#2767,#3392,.T.);
#3392 = LINE('',#3393,#3394);
#3393 = CARTESIAN_POINT('',(6.500042135645,37.4434,1.6));
#3394 = VECTOR('',#3395,1.);
#3395 = DIRECTION('',(0.,0.,1.));
#3396 = PLANE('',#3397);
#3397 = AXIS2_PLACEMENT_3D('',#3398,#3399,#3400);
#3398 = CARTESIAN_POINT('',(6.500042135645,34.5566,1.6));
#3399 = DIRECTION('',(-1.,5.551115123126E-16,0.));
#3400 = DIRECTION('',(5.551115123126E-16,1.,0.));
#3401 = ADVANCED_FACE('',(#3402),#3413,.T.);
#3402 = FACE_BOUND('',#3403,.T.);
#3403 = EDGE_LOOP('',(#3404,#3405,#3406,#3407));
#3404 = ORIENTED_EDGE('',*,*,#2345,.F.);
#3405 = ORIENTED_EDGE('',*,*,#3391,.T.);
#3406 = ORIENTED_EDGE('',*,*,#2766,.T.);
#3407 = ORIENTED_EDGE('',*,*,#3408,.F.);
#3408 = EDGE_CURVE('',#2346,#2769,#3409,.T.);
#3409 = LINE('',#3410,#3411);
#3410 = CARTESIAN_POINT('',(4.,38.8868,1.6));
#3411 = VECTOR('',#3412,1.);
#3412 = DIRECTION('',(0.,0.,1.));
#3413 = PLANE('',#3414);
#3414 = AXIS2_PLACEMENT_3D('',#3415,#3416,#3417);
#3415 = CARTESIAN_POINT('',(6.500042135645,37.4434,1.6));
#3416 = DIRECTION('',(-0.5,-0.866025403784,0.));
#3417 = DIRECTION('',(-0.866025403784,0.5,0.));
#3418 = ADVANCED_FACE('',(#3419),#3435,.T.);
#3419 = FACE_BOUND('',#3420,.T.);
#3420 = EDGE_LOOP('',(#3421,#3422,#3428,#3429));
#3421 = ORIENTED_EDGE('',*,*,#2353,.F.);
#3422 = ORIENTED_EDGE('',*,*,#3423,.F.);
#3423 = EDGE_CURVE('',#2459,#2346,#3424,.T.);
#3424 = LINE('',#3425,#3426);
#3425 = CARTESIAN_POINT('',(4.,38.8868,1.6));
#3426 = VECTOR('',#3427,1.);
#3427 = DIRECTION('',(0.,0.,1.));
#3428 = ORIENTED_EDGE('',*,*,#2458,.T.);
#3429 = ORIENTED_EDGE('',*,*,#3430,.T.);
#3430 = EDGE_CURVE('',#2451,#2354,#3431,.T.);
#3431 = LINE('',#3432,#3433);
#3432 = CARTESIAN_POINT('',(4.,38.89,2.4));
#3433 = VECTOR('',#3434,1.);
#3434 = DIRECTION('',(0.,0.,1.));
#3435 = PLANE('',#3436);
#3436 = AXIS2_PLACEMENT_3D('',#3437,#3438,#3439);
#3437 = CARTESIAN_POINT('',(4.,33.11,2.4));
#3438 = DIRECTION('',(1.,0.,0.));
#3439 = DIRECTION('',(0.,0.,1.));
#3440 = ADVANCED_FACE('',(#3441),#3452,.T.);
#3441 = FACE_BOUND('',#3442,.T.);
#3442 = EDGE_LOOP('',(#3443,#3444,#3450,#3451));
#3443 = ORIENTED_EDGE('',*,*,#2450,.T.);
#3444 = ORIENTED_EDGE('',*,*,#3445,.T.);
#3445 = EDGE_CURVE('',#2443,#2362,#3446,.T.);
#3446 = LINE('',#3447,#3448);
#3447 = CARTESIAN_POINT('',(10.,38.89,2.4));
#3448 = VECTOR('',#3449,1.);
#3449 = DIRECTION('',(0.,0.,1.));
#3450 = ORIENTED_EDGE('',*,*,#2361,.F.);
#3451 = ORIENTED_EDGE('',*,*,#3430,.F.);
#3452 = PLANE('',#3453);
#3453 = AXIS2_PLACEMENT_3D('',#3454,#3455,#3456);
#3454 = CARTESIAN_POINT('',(7.,38.89,3.4));
#3455 = DIRECTION('',(-0.,-1.,-0.));
#3456 = DIRECTION('',(0.,0.,-1.));
#3457 = ADVANCED_FACE('',(#3458),#3464,.F.);
#3458 = FACE_BOUND('',#3459,.F.);
#3459 = EDGE_LOOP('',(#3460,#3461,#3462,#3463));
#3460 = ORIENTED_EDGE('',*,*,#2499,.F.);
#3461 = ORIENTED_EDGE('',*,*,#2442,.T.);
#3462 = ORIENTED_EDGE('',*,*,#3445,.T.);
#3463 = ORIENTED_EDGE('',*,*,#2369,.F.);
#3464 = PLANE('',#3465);
#3465 = AXIS2_PLACEMENT_3D('',#3466,#3467,#3468);
#3466 = CARTESIAN_POINT('',(10.,38.,2.4));
#3467 = DIRECTION('',(1.,0.,0.));
#3468 = DIRECTION('',(0.,0.,1.));
#3469 = ADVANCED_FACE('',(#3470),#3495,.T.);
#3470 = FACE_BOUND('',#3471,.T.);
#3471 = EDGE_LOOP('',(#3472,#3482,#3488,#3489));
#3472 = ORIENTED_EDGE('',*,*,#3473,.F.);
#3473 = EDGE_CURVE('',#3474,#3476,#3478,.T.);
#3474 = VERTEX_POINT('',#3475);
#3475 = CARTESIAN_POINT('',(6.500042135645,37.4434,1.6));
#3476 = VERTEX_POINT('',#3477);
#3477 = CARTESIAN_POINT('',(4.,38.8868,1.6));
#3478 = LINE('',#3479,#3480);
#3479 = CARTESIAN_POINT('',(6.500042135645,37.4434,1.6));
#3480 = VECTOR('',#3481,1.);
#3481 = DIRECTION('',(-0.866025403784,0.5,0.));
#3482 = ORIENTED_EDGE('',*,*,#3483,.T.);
#3483 = EDGE_CURVE('',#3474,#2467,#3484,.T.);
#3484 = LINE('',#3485,#3486);
#3485 = CARTESIAN_POINT('',(6.500042135645,37.4434,1.6));
#3486 = VECTOR('',#3487,1.);
#3487 = DIRECTION('',(0.,0.,1.));
#3488 = ORIENTED_EDGE('',*,*,#2466,.T.);
#3489 = ORIENTED_EDGE('',*,*,#3490,.F.);
#3490 = EDGE_CURVE('',#3476,#2459,#3491,.T.);
#3491 = LINE('',#3492,#3493);
#3492 = CARTESIAN_POINT('',(4.,38.8868,1.6));
#3493 = VECTOR('',#3494,1.);
#3494 = DIRECTION('',(0.,0.,1.));
#3495 = PLANE('',#3496);
#3496 = AXIS2_PLACEMENT_3D('',#3497,#3498,#3499);
#3497 = CARTESIAN_POINT('',(6.500042135645,37.4434,1.6));
#3498 = DIRECTION('',(-0.5,-0.866025403784,0.));
#3499 = DIRECTION('',(-0.866025403784,0.5,0.));
#3500 = ADVANCED_FACE('',(#3501),#3519,.T.);
#3501 = FACE_BOUND('',#3502,.T.);
#3502 = EDGE_LOOP('',(#3503,#3511,#3517,#3518));
#3503 = ORIENTED_EDGE('',*,*,#3504,.F.);
#3504 = EDGE_CURVE('',#3505,#3474,#3507,.T.);
#3505 = VERTEX_POINT('',#3506);
#3506 = CARTESIAN_POINT('',(6.500042135645,34.5566,1.6));
#3507 = LINE('',#3508,#3509);
#3508 = CARTESIAN_POINT('',(6.500042135645,34.5566,1.6));
#3509 = VECTOR('',#3510,1.);
#3510 = DIRECTION('',(5.551115123126E-16,1.,0.));
#3511 = ORIENTED_EDGE('',*,*,#3512,.T.);
#3512 = EDGE_CURVE('',#3505,#2475,#3513,.T.);
#3513 = LINE('',#3514,#3515);
#3514 = CARTESIAN_POINT('',(6.500042135645,34.5566,1.6));
#3515 = VECTOR('',#3516,1.);
#3516 = DIRECTION('',(0.,0.,1.));
#3517 = ORIENTED_EDGE('',*,*,#2474,.T.);
#3518 = ORIENTED_EDGE('',*,*,#3483,.F.);
#3519 = PLANE('',#3520);
#3520 = AXIS2_PLACEMENT_3D('',#3521,#3522,#3523);
#3521 = CARTESIAN_POINT('',(6.500042135645,34.5566,1.6));
#3522 = DIRECTION('',(-1.,5.551115123126E-16,0.));
#3523 = DIRECTION('',(5.551115123126E-16,1.,0.));
#3524 = ADVANCED_FACE('',(#3525),#3543,.T.);
#3525 = FACE_BOUND('',#3526,.T.);
#3526 = EDGE_LOOP('',(#3527,#3535,#3541,#3542));
#3527 = ORIENTED_EDGE('',*,*,#3528,.F.);
#3528 = EDGE_CURVE('',#3529,#3505,#3531,.T.);
#3529 = VERTEX_POINT('',#3530);
#3530 = CARTESIAN_POINT('',(4.,33.1132,1.6));
#3531 = LINE('',#3532,#3533);
#3532 = CARTESIAN_POINT('',(4.,33.1132,1.6));
#3533 = VECTOR('',#3534,1.);
#3534 = DIRECTION('',(0.866025403784,0.5,0.));
#3535 = ORIENTED_EDGE('',*,*,#3536,.T.);
#3536 = EDGE_CURVE('',#3529,#2424,#3537,.T.);
#3537 = LINE('',#3538,#3539);
#3538 = CARTESIAN_POINT('',(4.,33.1132,1.6));
#3539 = VECTOR('',#3540,1.);
#3540 = DIRECTION('',(0.,0.,1.));
#3541 = ORIENTED_EDGE('',*,*,#2482,.T.);
#3542 = ORIENTED_EDGE('',*,*,#3512,.F.);
#3543 = PLANE('',#3544);
#3544 = AXIS2_PLACEMENT_3D('',#3545,#3546,#3547);
#3545 = CARTESIAN_POINT('',(4.,33.1132,1.6));
#3546 = DIRECTION('',(-0.5,0.866025403784,0.));
#3547 = DIRECTION('',(0.866025403784,0.5,0.));
#3548 = ADVANCED_FACE('',(#3549),#3560,.T.);
#3549 = FACE_BOUND('',#3550,.T.);
#3550 = EDGE_LOOP('',(#3551,#3552,#3553,#3559));
#3551 = ORIENTED_EDGE('',*,*,#2691,.F.);
#3552 = ORIENTED_EDGE('',*,*,#2513,.T.);
#3553 = ORIENTED_EDGE('',*,*,#3554,.T.);
#3554 = EDGE_CURVE('',#2516,#2626,#3555,.T.);
#3555 = LINE('',#3556,#3557);
#3556 = CARTESIAN_POINT('',(48.,38.89,2.4));
#3557 = VECTOR('',#3558,1.);
#3558 = DIRECTION('',(0.,0.,1.));
#3559 = ORIENTED_EDGE('',*,*,#2625,.F.);
#3560 = PLANE('',#3561);
#3561 = AXIS2_PLACEMENT_3D('',#3562,#3563,#3564);
#3562 = CARTESIAN_POINT('',(48.,38.,2.4));
#3563 = DIRECTION('',(1.,0.,0.));
#3564 = DIRECTION('',(0.,0.,1.));
#3565 = ADVANCED_FACE('',(#3566),#3577,.T.);
#3566 = FACE_BOUND('',#3567,.T.);
#3567 = EDGE_LOOP('',(#3568,#3569,#3575,#3576));
#3568 = ORIENTED_EDGE('',*,*,#2673,.F.);
#3569 = ORIENTED_EDGE('',*,*,#3570,.F.);
#3570 = EDGE_CURVE('',#2540,#2666,#3571,.T.);
#3571 = LINE('',#3572,#3573);
#3572 = CARTESIAN_POINT('',(54.,33.1132,1.6));
#3573 = VECTOR('',#3574,1.);
#3574 = DIRECTION('',(0.,0.,1.));
#3575 = ORIENTED_EDGE('',*,*,#2539,.T.);
#3576 = ORIENTED_EDGE('',*,*,#2594,.T.);
#3577 = PLANE('',#3578);
#3578 = AXIS2_PLACEMENT_3D('',#3579,#3580,#3581);
#3579 = CARTESIAN_POINT('',(54.,38.89,2.4));
#3580 = DIRECTION('',(-1.,1.224646799147E-16,0.));
#3581 = DIRECTION('',(0.,0.,1.));
#3582 = ADVANCED_FACE('',(#3583),#3608,.T.);
#3583 = FACE_BOUND('',#3584,.T.);
#3584 = EDGE_LOOP('',(#3585,#3595,#3601,#3602));
#3585 = ORIENTED_EDGE('',*,*,#3586,.F.);
#3586 = EDGE_CURVE('',#3587,#3589,#3591,.T.);
#3587 = VERTEX_POINT('',#3588);
#3588 = CARTESIAN_POINT('',(51.499957864355,34.5566,1.6));
#3589 = VERTEX_POINT('',#3590);
#3590 = CARTESIAN_POINT('',(54.,33.1132,1.6));
#3591 = LINE('',#3592,#3593);
#3592 = CARTESIAN_POINT('',(51.499957864355,34.5566,1.6));
#3593 = VECTOR('',#3594,1.);
#3594 = DIRECTION('',(0.866025403784,-0.5,0.));
#3595 = ORIENTED_EDGE('',*,*,#3596,.T.);
#3596 = EDGE_CURVE('',#3587,#2548,#3597,.T.);
#3597 = LINE('',#3598,#3599);
#3598 = CARTESIAN_POINT('',(51.499957864355,34.5566,1.6));
#3599 = VECTOR('',#3600,1.);
#3600 = DIRECTION('',(0.,0.,1.));
#3601 = ORIENTED_EDGE('',*,*,#2547,.T.);
#3602 = ORIENTED_EDGE('',*,*,#3603,.F.);
#3603 = EDGE_CURVE('',#3589,#2540,#3604,.T.);
#3604 = LINE('',#3605,#3606);
#3605 = CARTESIAN_POINT('',(54.,33.1132,1.6));
#3606 = VECTOR('',#3607,1.);
#3607 = DIRECTION('',(0.,0.,1.));
#3608 = PLANE('',#3609);
#3609 = AXIS2_PLACEMENT_3D('',#3610,#3611,#3612);
#3610 = CARTESIAN_POINT('',(51.499957864355,34.5566,1.6));
#3611 = DIRECTION('',(0.5,0.866025403784,0.));
#3612 = DIRECTION('',(0.866025403784,-0.5,0.));
#3613 = ADVANCED_FACE('',(#3614),#3632,.T.);
#3614 = FACE_BOUND('',#3615,.T.);
#3615 = EDGE_LOOP('',(#3616,#3624,#3630,#3631));
#3616 = ORIENTED_EDGE('',*,*,#3617,.F.);
#3617 = EDGE_CURVE('',#3618,#3587,#3620,.T.);
#3618 = VERTEX_POINT('',#3619);
#3619 = CARTESIAN_POINT('',(51.499957864355,37.4434,1.6));
#3620 = LINE('',#3621,#3622);
#3621 = CARTESIAN_POINT('',(51.499957864355,37.4434,1.6));
#3622 = VECTOR('',#3623,1.);
#3623 = DIRECTION('',(-7.216449660064E-16,-1.,0.));
#3624 = ORIENTED_EDGE('',*,*,#3625,.T.);
#3625 = EDGE_CURVE('',#3618,#2556,#3626,.T.);
#3626 = LINE('',#3627,#3628);
#3627 = CARTESIAN_POINT('',(51.499957864355,37.4434,1.6));
#3628 = VECTOR('',#3629,1.);
#3629 = DIRECTION('',(0.,0.,1.));
#3630 = ORIENTED_EDGE('',*,*,#2555,.T.);
#3631 = ORIENTED_EDGE('',*,*,#3596,.F.);
#3632 = PLANE('',#3633);
#3633 = AXIS2_PLACEMENT_3D('',#3634,#3635,#3636);
#3634 = CARTESIAN_POINT('',(51.499957864355,37.4434,1.6));
#3635 = DIRECTION('',(1.,-7.216449660064E-16,0.));
#3636 = DIRECTION('',(-7.216449660064E-16,-1.,0.));
#3637 = ADVANCED_FACE('',(#3638),#3656,.T.);
#3638 = FACE_BOUND('',#3639,.T.);
#3639 = EDGE_LOOP('',(#3640,#3648,#3654,#3655));
#3640 = ORIENTED_EDGE('',*,*,#3641,.F.);
#3641 = EDGE_CURVE('',#3642,#3618,#3644,.T.);
#3642 = VERTEX_POINT('',#3643);
#3643 = CARTESIAN_POINT('',(54.,38.8868,1.6));
#3644 = LINE('',#3645,#3646);
#3645 = CARTESIAN_POINT('',(54.,38.8868,1.6));
#3646 = VECTOR('',#3647,1.);
#3647 = DIRECTION('',(-0.866025403784,-0.5,0.));
#3648 = ORIENTED_EDGE('',*,*,#3649,.T.);
#3649 = EDGE_CURVE('',#3642,#2564,#3650,.T.);
#3650 = LINE('',#3651,#3652);
#3651 = CARTESIAN_POINT('',(54.,38.8868,1.6));
#3652 = VECTOR('',#3653,1.);
#3653 = DIRECTION('',(0.,0.,1.));
#3654 = ORIENTED_EDGE('',*,*,#2563,.T.);
#3655 = ORIENTED_EDGE('',*,*,#3625,.F.);
#3656 = PLANE('',#3657);
#3657 = AXIS2_PLACEMENT_3D('',#3658,#3659,#3660);
#3658 = CARTESIAN_POINT('',(54.,38.8868,1.6));
#3659 = DIRECTION('',(0.5,-0.866025403784,0.));
#3660 = DIRECTION('',(-0.866025403784,-0.5,0.));
#3661 = ADVANCED_FACE('',(#3662),#3678,.T.);
#3662 = FACE_BOUND('',#3663,.T.);
#3663 = EDGE_LOOP('',(#3664,#3665,#3671,#3672));
#3664 = ORIENTED_EDGE('',*,*,#2641,.F.);
#3665 = ORIENTED_EDGE('',*,*,#3666,.F.);
#3666 = EDGE_CURVE('',#2572,#2634,#3667,.T.);
#3667 = LINE('',#3668,#3669);
#3668 = CARTESIAN_POINT('',(54.,38.89,2.4));
#3669 = VECTOR('',#3670,1.);
#3670 = DIRECTION('',(0.,0.,1.));
#3671 = ORIENTED_EDGE('',*,*,#2571,.T.);
#3672 = ORIENTED_EDGE('',*,*,#3673,.T.);
#3673 = EDGE_CURVE('',#2564,#2642,#3674,.T.);
#3674 = LINE('',#3675,#3676);
#3675 = CARTESIAN_POINT('',(54.,38.8868,1.6));
#3676 = VECTOR('',#3677,1.);
#3677 = DIRECTION('',(0.,0.,1.));
#3678 = PLANE('',#3679);
#3679 = AXIS2_PLACEMENT_3D('',#3680,#3681,#3682);
#3680 = CARTESIAN_POINT('',(54.,38.89,2.4));
#3681 = DIRECTION('',(-1.,1.224646799147E-16,0.));
#3682 = DIRECTION('',(0.,0.,1.));
#3683 = ADVANCED_FACE('',(#3684),#3690,.T.);
#3684 = FACE_BOUND('',#3685,.T.);
#3685 = EDGE_LOOP('',(#3686,#3687,#3688,#3689));
#3686 = ORIENTED_EDGE('',*,*,#2579,.F.);
#3687 = ORIENTED_EDGE('',*,*,#3666,.T.);
#3688 = ORIENTED_EDGE('',*,*,#2633,.T.);
#3689 = ORIENTED_EDGE('',*,*,#3554,.F.);
#3690 = PLANE('',#3691);
#3691 = AXIS2_PLACEMENT_3D('',#3692,#3693,#3694);
#3692 = CARTESIAN_POINT('',(51.,38.89,3.4));
#3693 = DIRECTION('',(-0.,-1.,-0.));
#3694 = DIRECTION('',(0.,0.,-1.));
#3695 = ADVANCED_FACE('',(#3696),#3712,.T.);
#3696 = FACE_BOUND('',#3697,.T.);
#3697 = EDGE_LOOP('',(#3698,#3699,#3705,#3706));
#3698 = ORIENTED_EDGE('',*,*,#2649,.F.);
#3699 = ORIENTED_EDGE('',*,*,#3700,.T.);
#3700 = EDGE_CURVE('',#2642,#2734,#3701,.T.);
#3701 = LINE('',#3702,#3703);
#3702 = CARTESIAN_POINT('',(54.,38.8868,1.6));
#3703 = VECTOR('',#3704,1.);
#3704 = DIRECTION('',(0.,0.,1.));
#3705 = ORIENTED_EDGE('',*,*,#2741,.T.);
#3706 = ORIENTED_EDGE('',*,*,#3707,.F.);
#3707 = EDGE_CURVE('',#2650,#2742,#3708,.T.);
#3708 = LINE('',#3709,#3710);
#3709 = CARTESIAN_POINT('',(51.499957864355,37.4434,1.6));
#3710 = VECTOR('',#3711,1.);
#3711 = DIRECTION('',(0.,0.,1.));
#3712 = PLANE('',#3713);
#3713 = AXIS2_PLACEMENT_3D('',#3714,#3715,#3716);
#3714 = CARTESIAN_POINT('',(54.,38.8868,1.6));
#3715 = DIRECTION('',(0.5,-0.866025403784,0.));
#3716 = DIRECTION('',(-0.866025403784,-0.5,0.));
#3717 = ADVANCED_FACE('',(#3718),#3729,.T.);
#3718 = FACE_BOUND('',#3719,.T.);
#3719 = EDGE_LOOP('',(#3720,#3721,#3722,#3723));
#3720 = ORIENTED_EDGE('',*,*,#2657,.F.);
#3721 = ORIENTED_EDGE('',*,*,#3707,.T.);
#3722 = ORIENTED_EDGE('',*,*,#2749,.T.);
#3723 = ORIENTED_EDGE('',*,*,#3724,.F.);
#3724 = EDGE_CURVE('',#2658,#2708,#3725,.T.);
#3725 = LINE('',#3726,#3727);
#3726 = CARTESIAN_POINT('',(51.499957864355,34.5566,1.6));
#3727 = VECTOR('',#3728,1.);
#3728 = DIRECTION('',(0.,0.,1.));
#3729 = PLANE('',#3730);
#3730 = AXIS2_PLACEMENT_3D('',#3731,#3732,#3733);
#3731 = CARTESIAN_POINT('',(51.499957864355,37.4434,1.6));
#3732 = DIRECTION('',(1.,-7.216449660064E-16,0.));
#3733 = DIRECTION('',(-7.216449660064E-16,-1.,0.));
#3734 = ADVANCED_FACE('',(#3735),#3746,.T.);
#3735 = FACE_BOUND('',#3736,.T.);
#3736 = EDGE_LOOP('',(#3737,#3738,#3739,#3740));
#3737 = ORIENTED_EDGE('',*,*,#2665,.F.);
#3738 = ORIENTED_EDGE('',*,*,#3724,.T.);
#3739 = ORIENTED_EDGE('',*,*,#2707,.T.);
#3740 = ORIENTED_EDGE('',*,*,#3741,.F.);
#3741 = EDGE_CURVE('',#2666,#2710,#3742,.T.);
#3742 = LINE('',#3743,#3744);
#3743 = CARTESIAN_POINT('',(54.,33.1132,1.6));
#3744 = VECTOR('',#3745,1.);
#3745 = DIRECTION('',(0.,0.,1.));
#3746 = PLANE('',#3747);
#3747 = AXIS2_PLACEMENT_3D('',#3748,#3749,#3750);
#3748 = CARTESIAN_POINT('',(51.499957864355,34.5566,1.6));
#3749 = DIRECTION('',(0.5,0.866025403784,0.));
#3750 = DIRECTION('',(0.866025403784,-0.5,0.));
#3751 = ADVANCED_FACE('',(#3752),#3772,.T.);
#3752 = FACE_BOUND('',#3753,.T.);
#3753 = EDGE_LOOP('',(#3754,#3755,#3756,#3757,#3758,#3766));
#3754 = ORIENTED_EDGE('',*,*,#3603,.T.);
#3755 = ORIENTED_EDGE('',*,*,#3570,.T.);
#3756 = ORIENTED_EDGE('',*,*,#3741,.T.);
#3757 = ORIENTED_EDGE('',*,*,#2717,.T.);
#3758 = ORIENTED_EDGE('',*,*,#3759,.F.);
#3759 = EDGE_CURVE('',#3760,#2718,#3762,.T.);
#3760 = VERTEX_POINT('',#3761);
#3761 = CARTESIAN_POINT('',(56.500042135645,34.5566,1.6));
#3762 = LINE('',#3763,#3764);
#3763 = CARTESIAN_POINT('',(56.500042135645,34.5566,1.6));
#3764 = VECTOR('',#3765,1.);
#3765 = DIRECTION('',(0.,0.,1.));
#3766 = ORIENTED_EDGE('',*,*,#3767,.F.);
#3767 = EDGE_CURVE('',#3589,#3760,#3768,.T.);
#3768 = LINE('',#3769,#3770);
#3769 = CARTESIAN_POINT('',(54.,33.1132,1.6));
#3770 = VECTOR('',#3771,1.);
#3771 = DIRECTION('',(0.866025403784,0.5,0.));
#3772 = PLANE('',#3773);
#3773 = AXIS2_PLACEMENT_3D('',#3774,#3775,#3776);
#3774 = CARTESIAN_POINT('',(54.,33.1132,1.6));
#3775 = DIRECTION('',(-0.5,0.866025403784,0.));
#3776 = DIRECTION('',(0.866025403784,0.5,0.));
#3777 = ADVANCED_FACE('',(#3778),#3796,.T.);
#3778 = FACE_BOUND('',#3779,.T.);
#3779 = EDGE_LOOP('',(#3780,#3781,#3782,#3790));
#3780 = ORIENTED_EDGE('',*,*,#3759,.T.);
#3781 = ORIENTED_EDGE('',*,*,#2725,.T.);
#3782 = ORIENTED_EDGE('',*,*,#3783,.F.);
#3783 = EDGE_CURVE('',#3784,#2726,#3786,.T.);
#3784 = VERTEX_POINT('',#3785);
#3785 = CARTESIAN_POINT('',(56.500042135645,37.4434,1.6));
#3786 = LINE('',#3787,#3788);
#3787 = CARTESIAN_POINT('',(56.500042135645,37.4434,1.6));
#3788 = VECTOR('',#3789,1.);
#3789 = DIRECTION('',(0.,0.,1.));
#3790 = ORIENTED_EDGE('',*,*,#3791,.F.);
#3791 = EDGE_CURVE('',#3760,#3784,#3792,.T.);
#3792 = LINE('',#3793,#3794);
#3793 = CARTESIAN_POINT('',(56.500042135645,34.5566,1.6));
#3794 = VECTOR('',#3795,1.);
#3795 = DIRECTION('',(4.996003610813E-16,1.,0.));
#3796 = PLANE('',#3797);
#3797 = AXIS2_PLACEMENT_3D('',#3798,#3799,#3800);
#3798 = CARTESIAN_POINT('',(56.500042135645,34.5566,1.6));
#3799 = DIRECTION('',(-1.,5.551115123126E-16,0.));
#3800 = DIRECTION('',(4.996003610813E-16,1.,0.));
#3801 = ADVANCED_FACE('',(#3802),#3815,.T.);
#3802 = FACE_BOUND('',#3803,.T.);
#3803 = EDGE_LOOP('',(#3804,#3805,#3806,#3807,#3808,#3809));
#3804 = ORIENTED_EDGE('',*,*,#3783,.T.);
#3805 = ORIENTED_EDGE('',*,*,#2733,.T.);
#3806 = ORIENTED_EDGE('',*,*,#3700,.F.);
#3807 = ORIENTED_EDGE('',*,*,#3673,.F.);
#3808 = ORIENTED_EDGE('',*,*,#3649,.F.);
#3809 = ORIENTED_EDGE('',*,*,#3810,.F.);
#3810 = EDGE_CURVE('',#3784,#3642,#3811,.T.);
#3811 = LINE('',#3812,#3813);
#3812 = CARTESIAN_POINT('',(56.500042135645,37.4434,1.6));
#3813 = VECTOR('',#3814,1.);
#3814 = DIRECTION('',(-0.866025403784,0.5,0.));
#3815 = PLANE('',#3816);
#3816 = AXIS2_PLACEMENT_3D('',#3817,#3818,#3819);
#3817 = CARTESIAN_POINT('',(56.500042135645,37.4434,1.6));
#3818 = DIRECTION('',(-0.5,-0.866025403784,0.));
#3819 = DIRECTION('',(-0.866025403784,0.5,0.));
#3820 = ADVANCED_FACE('',(#3821),#3841,.T.);
#3821 = FACE_BOUND('',#3822,.T.);
#3822 = EDGE_LOOP('',(#3823,#3824,#3825,#3826,#3827,#3835));
#3823 = ORIENTED_EDGE('',*,*,#3490,.T.);
#3824 = ORIENTED_EDGE('',*,*,#3423,.T.);
#3825 = ORIENTED_EDGE('',*,*,#3408,.T.);
#3826 = ORIENTED_EDGE('',*,*,#2776,.T.);
#3827 = ORIENTED_EDGE('',*,*,#3828,.F.);
#3828 = EDGE_CURVE('',#3829,#2777,#3831,.T.);
#3829 = VERTEX_POINT('',#3830);
#3830 = CARTESIAN_POINT('',(1.499957864355,37.4434,1.6));
#3831 = LINE('',#3832,#3833);
#3832 = CARTESIAN_POINT('',(1.499957864355,37.4434,1.6));
#3833 = VECTOR('',#3834,1.);
#3834 = DIRECTION('',(0.,0.,1.));
#3835 = ORIENTED_EDGE('',*,*,#3836,.F.);
#3836 = EDGE_CURVE('',#3476,#3829,#3837,.T.);
#3837 = LINE('',#3838,#3839);
#3838 = CARTESIAN_POINT('',(4.,38.8868,1.6));
#3839 = VECTOR('',#3840,1.);
#3840 = DIRECTION('',(-0.866025403784,-0.5,0.));
#3841 = PLANE('',#3842);
#3842 = AXIS2_PLACEMENT_3D('',#3843,#3844,#3845);
#3843 = CARTESIAN_POINT('',(4.,38.8868,1.6));
#3844 = DIRECTION('',(0.5,-0.866025403784,0.));
#3845 = DIRECTION('',(-0.866025403784,-0.5,0.));
#3846 = ADVANCED_FACE('',(#3847),#3865,.T.);
#3847 = FACE_BOUND('',#3848,.T.);
#3848 = EDGE_LOOP('',(#3849,#3850,#3851,#3859));
#3849 = ORIENTED_EDGE('',*,*,#3828,.T.);
#3850 = ORIENTED_EDGE('',*,*,#2784,.T.);
#3851 = ORIENTED_EDGE('',*,*,#3852,.F.);
#3852 = EDGE_CURVE('',#3853,#2785,#3855,.T.);
#3853 = VERTEX_POINT('',#3854);
#3854 = CARTESIAN_POINT('',(1.499957864355,34.5566,1.6));
#3855 = LINE('',#3856,#3857);
#3856 = CARTESIAN_POINT('',(1.499957864355,34.5566,1.6));
#3857 = VECTOR('',#3858,1.);
#3858 = DIRECTION('',(0.,0.,1.));
#3859 = ORIENTED_EDGE('',*,*,#3860,.F.);
#3860 = EDGE_CURVE('',#3829,#3853,#3861,.T.);
#3861 = LINE('',#3862,#3863);
#3862 = CARTESIAN_POINT('',(1.499957864355,37.4434,1.6));
#3863 = VECTOR('',#3864,1.);
#3864 = DIRECTION('',(-3.330669073875E-16,-1.,0.));
#3865 = PLANE('',#3866);
#3866 = AXIS2_PLACEMENT_3D('',#3867,#3868,#3869);
#3867 = CARTESIAN_POINT('',(1.499957864355,37.4434,1.6));
#3868 = DIRECTION('',(1.,-3.885780586188E-16,0.));
#3869 = DIRECTION('',(-3.330669073875E-16,-1.,0.));
#3870 = ADVANCED_FACE('',(#3871),#3884,.T.);
#3871 = FACE_BOUND('',#3872,.T.);
#3872 = EDGE_LOOP('',(#3873,#3874,#3875,#3876,#3877,#3878));
#3873 = ORIENTED_EDGE('',*,*,#3852,.T.);
#3874 = ORIENTED_EDGE('',*,*,#2792,.T.);
#3875 = ORIENTED_EDGE('',*,*,#3367,.F.);
#3876 = ORIENTED_EDGE('',*,*,#3352,.F.);
#3877 = ORIENTED_EDGE('',*,*,#3536,.F.);
#3878 = ORIENTED_EDGE('',*,*,#3879,.F.);
#3879 = EDGE_CURVE('',#3853,#3529,#3880,.T.);
#3880 = LINE('',#3881,#3882);
#3881 = CARTESIAN_POINT('',(1.499957864355,34.5566,1.6));
#3882 = VECTOR('',#3883,1.);
#3883 = DIRECTION('',(0.866025403784,-0.5,0.));
#3884 = PLANE('',#3885);
#3885 = AXIS2_PLACEMENT_3D('',#3886,#3887,#3888);
#3886 = CARTESIAN_POINT('',(1.499957864355,34.5566,1.6));
#3887 = DIRECTION('',(0.5,0.866025403784,0.));
#3888 = DIRECTION('',(0.866025403784,-0.5,0.));
#3889 = ADVANCED_FACE('',(#3890),#3910,.T.);
#3890 = FACE_BOUND('',#3891,.T.);
#3891 = EDGE_LOOP('',(#3892,#3893,#3894,#3895,#3896,#3904));
#3892 = ORIENTED_EDGE('',*,*,#3214,.T.);
#3893 = ORIENTED_EDGE('',*,*,#3181,.T.);
#3894 = ORIENTED_EDGE('',*,*,#3335,.T.);
#3895 = ORIENTED_EDGE('',*,*,#2835,.T.);
#3896 = ORIENTED_EDGE('',*,*,#3897,.F.);
#3897 = EDGE_CURVE('',#3898,#2836,#3900,.T.);
#3898 = VERTEX_POINT('',#3899);
#3899 = CARTESIAN_POINT('',(56.500042135645,2.5566,1.6));
#3900 = LINE('',#3901,#3902);
#3901 = CARTESIAN_POINT('',(56.500042135645,2.5566,1.6));
#3902 = VECTOR('',#3903,1.);
#3903 = DIRECTION('',(0.,0.,1.));
#3904 = ORIENTED_EDGE('',*,*,#3905,.F.);
#3905 = EDGE_CURVE('',#3200,#3898,#3906,.T.);
#3906 = LINE('',#3907,#3908);
#3907 = CARTESIAN_POINT('',(54.,1.1132,1.6));
#3908 = VECTOR('',#3909,1.);
#3909 = DIRECTION('',(0.866025403784,0.5,0.));
#3910 = PLANE('',#3911);
#3911 = AXIS2_PLACEMENT_3D('',#3912,#3913,#3914);
#3912 = CARTESIAN_POINT('',(54.,1.1132,1.6));
#3913 = DIRECTION('',(-0.5,0.866025403784,0.));
#3914 = DIRECTION('',(0.866025403784,0.5,0.));
#3915 = ADVANCED_FACE('',(#3916),#3934,.T.);
#3916 = FACE_BOUND('',#3917,.T.);
#3917 = EDGE_LOOP('',(#3918,#3919,#3920,#3928));
#3918 = ORIENTED_EDGE('',*,*,#3897,.T.);
#3919 = ORIENTED_EDGE('',*,*,#2843,.T.);
#3920 = ORIENTED_EDGE('',*,*,#3921,.F.);
#3921 = EDGE_CURVE('',#3922,#2844,#3924,.T.);
#3922 = VERTEX_POINT('',#3923);
#3923 = CARTESIAN_POINT('',(56.500042135645,5.4434,1.6));
#3924 = LINE('',#3925,#3926);
#3925 = CARTESIAN_POINT('',(56.500042135645,5.4434,1.6));
#3926 = VECTOR('',#3927,1.);
#3927 = DIRECTION('',(0.,0.,1.));
#3928 = ORIENTED_EDGE('',*,*,#3929,.F.);
#3929 = EDGE_CURVE('',#3898,#3922,#3930,.T.);
#3930 = LINE('',#3931,#3932);
#3931 = CARTESIAN_POINT('',(56.500042135645,2.5566,1.6));
#3932 = VECTOR('',#3933,1.);
#3933 = DIRECTION('',(4.996003610813E-16,1.,0.));
#3934 = PLANE('',#3935);
#3935 = AXIS2_PLACEMENT_3D('',#3936,#3937,#3938);
#3936 = CARTESIAN_POINT('',(56.500042135645,2.5566,1.6));
#3937 = DIRECTION('',(-1.,5.551115123126E-16,0.));
#3938 = DIRECTION('',(4.996003610813E-16,1.,0.));
#3939 = ADVANCED_FACE('',(#3940),#3953,.T.);
#3940 = FACE_BOUND('',#3941,.T.);
#3941 = EDGE_LOOP('',(#3942,#3943,#3944,#3945,#3946,#3947));
#3942 = ORIENTED_EDGE('',*,*,#3921,.T.);
#3943 = ORIENTED_EDGE('',*,*,#2851,.T.);
#3944 = ORIENTED_EDGE('',*,*,#3294,.F.);
#3945 = ORIENTED_EDGE('',*,*,#3279,.F.);
#3946 = ORIENTED_EDGE('',*,*,#3260,.F.);
#3947 = ORIENTED_EDGE('',*,*,#3948,.F.);
#3948 = EDGE_CURVE('',#3922,#3253,#3949,.T.);
#3949 = LINE('',#3950,#3951);
#3950 = CARTESIAN_POINT('',(56.500042135645,5.4434,1.6));
#3951 = VECTOR('',#3952,1.);
#3952 = DIRECTION('',(-0.866025403784,0.5,0.));
#3953 = PLANE('',#3954);
#3954 = AXIS2_PLACEMENT_3D('',#3955,#3956,#3957);
#3955 = CARTESIAN_POINT('',(56.500042135645,5.4434,1.6));
#3956 = DIRECTION('',(-0.5,-0.866025403784,0.));
#3957 = DIRECTION('',(-0.866025403784,0.5,0.));
#3958 = ADVANCED_FACE('',(#3959),#3979,.T.);
#3959 = FACE_BOUND('',#3960,.T.);
#3960 = EDGE_LOOP('',(#3961,#3962,#3963,#3964,#3965,#3973));
#3961 = ORIENTED_EDGE('',*,*,#3084,.T.);
#3962 = ORIENTED_EDGE('',*,*,#3051,.T.);
#3963 = ORIENTED_EDGE('',*,*,#3036,.T.);
#3964 = ORIENTED_EDGE('',*,*,#2894,.T.);
#3965 = ORIENTED_EDGE('',*,*,#3966,.F.);
#3966 = EDGE_CURVE('',#3967,#2895,#3969,.T.);
#3967 = VERTEX_POINT('',#3968);
#3968 = CARTESIAN_POINT('',(1.499957864355,5.4434,1.6));
#3969 = LINE('',#3970,#3971);
#3970 = CARTESIAN_POINT('',(1.499957864355,5.4434,1.6));
#3971 = VECTOR('',#3972,1.);
#3972 = DIRECTION('',(0.,0.,1.));
#3973 = ORIENTED_EDGE('',*,*,#3974,.F.);
#3974 = EDGE_CURVE('',#3070,#3967,#3975,.T.);
#3975 = LINE('',#3976,#3977);
#3976 = CARTESIAN_POINT('',(4.,6.8868,1.6));
#3977 = VECTOR('',#3978,1.);
#3978 = DIRECTION('',(-0.866025403784,-0.5,0.));
#3979 = PLANE('',#3980);
#3980 = AXIS2_PLACEMENT_3D('',#3981,#3982,#3983);
#3981 = CARTESIAN_POINT('',(4.,6.8868,1.6));
#3982 = DIRECTION('',(0.5,-0.866025403784,0.));
#3983 = DIRECTION('',(-0.866025403784,-0.5,0.));
#3984 = ADVANCED_FACE('',(#3985),#4003,.T.);
#3985 = FACE_BOUND('',#3986,.T.);
#3986 = EDGE_LOOP('',(#3987,#3988,#3989,#3997));
#3987 = ORIENTED_EDGE('',*,*,#3966,.T.);
#3988 = ORIENTED_EDGE('',*,*,#2902,.T.);
#3989 = ORIENTED_EDGE('',*,*,#3990,.F.);
#3990 = EDGE_CURVE('',#3991,#2903,#3993,.T.);
#3991 = VERTEX_POINT('',#3992);
#3992 = CARTESIAN_POINT('',(1.499957864355,2.5566,1.6));
#3993 = LINE('',#3994,#3995);
#3994 = CARTESIAN_POINT('',(1.499957864355,2.5566,1.6));
#3995 = VECTOR('',#3996,1.);
#3996 = DIRECTION('',(0.,0.,1.));
#3997 = ORIENTED_EDGE('',*,*,#3998,.F.);
#3998 = EDGE_CURVE('',#3967,#3991,#3999,.T.);
#3999 = LINE('',#4000,#4001);
#4000 = CARTESIAN_POINT('',(1.499957864355,5.4434,1.6));
#4001 = VECTOR('',#4002,1.);
#4002 = DIRECTION('',(-3.330669073875E-16,-1.,0.));
#4003 = PLANE('',#4004);
#4004 = AXIS2_PLACEMENT_3D('',#4005,#4006,#4007);
#4005 = CARTESIAN_POINT('',(1.499957864355,5.4434,1.6));
#4006 = DIRECTION('',(1.,-3.885780586188E-16,0.));
#4007 = DIRECTION('',(-3.330669073875E-16,-1.,0.));
#4008 = ADVANCED_FACE('',(#4009),#4022,.T.);
#4009 = FACE_BOUND('',#4010,.T.);
#4010 = EDGE_LOOP('',(#4011,#4012,#4013,#4014,#4015,#4016));
#4011 = ORIENTED_EDGE('',*,*,#3990,.T.);
#4012 = ORIENTED_EDGE('',*,*,#2910,.T.);
#4013 = ORIENTED_EDGE('',*,*,#2995,.F.);
#4014 = ORIENTED_EDGE('',*,*,#2980,.F.);
#4015 = ORIENTED_EDGE('',*,*,#3130,.F.);
#4016 = ORIENTED_EDGE('',*,*,#4017,.F.);
#4017 = EDGE_CURVE('',#3991,#3123,#4018,.T.);
#4018 = LINE('',#4019,#4020);
#4019 = CARTESIAN_POINT('',(1.499957864355,2.5566,1.6));
#4020 = VECTOR('',#4021,1.);
#4021 = DIRECTION('',(0.866025403784,-0.5,0.));
#4022 = PLANE('',#4023);
#4023 = AXIS2_PLACEMENT_3D('',#4024,#4025,#4026);
#4024 = CARTESIAN_POINT('',(1.499957864355,2.5566,1.6));
#4025 = DIRECTION('',(0.5,0.866025403784,0.));
#4026 = DIRECTION('',(0.866025403784,-0.5,0.));
#4027 = ADVANCED_FACE('',(#4028),#4036,.T.);
#4028 = FACE_BOUND('',#4029,.T.);
#4029 = EDGE_LOOP('',(#4030,#4031,#4032,#4033,#4034,#4035));
#4030 = ORIENTED_EDGE('',*,*,#3098,.T.);
#4031 = ORIENTED_EDGE('',*,*,#3067,.T.);
#4032 = ORIENTED_EDGE('',*,*,#3974,.T.);
#4033 = ORIENTED_EDGE('',*,*,#3998,.T.);
#4034 = ORIENTED_EDGE('',*,*,#4017,.T.);
#4035 = ORIENTED_EDGE('',*,*,#3122,.T.);
#4036 = PLANE('',#4037);
#4037 = AXIS2_PLACEMENT_3D('',#4038,#4039,#4040);
#4038 = CARTESIAN_POINT('',(29.186153846154,20.394230769231,1.6));
#4039 = DIRECTION('',(0.,0.,1.));
#4040 = DIRECTION('',(1.,0.,0.));
#4041 = ADVANCED_FACE('',(#4042),#4050,.T.);
#4042 = FACE_BOUND('',#4043,.T.);
#4043 = EDGE_LOOP('',(#4044,#4045,#4046,#4047,#4048,#4049));
#4044 = ORIENTED_EDGE('',*,*,#3228,.T.);
#4045 = ORIENTED_EDGE('',*,*,#3197,.T.);
#4046 = ORIENTED_EDGE('',*,*,#3905,.T.);
#4047 = ORIENTED_EDGE('',*,*,#3929,.T.);
#4048 = ORIENTED_EDGE('',*,*,#3948,.T.);
#4049 = ORIENTED_EDGE('',*,*,#3252,.T.);
#4050 = PLANE('',#4051);
#4051 = AXIS2_PLACEMENT_3D('',#4052,#4053,#4054);
#4052 = CARTESIAN_POINT('',(29.186153846154,20.394230769231,1.6));
#4053 = DIRECTION('',(0.,0.,1.));
#4054 = DIRECTION('',(1.,0.,0.));
#4055 = ADVANCED_FACE('',(#4056),#4064,.T.);
#4056 = FACE_BOUND('',#4057,.T.);
#4057 = EDGE_LOOP('',(#4058,#4059,#4060,#4061,#4062,#4063));
#4058 = ORIENTED_EDGE('',*,*,#3504,.T.);
#4059 = ORIENTED_EDGE('',*,*,#3473,.T.);
#4060 = ORIENTED_EDGE('',*,*,#3836,.T.);
#4061 = ORIENTED_EDGE('',*,*,#3860,.T.);
#4062 = ORIENTED_EDGE('',*,*,#3879,.T.);
#4063 = ORIENTED_EDGE('',*,*,#3528,.T.);
#4064 = PLANE('',#4065);
#4065 = AXIS2_PLACEMENT_3D('',#4066,#4067,#4068);
#4066 = CARTESIAN_POINT('',(29.186153846154,20.394230769231,1.6));
#4067 = DIRECTION('',(0.,0.,1.));
#4068 = DIRECTION('',(1.,0.,0.));
#4069 = ADVANCED_FACE('',(#4070),#4078,.T.);
#4070 = FACE_BOUND('',#4071,.T.);
#4071 = EDGE_LOOP('',(#4072,#4073,#4074,#4075,#4076,#4077));
#4072 = ORIENTED_EDGE('',*,*,#3617,.T.);
#4073 = ORIENTED_EDGE('',*,*,#3586,.T.);
#4074 = ORIENTED_EDGE('',*,*,#3767,.T.);
#4075 = ORIENTED_EDGE('',*,*,#3791,.T.);
#4076 = ORIENTED_EDGE('',*,*,#3810,.T.);
#4077 = ORIENTED_EDGE('',*,*,#3641,.T.);
#4078 = PLANE('',#4079);
#4079 = AXIS2_PLACEMENT_3D('',#4080,#4081,#4082);
#4080 = CARTESIAN_POINT('',(29.186153846154,20.394230769231,1.6));
#4081 = DIRECTION('',(0.,0.,1.));
#4082 = DIRECTION('',(1.,0.,0.));
#4083 = ( GEOMETRIC_REPRESENTATION_CONTEXT(3) 
GLOBAL_UNCERTAINTY_ASSIGNED_CONTEXT((#4087)) 
GLOBAL_UNIT_ASSIGNED_CONTEXT((#4084,#4085,#4086)) REPRESENTATION_CONTEXT
('Context #1','3D Context with UNIT and UNCERTAINTY') );
#4084 = ( LENGTH_UNIT() NAMED_UNIT(*) SI_UNIT(.MILLI.,.METRE.) );
#4085 = ( NAMED_UNIT(*) PLANE_ANGLE_UNIT() SI_UNIT($,.RADIAN.) );
#4086 = ( NAMED_UNIT(*) SI_UNIT($,.STERADIAN.) SOLID_ANGLE_UNIT() );
#4087 = UNCERTAINTY_MEASURE_WITH_UNIT(LENGTH_MEASURE(2.E-05),#4084,
  'distance_accuracy_value','confusion accuracy');
#4088 = PRODUCT_RELATED_PRODUCT_CATEGORY('part',$,(#7));
#4089 = MECHANICAL_DESIGN_GEOMETRIC_PRESENTATION_REPRESENTATION('',(
    #4090),#4083);
#4090 = STYLED_ITEM('color',(#4091),#15);
#4091 = PRESENTATION_STYLE_ASSIGNMENT((#4092,#4098));
#4092 = SURFACE_STYLE_USAGE(.BOTH.,#4093);
#4093 = SURFACE_SIDE_STYLE('',(#4094));
#4094 = SURFACE_STYLE_FILL_AREA(#4095);
#4095 = FILL_AREA_STYLE('',(#4096));
#4096 = FILL_AREA_STYLE_COLOUR('',#4097);
#4097 = COLOUR_RGB('',0.447058818107,0.474509808674,0.501960817233);
#4098 = CURVE_STYLE('',#4099,POSITIVE_LENGTH_MEASURE(0.1),#4100);
#4099 = DRAUGHTING_PRE_DEFINED_CURVE_FONT('continuous');
#4100 = COLOUR_RGB('',9.803921802644E-02,9.803921802644E-02,
  9.803921802644E-02);
ENDSEC;
END-ISO-10303-21;
