ISO-10303-21;
HEADER;
FILE_DESCRIPTION(('STEP AP214'),'1');
FILE_NAME('7347292.stp','2023-12-14T07:54:10',('TraceParts'),('TraceParts S.A.'),'Spatial InterOp 3D',' ',' ');
FILE_SCHEMA(('AUTOMOTIVE_DESIGN { 1 0 10303 214 1 1 1 1 }'));
ENDSEC;
DATA;
#1=MECHANICAL_DESIGN_GEOMETRIC_PRESENTATION_REPRESENTATION(' ',(#10,#11,#12,#13,#14,#15,#16,#17,#18,#19,#20,#21,#22,#23,#24,#25,#26,#27,#28,#29,#30,#31,#32,#33,#34,#35,#36,#37,#38,#39,#40,#41,#42,#43,#44,#45,#46,#47,#48,#49,#50,#51,#52,#53,#54,#55,#56,#57,#58,#59,#60,#61,#62,#63,#64,#65,#66,#67,#68,#69,#70,#71,#72,#73,#74,#75,#76,#77,#78,#79,#80,#81,#82,#83,#84,#85,#86,#87,#88,#89,#90,#91,#92,#93,#94,#95,#96,#97,#98,#99,#100,#101,#102,#103,#104,#105,#106,#107,#108,#109,#110,#111),#6);
#2=PRODUCT_DEFINITION_CONTEXT('',#112,'design');
#3=APPLICATION_PROTOCOL_DEFINITION('INTERNATIONAL STANDARD','automotive_design',1994,#112);
#4=PRODUCT_CATEGORY_RELATIONSHIP('NONE','NONE',#113,#114);
#5=SHAPE_DEFINITION_REPRESENTATION(#115,#116);
#6= (GEOMETRIC_REPRESENTATION_CONTEXT(3)GLOBAL_UNCERTAINTY_ASSIGNED_CONTEXT((#119))GLOBAL_UNIT_ASSIGNED_CONTEXT((#121,#122,#123))REPRESENTATION_CONTEXT('NONE','WORKSPACE'));
#10=STYLED_ITEM('',(#125),#126);
#11=STYLED_ITEM('',(#127),#128);
#12=STYLED_ITEM('',(#129),#130);
#13=STYLED_ITEM('',(#131),#132);
#14=STYLED_ITEM('',(#133),#134);
#15=STYLED_ITEM('',(#135),#136);
#16=STYLED_ITEM('',(#137),#138);
#17=STYLED_ITEM('',(#139),#140);
#18=STYLED_ITEM('',(#141),#142);
#19=STYLED_ITEM('',(#143),#144);
#20=STYLED_ITEM('',(#145),#146);
#21=STYLED_ITEM('',(#147),#148);
#22=STYLED_ITEM('',(#149),#150);
#23=STYLED_ITEM('',(#151),#152);
#24=STYLED_ITEM('',(#153),#154);
#25=STYLED_ITEM('',(#155),#156);
#26=STYLED_ITEM('',(#157),#158);
#27=STYLED_ITEM('',(#159),#160);
#28=STYLED_ITEM('',(#161),#162);
#29=STYLED_ITEM('',(#163),#164);
#30=STYLED_ITEM('',(#165),#166);
#31=STYLED_ITEM('',(#167),#168);
#32=STYLED_ITEM('',(#169),#170);
#33=STYLED_ITEM('',(#171),#172);
#34=STYLED_ITEM('',(#173),#174);
#35=STYLED_ITEM('',(#175),#176);
#36=STYLED_ITEM('',(#177),#178);
#37=STYLED_ITEM('',(#179),#180);
#38=STYLED_ITEM('',(#181),#182);
#39=STYLED_ITEM('',(#183),#184);
#40=STYLED_ITEM('',(#185),#186);
#41=STYLED_ITEM('',(#187),#188);
#42=STYLED_ITEM('',(#189),#190);
#43=STYLED_ITEM('',(#191),#192);
#44=STYLED_ITEM('',(#193),#194);
#45=STYLED_ITEM('',(#195),#196);
#46=STYLED_ITEM('',(#197),#198);
#47=STYLED_ITEM('',(#199),#200);
#48=STYLED_ITEM('',(#201),#202);
#49=STYLED_ITEM('',(#203),#204);
#50=STYLED_ITEM('',(#205),#206);
#51=STYLED_ITEM('',(#207),#208);
#52=STYLED_ITEM('',(#209),#210);
#53=STYLED_ITEM('',(#211),#212);
#54=STYLED_ITEM('',(#213),#214);
#55=STYLED_ITEM('',(#215),#216);
#56=STYLED_ITEM('',(#217),#218);
#57=STYLED_ITEM('',(#219),#220);
#58=STYLED_ITEM('',(#221),#222);
#59=STYLED_ITEM('',(#223),#224);
#60=STYLED_ITEM('',(#225),#226);
#61=STYLED_ITEM('',(#227),#228);
#62=STYLED_ITEM('',(#229),#230);
#63=STYLED_ITEM('',(#231),#232);
#64=STYLED_ITEM('',(#233),#234);
#65=STYLED_ITEM('',(#235),#236);
#66=STYLED_ITEM('',(#237),#238);
#67=STYLED_ITEM('',(#239),#240);
#68=STYLED_ITEM('',(#241),#242);
#69=STYLED_ITEM('',(#243),#244);
#70=STYLED_ITEM('',(#245),#246);
#71=STYLED_ITEM('',(#247),#248);
#72=STYLED_ITEM('',(#249),#250);
#73=STYLED_ITEM('',(#251),#252);
#74=STYLED_ITEM('',(#253),#254);
#75=STYLED_ITEM('',(#255),#256);
#76=STYLED_ITEM('',(#257),#258);
#77=STYLED_ITEM('',(#259),#260);
#78=STYLED_ITEM('',(#261),#262);
#79=STYLED_ITEM('',(#263),#264);
#80=STYLED_ITEM('',(#265),#266);
#81=STYLED_ITEM('',(#267),#268);
#82=STYLED_ITEM('',(#269),#270);
#83=STYLED_ITEM('',(#271),#272);
#84=STYLED_ITEM('',(#273),#274);
#85=STYLED_ITEM('',(#275),#276);
#86=STYLED_ITEM('',(#277),#278);
#87=STYLED_ITEM('',(#279),#280);
#88=STYLED_ITEM('',(#281),#282);
#89=STYLED_ITEM('',(#283),#284);
#90=STYLED_ITEM('',(#285),#286);
#91=STYLED_ITEM('',(#287),#288);
#92=STYLED_ITEM('',(#289),#290);
#93=STYLED_ITEM('',(#291),#292);
#94=STYLED_ITEM('',(#293),#294);
#95=STYLED_ITEM('',(#295),#296);
#96=STYLED_ITEM('',(#297),#298);
#97=STYLED_ITEM('',(#299),#300);
#98=STYLED_ITEM('',(#301),#302);
#99=STYLED_ITEM('',(#303),#304);
#100=STYLED_ITEM('',(#305),#306);
#101=STYLED_ITEM('',(#307),#308);
#102=STYLED_ITEM('',(#309),#310);
#103=STYLED_ITEM('',(#311),#312);
#104=STYLED_ITEM('',(#313),#314);
#105=STYLED_ITEM('',(#315),#316);
#106=STYLED_ITEM('',(#317),#318);
#107=STYLED_ITEM('',(#319),#320);
#108=STYLED_ITEM('',(#321),#322);
#109=STYLED_ITEM('',(#323),#324);
#110=STYLED_ITEM('',(#325),#326);
#111=STYLED_ITEM('',(#327),#328);
#112=APPLICATION_CONTEXT(' ');
#113=PRODUCT_CATEGORY('part','NONE');
#114=PRODUCT_RELATED_PRODUCT_CATEGORY('detail',' ',(#329));
#115=PRODUCT_DEFINITION_SHAPE('NONE','NONE',#330);
#116=ADVANCED_BREP_SHAPE_REPRESENTATION('7347292',(#331,#332),#6);
#119=UNCERTAINTY_MEASURE_WITH_UNIT(LENGTH_MEASURE(1.0E-06),#121,'','');
#121= (CONVERSION_BASED_UNIT('MILLIMETRE',#335)LENGTH_UNIT()NAMED_UNIT(#338));
#122= (NAMED_UNIT(#340)PLANE_ANGLE_UNIT()SI_UNIT($,.RADIAN.));
#123= (NAMED_UNIT(#340)SOLID_ANGLE_UNIT()SI_UNIT($,.STERADIAN.));
#125=PRESENTATION_STYLE_ASSIGNMENT((#346));
#126=ADVANCED_FACE('',(#347,#348),#349,.T.);
#127=PRESENTATION_STYLE_ASSIGNMENT((#350));
#128=ADVANCED_FACE('',(#351,#352),#353,.F.);
#129=PRESENTATION_STYLE_ASSIGNMENT((#354));
#130=ADVANCED_FACE('',(#355),#356,.F.);
#131=PRESENTATION_STYLE_ASSIGNMENT((#357));
#132=ADVANCED_FACE('',(#358),#359,.T.);
#133=PRESENTATION_STYLE_ASSIGNMENT((#360));
#134=ADVANCED_FACE('',(#361),#362,.T.);
#135=PRESENTATION_STYLE_ASSIGNMENT((#363));
#136=ADVANCED_FACE('',(#364),#365,.T.);
#137=PRESENTATION_STYLE_ASSIGNMENT((#366));
#138=ADVANCED_FACE('',(#367),#368,.T.);
#139=PRESENTATION_STYLE_ASSIGNMENT((#369));
#140=ADVANCED_FACE('',(#370),#371,.T.);
#141=PRESENTATION_STYLE_ASSIGNMENT((#372));
#142=ADVANCED_FACE('',(#373),#374,.T.);
#143=PRESENTATION_STYLE_ASSIGNMENT((#375));
#144=ADVANCED_FACE('',(#376),#377,.T.);
#145=PRESENTATION_STYLE_ASSIGNMENT((#378));
#146=ADVANCED_FACE('',(#379),#380,.T.);
#147=PRESENTATION_STYLE_ASSIGNMENT((#381));
#148=ADVANCED_FACE('',(#382),#383,.T.);
#149=PRESENTATION_STYLE_ASSIGNMENT((#384));
#150=ADVANCED_FACE('',(#385),#386,.T.);
#151=PRESENTATION_STYLE_ASSIGNMENT((#387));
#152=ADVANCED_FACE('',(#388),#389,.T.);
#153=PRESENTATION_STYLE_ASSIGNMENT((#390));
#154=ADVANCED_FACE('',(#391),#392,.T.);
#155=PRESENTATION_STYLE_ASSIGNMENT((#393));
#156=ADVANCED_FACE('',(#394),#395,.T.);
#157=PRESENTATION_STYLE_ASSIGNMENT((#396));
#158=ADVANCED_FACE('',(#397),#398,.T.);
#159=PRESENTATION_STYLE_ASSIGNMENT((#399));
#160=ADVANCED_FACE('',(#400),#401,.T.);
#161=PRESENTATION_STYLE_ASSIGNMENT((#402));
#162=ADVANCED_FACE('',(#403),#404,.T.);
#163=PRESENTATION_STYLE_ASSIGNMENT((#405));
#164=ADVANCED_FACE('',(#406),#407,.T.);
#165=PRESENTATION_STYLE_ASSIGNMENT((#408));
#166=ADVANCED_FACE('',(#409),#410,.T.);
#167=PRESENTATION_STYLE_ASSIGNMENT((#411));
#168=ADVANCED_FACE('',(#412),#413,.T.);
#169=PRESENTATION_STYLE_ASSIGNMENT((#414));
#170=ADVANCED_FACE('',(#415,#416,#417),#418,.T.);
#171=PRESENTATION_STYLE_ASSIGNMENT((#419));
#172=ADVANCED_FACE('',(#420),#421,.T.);
#173=PRESENTATION_STYLE_ASSIGNMENT((#422));
#174=ADVANCED_FACE('',(#423),#424,.T.);
#175=PRESENTATION_STYLE_ASSIGNMENT((#425));
#176=ADVANCED_FACE('',(#426),#427,.F.);
#177=PRESENTATION_STYLE_ASSIGNMENT((#428));
#178=ADVANCED_FACE('',(#429),#430,.T.);
#179=PRESENTATION_STYLE_ASSIGNMENT((#431));
#180=ADVANCED_FACE('',(#432),#433,.T.);
#181=PRESENTATION_STYLE_ASSIGNMENT((#434));
#182=ADVANCED_FACE('',(#435),#436,.F.);
#183=PRESENTATION_STYLE_ASSIGNMENT((#437));
#184=ADVANCED_FACE('',(#438,#439,#440),#441,.T.);
#185=PRESENTATION_STYLE_ASSIGNMENT((#442));
#186=ADVANCED_FACE('',(#443,#444,#445),#446,.T.);
#187=PRESENTATION_STYLE_ASSIGNMENT((#447));
#188=ADVANCED_FACE('',(#448),#449,.T.);
#189=PRESENTATION_STYLE_ASSIGNMENT((#450));
#190=ADVANCED_FACE('',(#451),#452,.T.);
#191=PRESENTATION_STYLE_ASSIGNMENT((#453));
#192=ADVANCED_FACE('',(#454),#455,.F.);
#193=PRESENTATION_STYLE_ASSIGNMENT((#456));
#194=ADVANCED_FACE('',(#457),#458,.T.);
#195=PRESENTATION_STYLE_ASSIGNMENT((#459));
#196=ADVANCED_FACE('',(#460),#461,.T.);
#197=PRESENTATION_STYLE_ASSIGNMENT((#462));
#198=ADVANCED_FACE('',(#463),#464,.F.);
#199=PRESENTATION_STYLE_ASSIGNMENT((#465));
#200=ADVANCED_FACE('',(#466,#467,#468),#469,.F.);
#201=PRESENTATION_STYLE_ASSIGNMENT((#470));
#202=ADVANCED_FACE('',(#471,#472),#473,.F.);
#203=PRESENTATION_STYLE_ASSIGNMENT((#474));
#204=ADVANCED_FACE('',(#475),#476,.T.);
#205=PRESENTATION_STYLE_ASSIGNMENT((#477));
#206=ADVANCED_FACE('',(#478),#479,.T.);
#207=PRESENTATION_STYLE_ASSIGNMENT((#480));
#208=ADVANCED_FACE('',(#481),#482,.T.);
#209=PRESENTATION_STYLE_ASSIGNMENT((#483));
#210=ADVANCED_FACE('',(#484),#485,.F.);
#211=PRESENTATION_STYLE_ASSIGNMENT((#486));
#212=ADVANCED_FACE('',(#487),#488,.F.);
#213=PRESENTATION_STYLE_ASSIGNMENT((#489));
#214=ADVANCED_FACE('',(#490),#491,.T.);
#215=PRESENTATION_STYLE_ASSIGNMENT((#492));
#216=ADVANCED_FACE('',(#493),#494,.T.);
#217=PRESENTATION_STYLE_ASSIGNMENT((#495));
#218=ADVANCED_FACE('',(#496),#497,.T.);
#219=PRESENTATION_STYLE_ASSIGNMENT((#498));
#220=ADVANCED_FACE('',(#499),#500,.T.);
#221=PRESENTATION_STYLE_ASSIGNMENT((#501));
#222=ADVANCED_FACE('',(#502),#503,.T.);
#223=PRESENTATION_STYLE_ASSIGNMENT((#504));
#224=ADVANCED_FACE('',(#505),#506,.T.);
#225=PRESENTATION_STYLE_ASSIGNMENT((#507));
#226=ADVANCED_FACE('',(#508),#509,.T.);
#227=PRESENTATION_STYLE_ASSIGNMENT((#510));
#228=ADVANCED_FACE('',(#511),#512,.T.);
#229=PRESENTATION_STYLE_ASSIGNMENT((#513));
#230=ADVANCED_FACE('',(#514),#515,.F.);
#231=PRESENTATION_STYLE_ASSIGNMENT((#516));
#232=ADVANCED_FACE('',(#517),#518,.T.);
#233=PRESENTATION_STYLE_ASSIGNMENT((#519));
#234=ADVANCED_FACE('',(#520),#521,.T.);
#235=PRESENTATION_STYLE_ASSIGNMENT((#522));
#236=ADVANCED_FACE('',(#523),#524,.T.);
#237=PRESENTATION_STYLE_ASSIGNMENT((#525));
#238=ADVANCED_FACE('',(#526),#527,.T.);
#239=PRESENTATION_STYLE_ASSIGNMENT((#528));
#240=ADVANCED_FACE('',(#529),#530,.T.);
#241=PRESENTATION_STYLE_ASSIGNMENT((#531));
#242=ADVANCED_FACE('',(#532),#533,.T.);
#243=PRESENTATION_STYLE_ASSIGNMENT((#534));
#244=ADVANCED_FACE('',(#535),#536,.T.);
#245=PRESENTATION_STYLE_ASSIGNMENT((#537));
#246=ADVANCED_FACE('',(#538),#539,.T.);
#247=PRESENTATION_STYLE_ASSIGNMENT((#540));
#248=ADVANCED_FACE('',(#541),#542,.F.);
#249=PRESENTATION_STYLE_ASSIGNMENT((#543));
#250=ADVANCED_FACE('',(#544),#545,.T.);
#251=PRESENTATION_STYLE_ASSIGNMENT((#546));
#252=ADVANCED_FACE('',(#547),#548,.T.);
#253=PRESENTATION_STYLE_ASSIGNMENT((#549));
#254=ADVANCED_FACE('',(#550),#551,.T.);
#255=PRESENTATION_STYLE_ASSIGNMENT((#552));
#256=ADVANCED_FACE('',(#553),#554,.T.);
#257=PRESENTATION_STYLE_ASSIGNMENT((#555));
#258=ADVANCED_FACE('',(#556),#557,.T.);
#259=PRESENTATION_STYLE_ASSIGNMENT((#558));
#260=ADVANCED_FACE('',(#559),#560,.T.);
#261=PRESENTATION_STYLE_ASSIGNMENT((#561));
#262=ADVANCED_FACE('',(#562),#563,.T.);
#263=PRESENTATION_STYLE_ASSIGNMENT((#564));
#264=ADVANCED_FACE('',(#565),#566,.T.);
#265=PRESENTATION_STYLE_ASSIGNMENT((#567));
#266=ADVANCED_FACE('',(#568),#569,.F.);
#267=PRESENTATION_STYLE_ASSIGNMENT((#570));
#268=ADVANCED_FACE('',(#571),#572,.T.);
#269=PRESENTATION_STYLE_ASSIGNMENT((#573));
#270=ADVANCED_FACE('',(#574),#575,.T.);
#271=PRESENTATION_STYLE_ASSIGNMENT((#576));
#272=ADVANCED_FACE('',(#577),#578,.T.);
#273=PRESENTATION_STYLE_ASSIGNMENT((#579));
#274=ADVANCED_FACE('',(#580),#581,.T.);
#275=PRESENTATION_STYLE_ASSIGNMENT((#582));
#276=ADVANCED_FACE('',(#583),#584,.T.);
#277=PRESENTATION_STYLE_ASSIGNMENT((#585));
#278=ADVANCED_FACE('',(#586),#587,.T.);
#279=PRESENTATION_STYLE_ASSIGNMENT((#588));
#280=ADVANCED_FACE('',(#589),#590,.T.);
#281=PRESENTATION_STYLE_ASSIGNMENT((#591));
#282=ADVANCED_FACE('',(#592),#593,.T.);
#283=PRESENTATION_STYLE_ASSIGNMENT((#594));
#284=ADVANCED_FACE('',(#595),#596,.T.);
#285=PRESENTATION_STYLE_ASSIGNMENT((#597));
#286=ADVANCED_FACE('',(#598),#599,.T.);
#287=PRESENTATION_STYLE_ASSIGNMENT((#600));
#288=ADVANCED_FACE('',(#601),#602,.T.);
#289=PRESENTATION_STYLE_ASSIGNMENT((#603));
#290=ADVANCED_FACE('',(#604),#605,.T.);
#291=PRESENTATION_STYLE_ASSIGNMENT((#606));
#292=ADVANCED_FACE('',(#607),#608,.T.);
#293=PRESENTATION_STYLE_ASSIGNMENT((#609));
#294=ADVANCED_FACE('',(#610),#611,.T.);
#295=PRESENTATION_STYLE_ASSIGNMENT((#612));
#296=ADVANCED_FACE('',(#613),#614,.T.);
#297=PRESENTATION_STYLE_ASSIGNMENT((#615));
#298=ADVANCED_FACE('',(#616),#617,.T.);
#299=PRESENTATION_STYLE_ASSIGNMENT((#618));
#300=ADVANCED_FACE('',(#619),#620,.T.);
#301=PRESENTATION_STYLE_ASSIGNMENT((#621));
#302=ADVANCED_FACE('',(#622),#623,.T.);
#303=PRESENTATION_STYLE_ASSIGNMENT((#624));
#304=ADVANCED_FACE('',(#625),#626,.T.);
#305=PRESENTATION_STYLE_ASSIGNMENT((#627));
#306=ADVANCED_FACE('',(#628),#629,.T.);
#307=PRESENTATION_STYLE_ASSIGNMENT((#630));
#308=ADVANCED_FACE('',(#631),#632,.T.);
#309=PRESENTATION_STYLE_ASSIGNMENT((#633));
#310=ADVANCED_FACE('',(#634),#635,.T.);
#311=PRESENTATION_STYLE_ASSIGNMENT((#636));
#312=ADVANCED_FACE('',(#637),#638,.T.);
#313=PRESENTATION_STYLE_ASSIGNMENT((#639));
#314=ADVANCED_FACE('',(#640),#641,.T.);
#315=PRESENTATION_STYLE_ASSIGNMENT((#642));
#316=ADVANCED_FACE('',(#643),#644,.T.);
#317=PRESENTATION_STYLE_ASSIGNMENT((#645));
#318=ADVANCED_FACE('',(#646,#647),#648,.T.);
#319=PRESENTATION_STYLE_ASSIGNMENT((#649));
#320=ADVANCED_FACE('',(#650,#651),#652,.T.);
#321=PRESENTATION_STYLE_ASSIGNMENT((#653));
#322=ADVANCED_FACE('',(#654,#655),#656,.T.);
#323=PRESENTATION_STYLE_ASSIGNMENT((#657));
#324=ADVANCED_FACE('',(#658),#659,.F.);
#325=PRESENTATION_STYLE_ASSIGNMENT((#660));
#326=ADVANCED_FACE('',(#661,#662,#663,#664),#665,.F.);
#327=PRESENTATION_STYLE_ASSIGNMENT((#666));
#328=ADVANCED_FACE('',(#667),#668,.F.);
#329=PRODUCT('7347292','7347292','PART-7347292-DESC',(#669));
#330=PRODUCT_DEFINITION('','NONE',#670,#2);
#331=MANIFOLD_SOLID_BREP('7347292',#671);
#332=AXIS2_PLACEMENT_3D('',#672,#673,#674);
#335=LENGTH_MEASURE_WITH_UNIT(LENGTH_MEASURE(1.0),#675);
#338=DIMENSIONAL_EXPONENTS(1.0,0.0,0.0,0.0,0.0,0.0,0.0);
#340=DIMENSIONAL_EXPONENTS(0.0,0.0,0.0,0.0,0.0,0.0,0.0);
#346=SURFACE_STYLE_USAGE(.BOTH.,#676);
#347=FACE_OUTER_BOUND('',#677,.T.);
#348=FACE_BOUND('',#678,.T.);
#349=PLANE('',#679);
#350=SURFACE_STYLE_USAGE(.BOTH.,#680);
#351=FACE_OUTER_BOUND('',#681,.T.);
#352=FACE_BOUND('',#682,.T.);
#353=PLANE('',#683);
#354=SURFACE_STYLE_USAGE(.BOTH.,#684);
#355=FACE_OUTER_BOUND('',#685,.T.);
#356=PLANE('',#686);
#357=SURFACE_STYLE_USAGE(.BOTH.,#687);
#358=FACE_OUTER_BOUND('',#688,.T.);
#359=PLANE('',#689);
#360=SURFACE_STYLE_USAGE(.BOTH.,#690);
#361=FACE_OUTER_BOUND('',#691,.T.);
#362=PLANE('',#692);
#363=SURFACE_STYLE_USAGE(.BOTH.,#693);
#364=FACE_OUTER_BOUND('',#694,.T.);
#365=PLANE('',#695);
#366=SURFACE_STYLE_USAGE(.BOTH.,#696);
#367=FACE_OUTER_BOUND('',#697,.T.);
#368=PLANE('',#698);
#369=SURFACE_STYLE_USAGE(.BOTH.,#699);
#370=FACE_OUTER_BOUND('',#700,.T.);
#371=PLANE('',#701);
#372=SURFACE_STYLE_USAGE(.BOTH.,#702);
#373=FACE_OUTER_BOUND('',#703,.T.);
#374=PLANE('',#704);
#375=SURFACE_STYLE_USAGE(.BOTH.,#705);
#376=FACE_OUTER_BOUND('',#706,.T.);
#377=PLANE('',#707);
#378=SURFACE_STYLE_USAGE(.BOTH.,#708);
#379=FACE_OUTER_BOUND('',#709,.T.);
#380=PLANE('',#710);
#381=SURFACE_STYLE_USAGE(.BOTH.,#711);
#382=FACE_OUTER_BOUND('',#712,.T.);
#383=PLANE('',#713);
#384=SURFACE_STYLE_USAGE(.BOTH.,#714);
#385=FACE_OUTER_BOUND('',#715,.T.);
#386=PLANE('',#716);
#387=SURFACE_STYLE_USAGE(.BOTH.,#717);
#388=FACE_OUTER_BOUND('',#718,.T.);
#389=PLANE('',#719);
#390=SURFACE_STYLE_USAGE(.BOTH.,#720);
#391=FACE_OUTER_BOUND('',#721,.T.);
#392=PLANE('',#722);
#393=SURFACE_STYLE_USAGE(.BOTH.,#723);
#394=FACE_OUTER_BOUND('',#724,.T.);
#395=PLANE('',#725);
#396=SURFACE_STYLE_USAGE(.BOTH.,#726);
#397=FACE_OUTER_BOUND('',#727,.T.);
#398=PLANE('',#728);
#399=SURFACE_STYLE_USAGE(.BOTH.,#729);
#400=FACE_OUTER_BOUND('',#730,.T.);
#401=PLANE('',#731);
#402=SURFACE_STYLE_USAGE(.BOTH.,#732);
#403=FACE_OUTER_BOUND('',#733,.T.);
#404=PLANE('',#734);
#405=SURFACE_STYLE_USAGE(.BOTH.,#735);
#406=FACE_OUTER_BOUND('',#736,.T.);
#407=PLANE('',#737);
#408=SURFACE_STYLE_USAGE(.BOTH.,#738);
#409=FACE_OUTER_BOUND('',#739,.T.);
#410=PLANE('',#740);
#411=SURFACE_STYLE_USAGE(.BOTH.,#741);
#412=FACE_OUTER_BOUND('',#742,.T.);
#413=PLANE('',#743);
#414=SURFACE_STYLE_USAGE(.BOTH.,#744);
#415=FACE_BOUND('',#745,.T.);
#416=FACE_BOUND('',#746,.T.);
#417=FACE_OUTER_BOUND('',#747,.T.);
#418=PLANE('',#748);
#419=SURFACE_STYLE_USAGE(.BOTH.,#749);
#420=FACE_OUTER_BOUND('',#750,.T.);
#421=PLANE('',#751);
#422=SURFACE_STYLE_USAGE(.BOTH.,#752);
#423=FACE_OUTER_BOUND('',#753,.T.);
#424=PLANE('',#754);
#425=SURFACE_STYLE_USAGE(.BOTH.,#755);
#426=FACE_OUTER_BOUND('',#756,.T.);
#427=CYLINDRICAL_SURFACE('',#757,1.015);
#428=SURFACE_STYLE_USAGE(.BOTH.,#758);
#429=FACE_OUTER_BOUND('',#759,.T.);
#430=PLANE('',#760);
#431=SURFACE_STYLE_USAGE(.BOTH.,#761);
#432=FACE_OUTER_BOUND('',#762,.T.);
#433=PLANE('',#763);
#434=SURFACE_STYLE_USAGE(.BOTH.,#764);
#435=FACE_OUTER_BOUND('',#765,.T.);
#436=PLANE('',#766);
#437=SURFACE_STYLE_USAGE(.BOTH.,#767);
#438=FACE_BOUND('',#768,.T.);
#439=FACE_BOUND('',#769,.T.);
#440=FACE_OUTER_BOUND('',#770,.T.);
#441=PLANE('',#771);
#442=SURFACE_STYLE_USAGE(.BOTH.,#772);
#443=FACE_BOUND('',#773,.T.);
#444=FACE_BOUND('',#774,.T.);
#445=FACE_OUTER_BOUND('',#775,.T.);
#446=PLANE('',#776);
#447=SURFACE_STYLE_USAGE(.BOTH.,#777);
#448=FACE_OUTER_BOUND('',#778,.T.);
#449=PLANE('',#779);
#450=SURFACE_STYLE_USAGE(.BOTH.,#780);
#451=FACE_OUTER_BOUND('',#781,.T.);
#452=PLANE('',#782);
#453=SURFACE_STYLE_USAGE(.BOTH.,#783);
#454=FACE_OUTER_BOUND('',#784,.T.);
#455=CYLINDRICAL_SURFACE('',#785,1.015);
#456=SURFACE_STYLE_USAGE(.BOTH.,#786);
#457=FACE_OUTER_BOUND('',#787,.T.);
#458=PLANE('',#788);
#459=SURFACE_STYLE_USAGE(.BOTH.,#789);
#460=FACE_OUTER_BOUND('',#790,.T.);
#461=PLANE('',#791);
#462=SURFACE_STYLE_USAGE(.BOTH.,#792);
#463=FACE_OUTER_BOUND('',#793,.T.);
#464=PLANE('',#794);
#465=SURFACE_STYLE_USAGE(.BOTH.,#795);
#466=FACE_BOUND('',#796,.T.);
#467=FACE_BOUND('',#797,.T.);
#468=FACE_OUTER_BOUND('',#798,.T.);
#469=PLANE('',#799);
#470=SURFACE_STYLE_USAGE(.BOTH.,#800);
#471=FACE_BOUND('',#801,.T.);
#472=FACE_OUTER_BOUND('',#802,.T.);
#473=PLANE('',#803);
#474=SURFACE_STYLE_USAGE(.BOTH.,#804);
#475=FACE_OUTER_BOUND('',#805,.T.);
#476=PLANE('',#806);
#477=SURFACE_STYLE_USAGE(.BOTH.,#807);
#478=FACE_OUTER_BOUND('',#808,.T.);
#479=PLANE('',#809);
#480=SURFACE_STYLE_USAGE(.BOTH.,#810);
#481=FACE_OUTER_BOUND('',#811,.T.);
#482=PLANE('',#812);
#483=SURFACE_STYLE_USAGE(.BOTH.,#813);
#484=FACE_OUTER_BOUND('',#814,.T.);
#485=PLANE('',#815);
#486=SURFACE_STYLE_USAGE(.BOTH.,#816);
#487=FACE_OUTER_BOUND('',#817,.T.);
#488=PLANE('',#818);
#489=SURFACE_STYLE_USAGE(.BOTH.,#819);
#490=FACE_OUTER_BOUND('',#820,.T.);
#491=PLANE('',#821);
#492=SURFACE_STYLE_USAGE(.BOTH.,#822);
#493=FACE_OUTER_BOUND('',#823,.T.);
#494=CYLINDRICAL_SURFACE('',#824,0.635);
#495=SURFACE_STYLE_USAGE(.BOTH.,#825);
#496=FACE_OUTER_BOUND('',#826,.T.);
#497=PLANE('',#827);
#498=SURFACE_STYLE_USAGE(.BOTH.,#828);
#499=FACE_OUTER_BOUND('',#829,.T.);
#500=PLANE('',#830);
#501=SURFACE_STYLE_USAGE(.BOTH.,#831);
#502=FACE_OUTER_BOUND('',#832,.T.);
#503=PLANE('',#833);
#504=SURFACE_STYLE_USAGE(.BOTH.,#834);
#505=FACE_OUTER_BOUND('',#835,.T.);
#506=PLANE('',#836);
#507=SURFACE_STYLE_USAGE(.BOTH.,#837);
#508=FACE_OUTER_BOUND('',#838,.T.);
#509=PLANE('',#839);
#510=SURFACE_STYLE_USAGE(.BOTH.,#840);
#511=FACE_OUTER_BOUND('',#841,.T.);
#512=PLANE('',#842);
#513=SURFACE_STYLE_USAGE(.BOTH.,#843);
#514=FACE_OUTER_BOUND('',#844,.T.);
#515=PLANE('',#845);
#516=SURFACE_STYLE_USAGE(.BOTH.,#846);
#517=FACE_OUTER_BOUND('',#847,.T.);
#518=PLANE('',#848);
#519=SURFACE_STYLE_USAGE(.BOTH.,#849);
#520=FACE_OUTER_BOUND('',#850,.T.);
#521=CYLINDRICAL_SURFACE('',#851,0.635);
#522=SURFACE_STYLE_USAGE(.BOTH.,#852);
#523=FACE_OUTER_BOUND('',#853,.T.);
#524=PLANE('',#854);
#525=SURFACE_STYLE_USAGE(.BOTH.,#855);
#526=FACE_OUTER_BOUND('',#856,.T.);
#527=PLANE('',#857);
#528=SURFACE_STYLE_USAGE(.BOTH.,#858);
#529=FACE_OUTER_BOUND('',#859,.T.);
#530=PLANE('',#860);
#531=SURFACE_STYLE_USAGE(.BOTH.,#861);
#532=FACE_OUTER_BOUND('',#862,.T.);
#533=PLANE('',#863);
#534=SURFACE_STYLE_USAGE(.BOTH.,#864);
#535=FACE_OUTER_BOUND('',#865,.T.);
#536=PLANE('',#866);
#537=SURFACE_STYLE_USAGE(.BOTH.,#867);
#538=FACE_OUTER_BOUND('',#868,.T.);
#539=PLANE('',#869);
#540=SURFACE_STYLE_USAGE(.BOTH.,#870);
#541=FACE_OUTER_BOUND('',#871,.T.);
#542=PLANE('',#872);
#543=SURFACE_STYLE_USAGE(.BOTH.,#873);
#544=FACE_OUTER_BOUND('',#874,.T.);
#545=PLANE('',#875);
#546=SURFACE_STYLE_USAGE(.BOTH.,#876);
#547=FACE_OUTER_BOUND('',#877,.T.);
#548=CYLINDRICAL_SURFACE('',#878,0.635);
#549=SURFACE_STYLE_USAGE(.BOTH.,#879);
#550=FACE_OUTER_BOUND('',#880,.T.);
#551=PLANE('',#881);
#552=SURFACE_STYLE_USAGE(.BOTH.,#882);
#553=FACE_OUTER_BOUND('',#883,.T.);
#554=PLANE('',#884);
#555=SURFACE_STYLE_USAGE(.BOTH.,#885);
#556=FACE_OUTER_BOUND('',#886,.T.);
#557=PLANE('',#887);
#558=SURFACE_STYLE_USAGE(.BOTH.,#888);
#559=FACE_OUTER_BOUND('',#889,.T.);
#560=PLANE('',#890);
#561=SURFACE_STYLE_USAGE(.BOTH.,#891);
#562=FACE_OUTER_BOUND('',#892,.T.);
#563=PLANE('',#893);
#564=SURFACE_STYLE_USAGE(.BOTH.,#894);
#565=FACE_OUTER_BOUND('',#895,.T.);
#566=PLANE('',#896);
#567=SURFACE_STYLE_USAGE(.BOTH.,#897);
#568=FACE_OUTER_BOUND('',#898,.T.);
#569=PLANE('',#899);
#570=SURFACE_STYLE_USAGE(.BOTH.,#900);
#571=FACE_OUTER_BOUND('',#901,.T.);
#572=PLANE('',#902);
#573=SURFACE_STYLE_USAGE(.BOTH.,#903);
#574=FACE_OUTER_BOUND('',#904,.T.);
#575=CYLINDRICAL_SURFACE('',#905,14.75);
#576=SURFACE_STYLE_USAGE(.BOTH.,#906);
#577=FACE_OUTER_BOUND('',#907,.T.);
#578=PLANE('',#908);
#579=SURFACE_STYLE_USAGE(.BOTH.,#909);
#580=FACE_OUTER_BOUND('',#910,.T.);
#581=PLANE('',#911);
#582=SURFACE_STYLE_USAGE(.BOTH.,#912);
#583=FACE_OUTER_BOUND('',#913,.T.);
#584=PLANE('',#914);
#585=SURFACE_STYLE_USAGE(.BOTH.,#915);
#586=FACE_OUTER_BOUND('',#916,.T.);
#587=PLANE('',#917);
#588=SURFACE_STYLE_USAGE(.BOTH.,#918);
#589=FACE_OUTER_BOUND('',#919,.T.);
#590=PLANE('',#920);
#591=SURFACE_STYLE_USAGE(.BOTH.,#921);
#592=FACE_OUTER_BOUND('',#922,.T.);
#593=PLANE('',#923);
#594=SURFACE_STYLE_USAGE(.BOTH.,#924);
#595=FACE_OUTER_BOUND('',#925,.T.);
#596=PLANE('',#926);
#597=SURFACE_STYLE_USAGE(.BOTH.,#927);
#598=FACE_OUTER_BOUND('',#928,.T.);
#599=PLANE('',#929);
#600=SURFACE_STYLE_USAGE(.BOTH.,#930);
#601=FACE_OUTER_BOUND('',#931,.T.);
#602=PLANE('',#932);
#603=SURFACE_STYLE_USAGE(.BOTH.,#933);
#604=FACE_OUTER_BOUND('',#934,.T.);
#605=PLANE('',#935);
#606=SURFACE_STYLE_USAGE(.BOTH.,#936);
#607=FACE_OUTER_BOUND('',#937,.T.);
#608=PLANE('',#938);
#609=SURFACE_STYLE_USAGE(.BOTH.,#939);
#610=FACE_OUTER_BOUND('',#940,.T.);
#611=PLANE('',#941);
#612=SURFACE_STYLE_USAGE(.BOTH.,#942);
#613=FACE_OUTER_BOUND('',#943,.T.);
#614=PLANE('',#944);
#615=SURFACE_STYLE_USAGE(.BOTH.,#945);
#616=FACE_OUTER_BOUND('',#946,.T.);
#617=PLANE('',#947);
#618=SURFACE_STYLE_USAGE(.BOTH.,#948);
#619=FACE_OUTER_BOUND('',#949,.T.);
#620=PLANE('',#950);
#621=SURFACE_STYLE_USAGE(.BOTH.,#951);
#622=FACE_OUTER_BOUND('',#952,.T.);
#623=PLANE('',#953);
#624=SURFACE_STYLE_USAGE(.BOTH.,#954);
#625=FACE_OUTER_BOUND('',#955,.T.);
#626=PLANE('',#956);
#627=SURFACE_STYLE_USAGE(.BOTH.,#957);
#628=FACE_OUTER_BOUND('',#958,.T.);
#629=PLANE('',#959);
#630=SURFACE_STYLE_USAGE(.BOTH.,#960);
#631=FACE_OUTER_BOUND('',#961,.T.);
#632=PLANE('',#962);
#633=SURFACE_STYLE_USAGE(.BOTH.,#963);
#634=FACE_OUTER_BOUND('',#964,.T.);
#635=PLANE('',#965);
#636=SURFACE_STYLE_USAGE(.BOTH.,#966);
#637=FACE_OUTER_BOUND('',#967,.T.);
#638=PLANE('',#968);
#639=SURFACE_STYLE_USAGE(.BOTH.,#969);
#640=FACE_OUTER_BOUND('',#970,.T.);
#641=PLANE('',#971);
#642=SURFACE_STYLE_USAGE(.BOTH.,#972);
#643=FACE_OUTER_BOUND('',#973,.T.);
#644=CYLINDRICAL_SURFACE('',#974,14.75);
#645=SURFACE_STYLE_USAGE(.BOTH.,#975);
#646=FACE_BOUND('',#976,.T.);
#647=FACE_OUTER_BOUND('',#977,.T.);
#648=TOROIDAL_SURFACE('',#978,-1.125,1.875);
#649=SURFACE_STYLE_USAGE(.BOTH.,#979);
#650=FACE_BOUND('',#980,.T.);
#651=FACE_OUTER_BOUND('',#981,.T.);
#652=TOROIDAL_SURFACE('',#982,-1.125,1.875);
#653=SURFACE_STYLE_USAGE(.BOTH.,#983);
#654=FACE_BOUND('',#984,.T.);
#655=FACE_OUTER_BOUND('',#985,.T.);
#656=TOROIDAL_SURFACE('',#986,-1.125,1.875);
#657=SURFACE_STYLE_USAGE(.BOTH.,#987);
#658=FACE_OUTER_BOUND('',#988,.T.);
#659=PLANE('',#989);
#660=SURFACE_STYLE_USAGE(.BOTH.,#990);
#661=FACE_BOUND('',#991,.T.);
#662=FACE_BOUND('',#992,.T.);
#663=FACE_BOUND('',#993,.T.);
#664=FACE_OUTER_BOUND('',#994,.T.);
#665=PLANE('',#995);
#666=SURFACE_STYLE_USAGE(.BOTH.,#996);
#667=FACE_OUTER_BOUND('',#997,.T.);
#668=PLANE('',#998);
#669=PRODUCT_CONTEXT('',#112,'mechanical');
#670=PRODUCT_DEFINITION_FORMATION_WITH_SPECIFIED_SOURCE(' ','NONE',#329,.NOT_KNOWN.);
#671=CLOSED_SHELL('',(#126,#128,#130,#132,#134,#136,#138,#140,#142,#144,#146,#148,#150,#152,#154,#156,#158,#160,#162,#164,#166,#168,#170,#172,#174,#176,#178,#180,#182,#184,#186,#188,#190,#192,#194,#196,#198,#200,#202,#204,#206,#208,#210,#212,#214,#216,#218,#220,#222,#224,#226,#228,#230,#232,#234,#236,#238,#240,#242,#244,#246,#248,#250,#252,#254,#256,#258,#260,#262,#264,#266,#268,#270,#272,#274,#276,#278,#280,#282,#284,#286,#288,#290,#292,#294,#296,#298,#300,#302,#304,#306,#308,#310,#312,#314,#316,#318,#320,#322,#324,#326,#328));
#672=CARTESIAN_POINT('',(0.0,0.0,0.0));
#673=DIRECTION('',(0.0,0.0,1.0));
#674=DIRECTION('',(1.0,0.0,0.0));
#675= (NAMED_UNIT(#338)LENGTH_UNIT()SI_UNIT(.MILLI.,.METRE.));
#676=SURFACE_SIDE_STYLE('',(#1000));
#677=EDGE_LOOP('',(#1001,#1002,#1003,#1004));
#678=EDGE_LOOP('',(#1005,#1006,#1007,#1008));
#679=AXIS2_PLACEMENT_3D('',#1009,#1010,#1011);
#680=SURFACE_SIDE_STYLE('',(#1012));
#681=EDGE_LOOP('',(#1013,#1014,#1015,#1016));
#682=EDGE_LOOP('',(#1017,#1018,#1019,#1020));
#683=AXIS2_PLACEMENT_3D('',#1021,#1022,#1023);
#684=SURFACE_SIDE_STYLE('',(#1024));
#685=EDGE_LOOP('',(#1025,#1026,#1027,#1028));
#686=AXIS2_PLACEMENT_3D('',#1029,#1030,#1031);
#687=SURFACE_SIDE_STYLE('',(#1032));
#688=EDGE_LOOP('',(#1033,#1034,#1035,#1036));
#689=AXIS2_PLACEMENT_3D('',#1037,#1038,#1039);
#690=SURFACE_SIDE_STYLE('',(#1040));
#691=EDGE_LOOP('',(#1041,#1042,#1043,#1044));
#692=AXIS2_PLACEMENT_3D('',#1045,#1046,#1047);
#693=SURFACE_SIDE_STYLE('',(#1048));
#694=EDGE_LOOP('',(#1049,#1050,#1051,#1052));
#695=AXIS2_PLACEMENT_3D('',#1053,#1054,#1055);
#696=SURFACE_SIDE_STYLE('',(#1056));
#697=EDGE_LOOP('',(#1057,#1058,#1059,#1060));
#698=AXIS2_PLACEMENT_3D('',#1061,#1062,#1063);
#699=SURFACE_SIDE_STYLE('',(#1064));
#700=EDGE_LOOP('',(#1065,#1066,#1067,#1068));
#701=AXIS2_PLACEMENT_3D('',#1069,#1070,#1071);
#702=SURFACE_SIDE_STYLE('',(#1072));
#703=EDGE_LOOP('',(#1073,#1074,#1075,#1076));
#704=AXIS2_PLACEMENT_3D('',#1077,#1078,#1079);
#705=SURFACE_SIDE_STYLE('',(#1080));
#706=EDGE_LOOP('',(#1081,#1082,#1083,#1084));
#707=AXIS2_PLACEMENT_3D('',#1085,#1086,#1087);
#708=SURFACE_SIDE_STYLE('',(#1088));
#709=EDGE_LOOP('',(#1089,#1090,#1091,#1092));
#710=AXIS2_PLACEMENT_3D('',#1093,#1094,#1095);
#711=SURFACE_SIDE_STYLE('',(#1096));
#712=EDGE_LOOP('',(#1097,#1098,#1099,#1100));
#713=AXIS2_PLACEMENT_3D('',#1101,#1102,#1103);
#714=SURFACE_SIDE_STYLE('',(#1104));
#715=EDGE_LOOP('',(#1105,#1106,#1107,#1108));
#716=AXIS2_PLACEMENT_3D('',#1109,#1110,#1111);
#717=SURFACE_SIDE_STYLE('',(#1112));
#718=EDGE_LOOP('',(#1113,#1114,#1115,#1116));
#719=AXIS2_PLACEMENT_3D('',#1117,#1118,#1119);
#720=SURFACE_SIDE_STYLE('',(#1120));
#721=EDGE_LOOP('',(#1121,#1122,#1123,#1124));
#722=AXIS2_PLACEMENT_3D('',#1125,#1126,#1127);
#723=SURFACE_SIDE_STYLE('',(#1128));
#724=EDGE_LOOP('',(#1129,#1130,#1131,#1132));
#725=AXIS2_PLACEMENT_3D('',#1133,#1134,#1135);
#726=SURFACE_SIDE_STYLE('',(#1136));
#727=EDGE_LOOP('',(#1137,#1138,#1139,#1140));
#728=AXIS2_PLACEMENT_3D('',#1141,#1142,#1143);
#729=SURFACE_SIDE_STYLE('',(#1144));
#730=EDGE_LOOP('',(#1145,#1146,#1147,#1148));
#731=AXIS2_PLACEMENT_3D('',#1149,#1150,#1151);
#732=SURFACE_SIDE_STYLE('',(#1152));
#733=EDGE_LOOP('',(#1153,#1154,#1155,#1156));
#734=AXIS2_PLACEMENT_3D('',#1157,#1158,#1159);
#735=SURFACE_SIDE_STYLE('',(#1160));
#736=EDGE_LOOP('',(#1161,#1162,#1163,#1164));
#737=AXIS2_PLACEMENT_3D('',#1165,#1166,#1167);
#738=SURFACE_SIDE_STYLE('',(#1168));
#739=EDGE_LOOP('',(#1169,#1170,#1171,#1172));
#740=AXIS2_PLACEMENT_3D('',#1173,#1174,#1175);
#741=SURFACE_SIDE_STYLE('',(#1176));
#742=EDGE_LOOP('',(#1177,#1178,#1179,#1180));
#743=AXIS2_PLACEMENT_3D('',#1181,#1182,#1183);
#744=SURFACE_SIDE_STYLE('',(#1184));
#745=EDGE_LOOP('',(#1185,#1186,#1187,#1188));
#746=EDGE_LOOP('',(#1189,#1190,#1191,#1192));
#747=EDGE_LOOP('',(#1193,#1194,#1195,#1196,#1197,#1198,#1199,#1200));
#748=AXIS2_PLACEMENT_3D('',#1201,#1202,#1203);
#749=SURFACE_SIDE_STYLE('',(#1204));
#750=EDGE_LOOP('',(#1205,#1206,#1207,#1208));
#751=AXIS2_PLACEMENT_3D('',#1209,#1210,#1211);
#752=SURFACE_SIDE_STYLE('',(#1212));
#753=EDGE_LOOP('',(#1213,#1214,#1215,#1216));
#754=AXIS2_PLACEMENT_3D('',#1217,#1218,#1219);
#755=SURFACE_SIDE_STYLE('',(#1220));
#756=EDGE_LOOP('',(#1221,#1222,#1223,#1224));
#757=AXIS2_PLACEMENT_3D('',#1225,#1226,#1227);
#758=SURFACE_SIDE_STYLE('',(#1228));
#759=EDGE_LOOP('',(#1229,#1230,#1231,#1232));
#760=AXIS2_PLACEMENT_3D('',#1233,#1234,#1235);
#761=SURFACE_SIDE_STYLE('',(#1236));
#762=EDGE_LOOP('',(#1237,#1238,#1239,#1240));
#763=AXIS2_PLACEMENT_3D('',#1241,#1242,#1243);
#764=SURFACE_SIDE_STYLE('',(#1244));
#765=EDGE_LOOP('',(#1245,#1246,#1247,#1248,#1249,#1250,#1251,#1252));
#766=AXIS2_PLACEMENT_3D('',#1253,#1254,#1255);
#767=SURFACE_SIDE_STYLE('',(#1256));
#768=EDGE_LOOP('',(#1257,#1258,#1259,#1260));
#769=EDGE_LOOP('',(#1261,#1262,#1263,#1264));
#770=EDGE_LOOP('',(#1265,#1266,#1267,#1268,#1269,#1270,#1271,#1272));
#771=AXIS2_PLACEMENT_3D('',#1273,#1274,#1275);
#772=SURFACE_SIDE_STYLE('',(#1276));
#773=EDGE_LOOP('',(#1277,#1278,#1279,#1280));
#774=EDGE_LOOP('',(#1281,#1282,#1283,#1284));
#775=EDGE_LOOP('',(#1285,#1286,#1287,#1288,#1289,#1290,#1291,#1292));
#776=AXIS2_PLACEMENT_3D('',#1293,#1294,#1295);
#777=SURFACE_SIDE_STYLE('',(#1296));
#778=EDGE_LOOP('',(#1297,#1298,#1299,#1300));
#779=AXIS2_PLACEMENT_3D('',#1301,#1302,#1303);
#780=SURFACE_SIDE_STYLE('',(#1304));
#781=EDGE_LOOP('',(#1305,#1306,#1307,#1308));
#782=AXIS2_PLACEMENT_3D('',#1309,#1310,#1311);
#783=SURFACE_SIDE_STYLE('',(#1312));
#784=EDGE_LOOP('',(#1313,#1314,#1315,#1316));
#785=AXIS2_PLACEMENT_3D('',#1317,#1318,#1319);
#786=SURFACE_SIDE_STYLE('',(#1320));
#787=EDGE_LOOP('',(#1321,#1322,#1323,#1324));
#788=AXIS2_PLACEMENT_3D('',#1325,#1326,#1327);
#789=SURFACE_SIDE_STYLE('',(#1328));
#790=EDGE_LOOP('',(#1329,#1330,#1331,#1332));
#791=AXIS2_PLACEMENT_3D('',#1333,#1334,#1335);
#792=SURFACE_SIDE_STYLE('',(#1336));
#793=EDGE_LOOP('',(#1337,#1338,#1339,#1340,#1341,#1342,#1343,#1344));
#794=AXIS2_PLACEMENT_3D('',#1345,#1346,#1347);
#795=SURFACE_SIDE_STYLE('',(#1348));
#796=EDGE_LOOP('',(#1349,#1350,#1351,#1352));
#797=EDGE_LOOP('',(#1353,#1354,#1355,#1356));
#798=EDGE_LOOP('',(#1357,#1358,#1359,#1360,#1361,#1362,#1363,#1364));
#799=AXIS2_PLACEMENT_3D('',#1365,#1366,#1367);
#800=SURFACE_SIDE_STYLE('',(#1368));
#801=EDGE_LOOP('',(#1369,#1370,#1371,#1372));
#802=EDGE_LOOP('',(#1373,#1374,#1375,#1376));
#803=AXIS2_PLACEMENT_3D('',#1377,#1378,#1379);
#804=SURFACE_SIDE_STYLE('',(#1380));
#805=EDGE_LOOP('',(#1381,#1382,#1383,#1384,#1385,#1386,#1387,#1388,#1389,#1390,#1391,#1392,#1393,#1394,#1395,#1396,#1397,#1398,#1399,#1400,#1401,#1402,#1403,#1404,#1405,#1406,#1407));
#806=AXIS2_PLACEMENT_3D('',#1408,#1409,#1410);
#807=SURFACE_SIDE_STYLE('',(#1411));
#808=EDGE_LOOP('',(#1412,#1413,#1414,#1415));
#809=AXIS2_PLACEMENT_3D('',#1416,#1417,#1418);
#810=SURFACE_SIDE_STYLE('',(#1419));
#811=EDGE_LOOP('',(#1420,#1421,#1422,#1423));
#812=AXIS2_PLACEMENT_3D('',#1424,#1425,#1426);
#813=SURFACE_SIDE_STYLE('',(#1427));
#814=EDGE_LOOP('',(#1428,#1429,#1430,#1431));
#815=AXIS2_PLACEMENT_3D('',#1432,#1433,#1434);
#816=SURFACE_SIDE_STYLE('',(#1435));
#817=EDGE_LOOP('',(#1436,#1437,#1438,#1439,#1440,#1441,#1442,#1443));
#818=AXIS2_PLACEMENT_3D('',#1444,#1445,#1446);
#819=SURFACE_SIDE_STYLE('',(#1447));
#820=EDGE_LOOP('',(#1448,#1449,#1450,#1451));
#821=AXIS2_PLACEMENT_3D('',#1452,#1453,#1454);
#822=SURFACE_SIDE_STYLE('',(#1455));
#823=EDGE_LOOP('',(#1456,#1457,#1458,#1459));
#824=AXIS2_PLACEMENT_3D('',#1460,#1461,#1462);
#825=SURFACE_SIDE_STYLE('',(#1463));
#826=EDGE_LOOP('',(#1464,#1465,#1466,#1467));
#827=AXIS2_PLACEMENT_3D('',#1468,#1469,#1470);
#828=SURFACE_SIDE_STYLE('',(#1471));
#829=EDGE_LOOP('',(#1472,#1473,#1474,#1475));
#830=AXIS2_PLACEMENT_3D('',#1476,#1477,#1478);
#831=SURFACE_SIDE_STYLE('',(#1479));
#832=EDGE_LOOP('',(#1480,#1481,#1482,#1483));
#833=AXIS2_PLACEMENT_3D('',#1484,#1485,#1486);
#834=SURFACE_SIDE_STYLE('',(#1487));
#835=EDGE_LOOP('',(#1488,#1489,#1490,#1491));
#836=AXIS2_PLACEMENT_3D('',#1492,#1493,#1494);
#837=SURFACE_SIDE_STYLE('',(#1495));
#838=EDGE_LOOP('',(#1496,#1497,#1498,#1499));
#839=AXIS2_PLACEMENT_3D('',#1500,#1501,#1502);
#840=SURFACE_SIDE_STYLE('',(#1503));
#841=EDGE_LOOP('',(#1504,#1505,#1506,#1507,#1508,#1509,#1510,#1511));
#842=AXIS2_PLACEMENT_3D('',#1512,#1513,#1514);
#843=SURFACE_SIDE_STYLE('',(#1515));
#844=EDGE_LOOP('',(#1516,#1517,#1518,#1519,#1520,#1521,#1522,#1523));
#845=AXIS2_PLACEMENT_3D('',#1524,#1525,#1526);
#846=SURFACE_SIDE_STYLE('',(#1527));
#847=EDGE_LOOP('',(#1528,#1529,#1530,#1531));
#848=AXIS2_PLACEMENT_3D('',#1532,#1533,#1534);
#849=SURFACE_SIDE_STYLE('',(#1535));
#850=EDGE_LOOP('',(#1536,#1537,#1538,#1539));
#851=AXIS2_PLACEMENT_3D('',#1540,#1541,#1542);
#852=SURFACE_SIDE_STYLE('',(#1543));
#853=EDGE_LOOP('',(#1544,#1545,#1546,#1547));
#854=AXIS2_PLACEMENT_3D('',#1548,#1549,#1550);
#855=SURFACE_SIDE_STYLE('',(#1551));
#856=EDGE_LOOP('',(#1552,#1553,#1554,#1555));
#857=AXIS2_PLACEMENT_3D('',#1556,#1557,#1558);
#858=SURFACE_SIDE_STYLE('',(#1559));
#859=EDGE_LOOP('',(#1560,#1561,#1562,#1563));
#860=AXIS2_PLACEMENT_3D('',#1564,#1565,#1566);
#861=SURFACE_SIDE_STYLE('',(#1567));
#862=EDGE_LOOP('',(#1568,#1569,#1570,#1571));
#863=AXIS2_PLACEMENT_3D('',#1572,#1573,#1574);
#864=SURFACE_SIDE_STYLE('',(#1575));
#865=EDGE_LOOP('',(#1576,#1577,#1578,#1579));
#866=AXIS2_PLACEMENT_3D('',#1580,#1581,#1582);
#867=SURFACE_SIDE_STYLE('',(#1583));
#868=EDGE_LOOP('',(#1584,#1585,#1586,#1587,#1588,#1589,#1590,#1591));
#869=AXIS2_PLACEMENT_3D('',#1592,#1593,#1594);
#870=SURFACE_SIDE_STYLE('',(#1595));
#871=EDGE_LOOP('',(#1596,#1597,#1598,#1599,#1600,#1601,#1602,#1603));
#872=AXIS2_PLACEMENT_3D('',#1604,#1605,#1606);
#873=SURFACE_SIDE_STYLE('',(#1607));
#874=EDGE_LOOP('',(#1608,#1609,#1610,#1611));
#875=AXIS2_PLACEMENT_3D('',#1612,#1613,#1614);
#876=SURFACE_SIDE_STYLE('',(#1615));
#877=EDGE_LOOP('',(#1616,#1617,#1618,#1619));
#878=AXIS2_PLACEMENT_3D('',#1620,#1621,#1622);
#879=SURFACE_SIDE_STYLE('',(#1623));
#880=EDGE_LOOP('',(#1624,#1625,#1626,#1627));
#881=AXIS2_PLACEMENT_3D('',#1628,#1629,#1630);
#882=SURFACE_SIDE_STYLE('',(#1631));
#883=EDGE_LOOP('',(#1632,#1633,#1634,#1635));
#884=AXIS2_PLACEMENT_3D('',#1636,#1637,#1638);
#885=SURFACE_SIDE_STYLE('',(#1639));
#886=EDGE_LOOP('',(#1640,#1641,#1642,#1643));
#887=AXIS2_PLACEMENT_3D('',#1644,#1645,#1646);
#888=SURFACE_SIDE_STYLE('',(#1647));
#889=EDGE_LOOP('',(#1648,#1649,#1650,#1651));
#890=AXIS2_PLACEMENT_3D('',#1652,#1653,#1654);
#891=SURFACE_SIDE_STYLE('',(#1655));
#892=EDGE_LOOP('',(#1656,#1657,#1658,#1659));
#893=AXIS2_PLACEMENT_3D('',#1660,#1661,#1662);
#894=SURFACE_SIDE_STYLE('',(#1663));
#895=EDGE_LOOP('',(#1664,#1665,#1666,#1667,#1668,#1669,#1670,#1671));
#896=AXIS2_PLACEMENT_3D('',#1672,#1673,#1674);
#897=SURFACE_SIDE_STYLE('',(#1675));
#898=EDGE_LOOP('',(#1676,#1677,#1678,#1679,#1680,#1681,#1682,#1683,#1684,#1685,#1686,#1687,#1688,#1689,#1690,#1691,#1692,#1693,#1694,#1695,#1696,#1697,#1698,#1699,#1700,#1701,#1702));
#899=AXIS2_PLACEMENT_3D('',#1703,#1704,#1705);
#900=SURFACE_SIDE_STYLE('',(#1706));
#901=EDGE_LOOP('',(#1707,#1708,#1709,#1710));
#902=AXIS2_PLACEMENT_3D('',#1711,#1712,#1713);
#903=SURFACE_SIDE_STYLE('',(#1714));
#904=EDGE_LOOP('',(#1715,#1716,#1717,#1718));
#905=AXIS2_PLACEMENT_3D('',#1719,#1720,#1721);
#906=SURFACE_SIDE_STYLE('',(#1722));
#907=EDGE_LOOP('',(#1723,#1724,#1725,#1726));
#908=AXIS2_PLACEMENT_3D('',#1727,#1728,#1729);
#909=SURFACE_SIDE_STYLE('',(#1730));
#910=EDGE_LOOP('',(#1731,#1732,#1733,#1734));
#911=AXIS2_PLACEMENT_3D('',#1735,#1736,#1737);
#912=SURFACE_SIDE_STYLE('',(#1738));
#913=EDGE_LOOP('',(#1739,#1740,#1741,#1742));
#914=AXIS2_PLACEMENT_3D('',#1743,#1744,#1745);
#915=SURFACE_SIDE_STYLE('',(#1746));
#916=EDGE_LOOP('',(#1747,#1748,#1749,#1750));
#917=AXIS2_PLACEMENT_3D('',#1751,#1752,#1753);
#918=SURFACE_SIDE_STYLE('',(#1754));
#919=EDGE_LOOP('',(#1755,#1756,#1757,#1758));
#920=AXIS2_PLACEMENT_3D('',#1759,#1760,#1761);
#921=SURFACE_SIDE_STYLE('',(#1762));
#922=EDGE_LOOP('',(#1763,#1764,#1765,#1766));
#923=AXIS2_PLACEMENT_3D('',#1767,#1768,#1769);
#924=SURFACE_SIDE_STYLE('',(#1770));
#925=EDGE_LOOP('',(#1771,#1772,#1773,#1774));
#926=AXIS2_PLACEMENT_3D('',#1775,#1776,#1777);
#927=SURFACE_SIDE_STYLE('',(#1778));
#928=EDGE_LOOP('',(#1779,#1780,#1781,#1782));
#929=AXIS2_PLACEMENT_3D('',#1783,#1784,#1785);
#930=SURFACE_SIDE_STYLE('',(#1786));
#931=EDGE_LOOP('',(#1787,#1788,#1789,#1790));
#932=AXIS2_PLACEMENT_3D('',#1791,#1792,#1793);
#933=SURFACE_SIDE_STYLE('',(#1794));
#934=EDGE_LOOP('',(#1795,#1796,#1797,#1798));
#935=AXIS2_PLACEMENT_3D('',#1799,#1800,#1801);
#936=SURFACE_SIDE_STYLE('',(#1802));
#937=EDGE_LOOP('',(#1803,#1804,#1805,#1806));
#938=AXIS2_PLACEMENT_3D('',#1807,#1808,#1809);
#939=SURFACE_SIDE_STYLE('',(#1810));
#940=EDGE_LOOP('',(#1811,#1812,#1813,#1814));
#941=AXIS2_PLACEMENT_3D('',#1815,#1816,#1817);
#942=SURFACE_SIDE_STYLE('',(#1818));
#943=EDGE_LOOP('',(#1819,#1820,#1821,#1822));
#944=AXIS2_PLACEMENT_3D('',#1823,#1824,#1825);
#945=SURFACE_SIDE_STYLE('',(#1826));
#946=EDGE_LOOP('',(#1827,#1828,#1829,#1830));
#947=AXIS2_PLACEMENT_3D('',#1831,#1832,#1833);
#948=SURFACE_SIDE_STYLE('',(#1834));
#949=EDGE_LOOP('',(#1835,#1836,#1837,#1838));
#950=AXIS2_PLACEMENT_3D('',#1839,#1840,#1841);
#951=SURFACE_SIDE_STYLE('',(#1842));
#952=EDGE_LOOP('',(#1843,#1844,#1845,#1846));
#953=AXIS2_PLACEMENT_3D('',#1847,#1848,#1849);
#954=SURFACE_SIDE_STYLE('',(#1850));
#955=EDGE_LOOP('',(#1851,#1852,#1853,#1854));
#956=AXIS2_PLACEMENT_3D('',#1855,#1856,#1857);
#957=SURFACE_SIDE_STYLE('',(#1858));
#958=EDGE_LOOP('',(#1859,#1860,#1861,#1862));
#959=AXIS2_PLACEMENT_3D('',#1863,#1864,#1865);
#960=SURFACE_SIDE_STYLE('',(#1866));
#961=EDGE_LOOP('',(#1867,#1868,#1869,#1870));
#962=AXIS2_PLACEMENT_3D('',#1871,#1872,#1873);
#963=SURFACE_SIDE_STYLE('',(#1874));
#964=EDGE_LOOP('',(#1875,#1876,#1877,#1878));
#965=AXIS2_PLACEMENT_3D('',#1879,#1880,#1881);
#966=SURFACE_SIDE_STYLE('',(#1882));
#967=EDGE_LOOP('',(#1883,#1884,#1885,#1886));
#968=AXIS2_PLACEMENT_3D('',#1887,#1888,#1889);
#969=SURFACE_SIDE_STYLE('',(#1890));
#970=EDGE_LOOP('',(#1891,#1892,#1893,#1894));
#971=AXIS2_PLACEMENT_3D('',#1895,#1896,#1897);
#972=SURFACE_SIDE_STYLE('',(#1898));
#973=EDGE_LOOP('',(#1899,#1900,#1901,#1902));
#974=AXIS2_PLACEMENT_3D('',#1903,#1904,#1905);
#975=SURFACE_SIDE_STYLE('',(#1906));
#976=EDGE_LOOP('',(#1907,#1908,#1909,#1910));
#977=EDGE_LOOP('',(#1911,#1912));
#978=AXIS2_PLACEMENT_3D('',#1913,#1914,#1915);
#979=SURFACE_SIDE_STYLE('',(#1916));
#980=EDGE_LOOP('',(#1917,#1918,#1919,#1920));
#981=EDGE_LOOP('',(#1921,#1922));
#982=AXIS2_PLACEMENT_3D('',#1923,#1924,#1925);
#983=SURFACE_SIDE_STYLE('',(#1926));
#984=EDGE_LOOP('',(#1927,#1928,#1929,#1930));
#985=EDGE_LOOP('',(#1931,#1932));
#986=AXIS2_PLACEMENT_3D('',#1933,#1934,#1935);
#987=SURFACE_SIDE_STYLE('',(#1936));
#988=EDGE_LOOP('',(#1937,#1938,#1939,#1940));
#989=AXIS2_PLACEMENT_3D('',#1941,#1942,#1943);
#990=SURFACE_SIDE_STYLE('',(#1944));
#991=EDGE_LOOP('',(#1945,#1946));
#992=EDGE_LOOP('',(#1947,#1948));
#993=EDGE_LOOP('',(#1949,#1950));
#994=EDGE_LOOP('',(#1951,#1952,#1953,#1954));
#995=AXIS2_PLACEMENT_3D('',#1955,#1956,#1957);
#996=SURFACE_SIDE_STYLE('',(#1958));
#997=EDGE_LOOP('',(#1959,#1960,#1961,#1962));
#998=AXIS2_PLACEMENT_3D('',#1963,#1964,#1965);
#1000=SURFACE_STYLE_FILL_AREA(#1966);
#1001=ORIENTED_EDGE('',*,*,#1967,.F.);
#1002=ORIENTED_EDGE('',*,*,#1968,.T.);
#1003=ORIENTED_EDGE('',*,*,#1969,.T.);
#1004=ORIENTED_EDGE('',*,*,#1970,.T.);
#1005=ORIENTED_EDGE('',*,*,#1971,.F.);
#1006=ORIENTED_EDGE('',*,*,#1972,.F.);
#1007=ORIENTED_EDGE('',*,*,#1973,.F.);
#1008=ORIENTED_EDGE('',*,*,#1974,.F.);
#1009=CARTESIAN_POINT('',(0.0,-0.0625,0.0));
#1010=DIRECTION('',(0.0,1.0,0.0));
#1011=DIRECTION('',(0.0,0.0,1.0));
#1012=SURFACE_STYLE_FILL_AREA(#1975);
#1013=ORIENTED_EDGE('',*,*,#1976,.T.);
#1014=ORIENTED_EDGE('',*,*,#1977,.T.);
#1015=ORIENTED_EDGE('',*,*,#1978,.T.);
#1016=ORIENTED_EDGE('',*,*,#1979,.F.);
#1017=ORIENTED_EDGE('',*,*,#1980,.F.);
#1018=ORIENTED_EDGE('',*,*,#1981,.F.);
#1019=ORIENTED_EDGE('',*,*,#1982,.F.);
#1020=ORIENTED_EDGE('',*,*,#1983,.F.);
#1021=CARTESIAN_POINT('',(0.0,-0.25,0.0));
#1022=DIRECTION('',(0.0,1.0,0.0));
#1023=DIRECTION('',(0.0,0.0,1.0));
#1024=SURFACE_STYLE_FILL_AREA(#1984);
#1025=ORIENTED_EDGE('',*,*,#1985,.F.);
#1026=ORIENTED_EDGE('',*,*,#1986,.F.);
#1027=ORIENTED_EDGE('',*,*,#1968,.F.);
#1028=ORIENTED_EDGE('',*,*,#1987,.F.);
#1029=CARTESIAN_POINT('',(0.0,0.0625,1.95));
#1030=DIRECTION('',(0.0,0.0,1.0));
#1031=DIRECTION('',(1.0,0.0,0.0));
#1032=SURFACE_STYLE_FILL_AREA(#1988);
#1033=ORIENTED_EDGE('',*,*,#1989,.F.);
#1034=ORIENTED_EDGE('',*,*,#1987,.T.);
#1035=ORIENTED_EDGE('',*,*,#1967,.T.);
#1036=ORIENTED_EDGE('',*,*,#1990,.T.);
#1037=CARTESIAN_POINT('',(-3.05,0.0625,0.0));
#1038=DIRECTION('',(1.0,0.0,0.0));
#1039=DIRECTION('',(0.0,0.0,-1.0));
#1040=SURFACE_STYLE_FILL_AREA(#1991);
#1041=ORIENTED_EDGE('',*,*,#1992,.F.);
#1042=ORIENTED_EDGE('',*,*,#1990,.F.);
#1043=ORIENTED_EDGE('',*,*,#1970,.F.);
#1044=ORIENTED_EDGE('',*,*,#1993,.F.);
#1045=CARTESIAN_POINT('',(0.0,0.0625,-1.95));
#1046=DIRECTION('',(0.0,0.0,1.0));
#1047=DIRECTION('',(1.0,0.0,0.0));
#1048=SURFACE_STYLE_FILL_AREA(#1994);
#1049=ORIENTED_EDGE('',*,*,#1995,.F.);
#1050=ORIENTED_EDGE('',*,*,#1993,.T.);
#1051=ORIENTED_EDGE('',*,*,#1969,.F.);
#1052=ORIENTED_EDGE('',*,*,#1986,.T.);
#1053=CARTESIAN_POINT('',(3.05,0.0625,0.0));
#1054=DIRECTION('',(-1.0,0.0,0.0));
#1055=DIRECTION('',(0.0,0.0,1.0));
#1056=SURFACE_STYLE_FILL_AREA(#1996);
#1057=ORIENTED_EDGE('',*,*,#1997,.F.);
#1058=ORIENTED_EDGE('',*,*,#1998,.T.);
#1059=ORIENTED_EDGE('',*,*,#1999,.F.);
#1060=ORIENTED_EDGE('',*,*,#2000,.F.);
#1061=CARTESIAN_POINT('',(3.7,-2.675,0.0));
#1062=DIRECTION('',(0.0,-1.0,0.0));
#1063=DIRECTION('',(0.0,0.0,-1.0));
#1064=SURFACE_STYLE_FILL_AREA(#2001);
#1065=ORIENTED_EDGE('',*,*,#2002,.F.);
#1066=ORIENTED_EDGE('',*,*,#2003,.F.);
#1067=ORIENTED_EDGE('',*,*,#2004,.F.);
#1068=ORIENTED_EDGE('',*,*,#2005,.T.);
#1069=CARTESIAN_POINT('',(3.7,-2.675,0.0));
#1070=DIRECTION('',(0.0,-1.0,0.0));
#1071=DIRECTION('',(0.0,0.0,-1.0));
#1072=SURFACE_STYLE_FILL_AREA(#2006);
#1073=ORIENTED_EDGE('',*,*,#2007,.F.);
#1074=ORIENTED_EDGE('',*,*,#2000,.T.);
#1075=ORIENTED_EDGE('',*,*,#2008,.F.);
#1076=ORIENTED_EDGE('',*,*,#2009,.F.);
#1077=CARTESIAN_POINT('',(4.7,-3.46875,0.0));
#1078=DIRECTION('',(-1.0,0.0,0.0));
#1079=DIRECTION('',(0.0,0.0,1.0));
#1080=SURFACE_STYLE_FILL_AREA(#2010);
#1081=ORIENTED_EDGE('',*,*,#2011,.F.);
#1082=ORIENTED_EDGE('',*,*,#2012,.T.);
#1083=ORIENTED_EDGE('',*,*,#2013,.F.);
#1084=ORIENTED_EDGE('',*,*,#1998,.F.);
#1085=CARTESIAN_POINT('',(2.7,-3.46875,0.0));
#1086=DIRECTION('',(1.0,0.0,0.0));
#1087=DIRECTION('',(0.0,0.0,-1.0));
#1088=SURFACE_STYLE_FILL_AREA(#2014);
#1089=ORIENTED_EDGE('',*,*,#2015,.F.);
#1090=ORIENTED_EDGE('',*,*,#2005,.F.);
#1091=ORIENTED_EDGE('',*,*,#2016,.F.);
#1092=ORIENTED_EDGE('',*,*,#2017,.T.);
#1093=CARTESIAN_POINT('',(2.7,-3.46875,0.0));
#1094=DIRECTION('',(1.0,0.0,0.0));
#1095=DIRECTION('',(0.0,0.0,-1.0));
#1096=SURFACE_STYLE_FILL_AREA(#2018);
#1097=ORIENTED_EDGE('',*,*,#2019,.F.);
#1098=ORIENTED_EDGE('',*,*,#2009,.T.);
#1099=ORIENTED_EDGE('',*,*,#2020,.F.);
#1100=ORIENTED_EDGE('',*,*,#2012,.F.);
#1101=CARTESIAN_POINT('',(3.7,-4.2625,0.0));
#1102=DIRECTION('',(0.0,1.0,0.0));
#1103=DIRECTION('',(0.0,0.0,1.0));
#1104=SURFACE_STYLE_FILL_AREA(#2021);
#1105=ORIENTED_EDGE('',*,*,#2022,.F.);
#1106=ORIENTED_EDGE('',*,*,#2017,.F.);
#1107=ORIENTED_EDGE('',*,*,#2023,.F.);
#1108=ORIENTED_EDGE('',*,*,#2024,.T.);
#1109=CARTESIAN_POINT('',(3.7,-4.2625,0.0));
#1110=DIRECTION('',(0.0,1.0,0.0));
#1111=DIRECTION('',(0.0,0.0,1.0));
#1112=SURFACE_STYLE_FILL_AREA(#2025);
#1113=ORIENTED_EDGE('',*,*,#2026,.F.);
#1114=ORIENTED_EDGE('',*,*,#2024,.F.);
#1115=ORIENTED_EDGE('',*,*,#2027,.F.);
#1116=ORIENTED_EDGE('',*,*,#2003,.T.);
#1117=CARTESIAN_POINT('',(4.7,-3.46875,0.0));
#1118=DIRECTION('',(-1.0,0.0,0.0));
#1119=DIRECTION('',(0.0,0.0,1.0));
#1120=SURFACE_STYLE_FILL_AREA(#2028);
#1121=ORIENTED_EDGE('',*,*,#2029,.F.);
#1122=ORIENTED_EDGE('',*,*,#2030,.T.);
#1123=ORIENTED_EDGE('',*,*,#2031,.F.);
#1124=ORIENTED_EDGE('',*,*,#2032,.F.);
#1125=CARTESIAN_POINT('',(-3.7,-2.675,0.0));
#1126=DIRECTION('',(0.0,-1.0,0.0));
#1127=DIRECTION('',(0.0,0.0,-1.0));
#1128=SURFACE_STYLE_FILL_AREA(#2033);
#1129=ORIENTED_EDGE('',*,*,#2034,.F.);
#1130=ORIENTED_EDGE('',*,*,#2035,.F.);
#1131=ORIENTED_EDGE('',*,*,#2036,.F.);
#1132=ORIENTED_EDGE('',*,*,#2037,.T.);
#1133=CARTESIAN_POINT('',(-3.7,-2.675,0.0));
#1134=DIRECTION('',(0.0,-1.0,0.0));
#1135=DIRECTION('',(0.0,0.0,-1.0));
#1136=SURFACE_STYLE_FILL_AREA(#2038);
#1137=ORIENTED_EDGE('',*,*,#2039,.F.);
#1138=ORIENTED_EDGE('',*,*,#2032,.T.);
#1139=ORIENTED_EDGE('',*,*,#2040,.F.);
#1140=ORIENTED_EDGE('',*,*,#2041,.F.);
#1141=CARTESIAN_POINT('',(-2.7,-3.46875,0.0));
#1142=DIRECTION('',(-1.0,0.0,0.0));
#1143=DIRECTION('',(0.0,0.0,1.0));
#1144=SURFACE_STYLE_FILL_AREA(#2042);
#1145=ORIENTED_EDGE('',*,*,#2043,.F.);
#1146=ORIENTED_EDGE('',*,*,#2044,.T.);
#1147=ORIENTED_EDGE('',*,*,#2045,.F.);
#1148=ORIENTED_EDGE('',*,*,#2030,.F.);
#1149=CARTESIAN_POINT('',(-4.7,-3.46875,0.0));
#1150=DIRECTION('',(1.0,0.0,0.0));
#1151=DIRECTION('',(0.0,0.0,-1.0));
#1152=SURFACE_STYLE_FILL_AREA(#2046);
#1153=ORIENTED_EDGE('',*,*,#2047,.F.);
#1154=ORIENTED_EDGE('',*,*,#2037,.F.);
#1155=ORIENTED_EDGE('',*,*,#2048,.F.);
#1156=ORIENTED_EDGE('',*,*,#2049,.T.);
#1157=CARTESIAN_POINT('',(-4.7,-3.46875,0.0));
#1158=DIRECTION('',(1.0,0.0,0.0));
#1159=DIRECTION('',(0.0,0.0,-1.0));
#1160=SURFACE_STYLE_FILL_AREA(#2050);
#1161=ORIENTED_EDGE('',*,*,#2051,.F.);
#1162=ORIENTED_EDGE('',*,*,#2041,.T.);
#1163=ORIENTED_EDGE('',*,*,#2052,.F.);
#1164=ORIENTED_EDGE('',*,*,#2044,.F.);
#1165=CARTESIAN_POINT('',(-3.7,-4.2625,0.0));
#1166=DIRECTION('',(0.0,1.0,0.0));
#1167=DIRECTION('',(0.0,0.0,1.0));
#1168=SURFACE_STYLE_FILL_AREA(#2053);
#1169=ORIENTED_EDGE('',*,*,#2054,.F.);
#1170=ORIENTED_EDGE('',*,*,#2049,.F.);
#1171=ORIENTED_EDGE('',*,*,#2055,.F.);
#1172=ORIENTED_EDGE('',*,*,#2056,.T.);
#1173=CARTESIAN_POINT('',(-3.7,-4.2625,0.0));
#1174=DIRECTION('',(0.0,1.0,0.0));
#1175=DIRECTION('',(0.0,0.0,1.0));
#1176=SURFACE_STYLE_FILL_AREA(#2057);
#1177=ORIENTED_EDGE('',*,*,#2058,.F.);
#1178=ORIENTED_EDGE('',*,*,#2056,.F.);
#1179=ORIENTED_EDGE('',*,*,#2059,.F.);
#1180=ORIENTED_EDGE('',*,*,#2035,.T.);
#1181=CARTESIAN_POINT('',(-2.7,-3.46875,0.0));
#1182=DIRECTION('',(-1.0,0.0,0.0));
#1183=DIRECTION('',(0.0,0.0,1.0));
#1184=SURFACE_STYLE_FILL_AREA(#2060);
#1185=ORIENTED_EDGE('',*,*,#2022,.T.);
#1186=ORIENTED_EDGE('',*,*,#2026,.T.);
#1187=ORIENTED_EDGE('',*,*,#2002,.T.);
#1188=ORIENTED_EDGE('',*,*,#2015,.T.);
#1189=ORIENTED_EDGE('',*,*,#2054,.T.);
#1190=ORIENTED_EDGE('',*,*,#2058,.T.);
#1191=ORIENTED_EDGE('',*,*,#2034,.T.);
#1192=ORIENTED_EDGE('',*,*,#2047,.T.);
#1193=ORIENTED_EDGE('',*,*,#1976,.F.);
#1194=ORIENTED_EDGE('',*,*,#2061,.F.);
#1195=ORIENTED_EDGE('',*,*,#2062,.F.);
#1196=ORIENTED_EDGE('',*,*,#2063,.F.);
#1197=ORIENTED_EDGE('',*,*,#2064,.F.);
#1198=ORIENTED_EDGE('',*,*,#2065,.F.);
#1199=ORIENTED_EDGE('',*,*,#2066,.F.);
#1200=ORIENTED_EDGE('',*,*,#2067,.F.);
#1201=CARTESIAN_POINT('',(-4.84527240378341E-16,-2.47727037176671,3.05));
#1202=DIRECTION('',(1.22460635382238E-16,0.0,-1.0));
#1203=DIRECTION('',(-1.0,0.0,-1.22460635382238E-16));
#1204=SURFACE_STYLE_FILL_AREA(#2068);
#1205=ORIENTED_EDGE('',*,*,#2066,.T.);
#1206=ORIENTED_EDGE('',*,*,#2069,.F.);
#1207=ORIENTED_EDGE('',*,*,#2070,.T.);
#1208=ORIENTED_EDGE('',*,*,#2071,.T.);
#1209=CARTESIAN_POINT('',(-3.6825,-4.7625,3.3));
#1210=DIRECTION('',(0.0,-1.0,-0.0));
#1211=DIRECTION('',(-1.0,0.0,-1.22460635382238E-16));
#1212=SURFACE_STYLE_FILL_AREA(#2072);
#1213=ORIENTED_EDGE('',*,*,#2065,.T.);
#1214=ORIENTED_EDGE('',*,*,#2073,.F.);
#1215=ORIENTED_EDGE('',*,*,#2074,.T.);
#1216=ORIENTED_EDGE('',*,*,#2069,.T.);
#1217=CARTESIAN_POINT('',(-1.015,-4.255,3.3));
#1218=DIRECTION('',(1.0,2.18763157561607E-16,1.22460635382238E-16));
#1219=DIRECTION('',(2.18763157561607E-16,-1.0,2.6789875273219E-32));
#1220=SURFACE_STYLE_FILL_AREA(#2075);
#1221=ORIENTED_EDGE('',*,*,#2064,.T.);
#1222=ORIENTED_EDGE('',*,*,#2076,.F.);
#1223=ORIENTED_EDGE('',*,*,#2077,.F.);
#1224=ORIENTED_EDGE('',*,*,#2073,.T.);
#1225=CARTESIAN_POINT('',(4.84058322938741E-16,-3.7475,3.3));
#1226=DIRECTION('',(1.22460635382238E-16,0.0,-1.0));
#1227=DIRECTION('',(-1.0,0.0,-1.22460635382238E-16));
#1228=SURFACE_STYLE_FILL_AREA(#2078);
#1229=ORIENTED_EDGE('',*,*,#2063,.T.);
#1230=ORIENTED_EDGE('',*,*,#2079,.F.);
#1231=ORIENTED_EDGE('',*,*,#2080,.F.);
#1232=ORIENTED_EDGE('',*,*,#2076,.T.);
#1233=CARTESIAN_POINT('',(1.015,-4.255,3.3));
#1234=DIRECTION('',(-1.0,2.18763157561607E-16,-1.22460635382238E-16));
#1235=DIRECTION('',(2.18763157561607E-16,1.0,2.6789875273219E-32));
#1236=SURFACE_STYLE_FILL_AREA(#2081);
#1237=ORIENTED_EDGE('',*,*,#2062,.T.);
#1238=ORIENTED_EDGE('',*,*,#2082,.F.);
#1239=ORIENTED_EDGE('',*,*,#2083,.T.);
#1240=ORIENTED_EDGE('',*,*,#2079,.T.);
#1241=CARTESIAN_POINT('',(3.6825,-4.7625,3.3));
#1242=DIRECTION('',(0.0,-1.0,-0.0));
#1243=DIRECTION('',(-1.0,0.0,-1.22460635382238E-16));
#1244=SURFACE_STYLE_FILL_AREA(#2084);
#1245=ORIENTED_EDGE('',*,*,#1977,.F.);
#1246=ORIENTED_EDGE('',*,*,#2067,.T.);
#1247=ORIENTED_EDGE('',*,*,#2071,.F.);
#1248=ORIENTED_EDGE('',*,*,#2085,.F.);
#1249=ORIENTED_EDGE('',*,*,#2086,.T.);
#1250=ORIENTED_EDGE('',*,*,#2087,.F.);
#1251=ORIENTED_EDGE('',*,*,#2088,.T.);
#1252=ORIENTED_EDGE('',*,*,#2089,.T.);
#1253=CARTESIAN_POINT('',(-6.35,-0.125,0.0));
#1254=DIRECTION('',(1.0,0.0,0.0));
#1255=DIRECTION('',(0.0,0.0,-1.0));
#1256=SURFACE_STYLE_FILL_AREA(#2090);
#1257=ORIENTED_EDGE('',*,*,#2023,.T.);
#1258=ORIENTED_EDGE('',*,*,#2016,.T.);
#1259=ORIENTED_EDGE('',*,*,#2004,.T.);
#1260=ORIENTED_EDGE('',*,*,#2027,.T.);
#1261=ORIENTED_EDGE('',*,*,#2055,.T.);
#1262=ORIENTED_EDGE('',*,*,#2048,.T.);
#1263=ORIENTED_EDGE('',*,*,#2036,.T.);
#1264=ORIENTED_EDGE('',*,*,#2059,.T.);
#1265=ORIENTED_EDGE('',*,*,#2085,.T.);
#1266=ORIENTED_EDGE('',*,*,#2070,.F.);
#1267=ORIENTED_EDGE('',*,*,#2074,.F.);
#1268=ORIENTED_EDGE('',*,*,#2077,.T.);
#1269=ORIENTED_EDGE('',*,*,#2080,.T.);
#1270=ORIENTED_EDGE('',*,*,#2083,.F.);
#1271=ORIENTED_EDGE('',*,*,#2091,.T.);
#1272=ORIENTED_EDGE('',*,*,#2092,.T.);
#1273=CARTESIAN_POINT('',(0.0,-0.125,3.3));
#1274=DIRECTION('',(0.0,0.0,1.0));
#1275=DIRECTION('',(1.0,0.0,0.0));
#1276=SURFACE_STYLE_FILL_AREA(#2093);
#1277=ORIENTED_EDGE('',*,*,#2019,.T.);
#1278=ORIENTED_EDGE('',*,*,#2011,.T.);
#1279=ORIENTED_EDGE('',*,*,#1997,.T.);
#1280=ORIENTED_EDGE('',*,*,#2007,.T.);
#1281=ORIENTED_EDGE('',*,*,#2051,.T.);
#1282=ORIENTED_EDGE('',*,*,#2043,.T.);
#1283=ORIENTED_EDGE('',*,*,#2029,.T.);
#1284=ORIENTED_EDGE('',*,*,#2039,.T.);
#1285=ORIENTED_EDGE('',*,*,#1978,.F.);
#1286=ORIENTED_EDGE('',*,*,#2089,.F.);
#1287=ORIENTED_EDGE('',*,*,#2094,.F.);
#1288=ORIENTED_EDGE('',*,*,#2095,.F.);
#1289=ORIENTED_EDGE('',*,*,#2096,.F.);
#1290=ORIENTED_EDGE('',*,*,#2097,.F.);
#1291=ORIENTED_EDGE('',*,*,#2098,.F.);
#1292=ORIENTED_EDGE('',*,*,#2099,.F.);
#1293=CARTESIAN_POINT('',(1.11022302462516E-16,-2.47727037176671,-3.05));
#1294=DIRECTION('',(0.0,0.0,1.0));
#1295=DIRECTION('',(1.0,0.0,0.0));
#1296=SURFACE_STYLE_FILL_AREA(#2100);
#1297=ORIENTED_EDGE('',*,*,#2098,.T.);
#1298=ORIENTED_EDGE('',*,*,#2101,.F.);
#1299=ORIENTED_EDGE('',*,*,#2102,.T.);
#1300=ORIENTED_EDGE('',*,*,#2103,.T.);
#1301=CARTESIAN_POINT('',(3.6825,-4.7625,-3.3));
#1302=DIRECTION('',(0.0,-1.0,0.0));
#1303=DIRECTION('',(1.0,0.0,0.0));
#1304=SURFACE_STYLE_FILL_AREA(#2104);
#1305=ORIENTED_EDGE('',*,*,#2097,.T.);
#1306=ORIENTED_EDGE('',*,*,#2105,.F.);
#1307=ORIENTED_EDGE('',*,*,#2106,.T.);
#1308=ORIENTED_EDGE('',*,*,#2101,.T.);
#1309=CARTESIAN_POINT('',(1.015,-4.255,-3.3));
#1310=DIRECTION('',(-1.0,2.18763157561607E-16,0.0));
#1311=DIRECTION('',(-2.18763157561607E-16,-1.0,0.0));
#1312=SURFACE_STYLE_FILL_AREA(#2107);
#1313=ORIENTED_EDGE('',*,*,#2096,.T.);
#1314=ORIENTED_EDGE('',*,*,#2108,.F.);
#1315=ORIENTED_EDGE('',*,*,#2109,.F.);
#1316=ORIENTED_EDGE('',*,*,#2105,.T.);
#1317=CARTESIAN_POINT('',(-8.88178419700125E-16,-3.7475,-3.3));
#1318=DIRECTION('',(0.0,0.0,1.0));
#1319=DIRECTION('',(1.0,0.0,0.0));
#1320=SURFACE_STYLE_FILL_AREA(#2110);
#1321=ORIENTED_EDGE('',*,*,#2095,.T.);
#1322=ORIENTED_EDGE('',*,*,#2111,.F.);
#1323=ORIENTED_EDGE('',*,*,#2112,.F.);
#1324=ORIENTED_EDGE('',*,*,#2108,.T.);
#1325=CARTESIAN_POINT('',(-1.015,-4.255,-3.3));
#1326=DIRECTION('',(1.0,2.18763157561607E-16,0.0));
#1327=DIRECTION('',(-2.18763157561607E-16,1.0,0.0));
#1328=SURFACE_STYLE_FILL_AREA(#2113);
#1329=ORIENTED_EDGE('',*,*,#2094,.T.);
#1330=ORIENTED_EDGE('',*,*,#2088,.F.);
#1331=ORIENTED_EDGE('',*,*,#2114,.T.);
#1332=ORIENTED_EDGE('',*,*,#2111,.T.);
#1333=CARTESIAN_POINT('',(-3.6825,-4.7625,-3.3));
#1334=DIRECTION('',(0.0,-1.0,0.0));
#1335=DIRECTION('',(1.0,0.0,0.0));
#1336=SURFACE_STYLE_FILL_AREA(#2115);
#1337=ORIENTED_EDGE('',*,*,#2091,.F.);
#1338=ORIENTED_EDGE('',*,*,#2082,.T.);
#1339=ORIENTED_EDGE('',*,*,#2061,.T.);
#1340=ORIENTED_EDGE('',*,*,#1979,.T.);
#1341=ORIENTED_EDGE('',*,*,#2099,.T.);
#1342=ORIENTED_EDGE('',*,*,#2103,.F.);
#1343=ORIENTED_EDGE('',*,*,#2116,.F.);
#1344=ORIENTED_EDGE('',*,*,#2117,.F.);
#1345=CARTESIAN_POINT('',(6.35,-0.125,0.0));
#1346=DIRECTION('',(-1.0,0.0,0.0));
#1347=DIRECTION('',(0.0,0.0,1.0));
#1348=SURFACE_STYLE_FILL_AREA(#2118);
#1349=ORIENTED_EDGE('',*,*,#2020,.T.);
#1350=ORIENTED_EDGE('',*,*,#2008,.T.);
#1351=ORIENTED_EDGE('',*,*,#1999,.T.);
#1352=ORIENTED_EDGE('',*,*,#2013,.T.);
#1353=ORIENTED_EDGE('',*,*,#2052,.T.);
#1354=ORIENTED_EDGE('',*,*,#2040,.T.);
#1355=ORIENTED_EDGE('',*,*,#2031,.T.);
#1356=ORIENTED_EDGE('',*,*,#2045,.T.);
#1357=ORIENTED_EDGE('',*,*,#2116,.T.);
#1358=ORIENTED_EDGE('',*,*,#2102,.F.);
#1359=ORIENTED_EDGE('',*,*,#2106,.F.);
#1360=ORIENTED_EDGE('',*,*,#2109,.T.);
#1361=ORIENTED_EDGE('',*,*,#2112,.T.);
#1362=ORIENTED_EDGE('',*,*,#2114,.F.);
#1363=ORIENTED_EDGE('',*,*,#2087,.T.);
#1364=ORIENTED_EDGE('',*,*,#2119,.T.);
#1365=CARTESIAN_POINT('',(0.0,-0.125,-3.3));
#1366=DIRECTION('',(0.0,0.0,1.0));
#1367=DIRECTION('',(1.0,0.0,0.0));
#1368=SURFACE_STYLE_FILL_AREA(#2120);
#1369=ORIENTED_EDGE('',*,*,#1992,.T.);
#1370=ORIENTED_EDGE('',*,*,#1995,.T.);
#1371=ORIENTED_EDGE('',*,*,#1985,.T.);
#1372=ORIENTED_EDGE('',*,*,#1989,.T.);
#1373=ORIENTED_EDGE('',*,*,#2117,.T.);
#1374=ORIENTED_EDGE('',*,*,#2119,.F.);
#1375=ORIENTED_EDGE('',*,*,#2086,.F.);
#1376=ORIENTED_EDGE('',*,*,#2092,.F.);
#1377=CARTESIAN_POINT('',(0.0,0.0,0.0));
#1378=DIRECTION('',(0.0,-1.0,0.0));
#1379=DIRECTION('',(0.0,0.0,-1.0));
#1380=SURFACE_STYLE_FILL_AREA(#2121);
#1381=ORIENTED_EDGE('',*,*,#1973,.T.);
#1382=ORIENTED_EDGE('',*,*,#2122,.F.);
#1383=ORIENTED_EDGE('',*,*,#2123,.F.);
#1384=ORIENTED_EDGE('',*,*,#2124,.F.);
#1385=ORIENTED_EDGE('',*,*,#2125,.F.);
#1386=ORIENTED_EDGE('',*,*,#2126,.F.);
#1387=ORIENTED_EDGE('',*,*,#2127,.F.);
#1388=ORIENTED_EDGE('',*,*,#2128,.F.);
#1389=ORIENTED_EDGE('',*,*,#2129,.F.);
#1390=ORIENTED_EDGE('',*,*,#2130,.F.);
#1391=ORIENTED_EDGE('',*,*,#2131,.F.);
#1392=ORIENTED_EDGE('',*,*,#2132,.F.);
#1393=ORIENTED_EDGE('',*,*,#2133,.F.);
#1394=ORIENTED_EDGE('',*,*,#2134,.F.);
#1395=ORIENTED_EDGE('',*,*,#2135,.F.);
#1396=ORIENTED_EDGE('',*,*,#2136,.F.);
#1397=ORIENTED_EDGE('',*,*,#2137,.F.);
#1398=ORIENTED_EDGE('',*,*,#2138,.F.);
#1399=ORIENTED_EDGE('',*,*,#2139,.F.);
#1400=ORIENTED_EDGE('',*,*,#2140,.F.);
#1401=ORIENTED_EDGE('',*,*,#2141,.F.);
#1402=ORIENTED_EDGE('',*,*,#2142,.F.);
#1403=ORIENTED_EDGE('',*,*,#2143,.F.);
#1404=ORIENTED_EDGE('',*,*,#2144,.F.);
#1405=ORIENTED_EDGE('',*,*,#2145,.F.);
#1406=ORIENTED_EDGE('',*,*,#2146,.F.);
#1407=ORIENTED_EDGE('',*,*,#2147,.F.);
#1408=CARTESIAN_POINT('',(1.04,-1.97152227545727,1.93));
#1409=DIRECTION('',(0.0,0.0,1.0));
#1410=DIRECTION('',(1.0,0.0,0.0));
#1411=SURFACE_STYLE_FILL_AREA(#2148);
#1412=ORIENTED_EDGE('',*,*,#1972,.T.);
#1413=ORIENTED_EDGE('',*,*,#2149,.T.);
#1414=ORIENTED_EDGE('',*,*,#2150,.T.);
#1415=ORIENTED_EDGE('',*,*,#2122,.T.);
#1416=CARTESIAN_POINT('',(2.97,-2.60840646643975,-1.93));
#1417=DIRECTION('',(1.0,1.21475354944635E-16,0.0));
#1418=DIRECTION('',(-1.21475354944635E-16,1.0,0.0));
#1419=SURFACE_STYLE_FILL_AREA(#2151);
#1420=ORIENTED_EDGE('',*,*,#1982,.T.);
#1421=ORIENTED_EDGE('',*,*,#2152,.T.);
#1422=ORIENTED_EDGE('',*,*,#2153,.T.);
#1423=ORIENTED_EDGE('',*,*,#2154,.T.);
#1424=CARTESIAN_POINT('',(0.0,-3.295,3.04));
#1425=DIRECTION('',(0.0,0.0,1.0));
#1426=DIRECTION('',(1.0,0.0,0.0));
#1427=SURFACE_STYLE_FILL_AREA(#2155);
#1428=ORIENTED_EDGE('',*,*,#1981,.T.);
#1429=ORIENTED_EDGE('',*,*,#2156,.F.);
#1430=ORIENTED_EDGE('',*,*,#2157,.F.);
#1431=ORIENTED_EDGE('',*,*,#2152,.F.);
#1432=CARTESIAN_POINT('',(-6.34,-3.295,0.0));
#1433=DIRECTION('',(1.0,0.0,0.0));
#1434=DIRECTION('',(0.0,0.0,-1.0));
#1435=SURFACE_STYLE_FILL_AREA(#2158);
#1436=ORIENTED_EDGE('',*,*,#2159,.F.);
#1437=ORIENTED_EDGE('',*,*,#2160,.F.);
#1438=ORIENTED_EDGE('',*,*,#2161,.T.);
#1439=ORIENTED_EDGE('',*,*,#2162,.F.);
#1440=ORIENTED_EDGE('',*,*,#2163,.F.);
#1441=ORIENTED_EDGE('',*,*,#2164,.T.);
#1442=ORIENTED_EDGE('',*,*,#2165,.F.);
#1443=ORIENTED_EDGE('',*,*,#2166,.T.);
#1444=CARTESIAN_POINT('',(4.32,-7.68778578744581,-2.77555756156289E-16));
#1445=DIRECTION('',(1.0,0.0,6.12303176911189E-17));
#1446=DIRECTION('',(6.12303176911189E-17,0.0,-1.0));
#1447=SURFACE_STYLE_FILL_AREA(#2167);
#1448=ORIENTED_EDGE('',*,*,#2168,.F.);
#1449=ORIENTED_EDGE('',*,*,#2169,.T.);
#1450=ORIENTED_EDGE('',*,*,#2170,.F.);
#1451=ORIENTED_EDGE('',*,*,#2160,.T.);
#1452=CARTESIAN_POINT('',(4.32,-5.4,-0.9525));
#1453=DIRECTION('',(6.12303176911189E-17,0.0,-1.0));
#1454=DIRECTION('',(0.0,1.0,0.0));
#1455=SURFACE_STYLE_FILL_AREA(#2171);
#1456=ORIENTED_EDGE('',*,*,#2172,.T.);
#1457=ORIENTED_EDGE('',*,*,#2173,.F.);
#1458=ORIENTED_EDGE('',*,*,#2163,.T.);
#1459=ORIENTED_EDGE('',*,*,#2174,.T.);
#1460=CARTESIAN_POINT('',(4.32,-12.315,0.0));
#1461=DIRECTION('',(1.0,0.0,6.12303176911189E-17));
#1462=DIRECTION('',(6.12303176911189E-17,0.0,-1.0));
#1463=SURFACE_STYLE_FILL_AREA(#2175);
#1464=ORIENTED_EDGE('',*,*,#2176,.T.);
#1465=ORIENTED_EDGE('',*,*,#2177,.F.);
#1466=ORIENTED_EDGE('',*,*,#2164,.F.);
#1467=ORIENTED_EDGE('',*,*,#2173,.T.);
#1468=CARTESIAN_POINT('',(4.32,-10.0825,0.635));
#1469=DIRECTION('',(-6.12303176911189E-17,1.24325086744138E-16,1.0));
#1470=DIRECTION('',(-7.61246455831951E-33,-1.0,1.24325086744138E-16));
#1471=SURFACE_STYLE_FILL_AREA(#2178);
#1472=ORIENTED_EDGE('',*,*,#2179,.T.);
#1473=ORIENTED_EDGE('',*,*,#2180,.F.);
#1474=ORIENTED_EDGE('',*,*,#2165,.T.);
#1475=ORIENTED_EDGE('',*,*,#2177,.T.);
#1476=CARTESIAN_POINT('',(4.32,-7.85,0.79375));
#1477=DIRECTION('',(0.0,-1.0,0.0));
#1478=DIRECTION('',(6.12303176911189E-17,0.0,-1.0));
#1479=SURFACE_STYLE_FILL_AREA(#2181);
#1480=ORIENTED_EDGE('',*,*,#2182,.F.);
#1481=ORIENTED_EDGE('',*,*,#2166,.F.);
#1482=ORIENTED_EDGE('',*,*,#2180,.T.);
#1483=ORIENTED_EDGE('',*,*,#2183,.T.);
#1484=CARTESIAN_POINT('',(4.32,-5.4,0.9525));
#1485=DIRECTION('',(-6.12303176911189E-17,0.0,1.0));
#1486=DIRECTION('',(0.0,-1.0,0.0));
#1487=SURFACE_STYLE_FILL_AREA(#2184);
#1488=ORIENTED_EDGE('',*,*,#2185,.T.);
#1489=ORIENTED_EDGE('',*,*,#2186,.F.);
#1490=ORIENTED_EDGE('',*,*,#2161,.F.);
#1491=ORIENTED_EDGE('',*,*,#2170,.T.);
#1492=CARTESIAN_POINT('',(4.32,-7.85,-0.793750000000001));
#1493=DIRECTION('',(0.0,-1.0,0.0));
#1494=DIRECTION('',(6.12303176911189E-17,0.0,-1.0));
#1495=SURFACE_STYLE_FILL_AREA(#2187);
#1496=ORIENTED_EDGE('',*,*,#2188,.T.);
#1497=ORIENTED_EDGE('',*,*,#2174,.F.);
#1498=ORIENTED_EDGE('',*,*,#2162,.T.);
#1499=ORIENTED_EDGE('',*,*,#2186,.T.);
#1500=CARTESIAN_POINT('',(4.32,-10.0825,-0.635));
#1501=DIRECTION('',(6.12303176911189E-17,-1.49190104092966E-16,-1.0));
#1502=DIRECTION('',(9.13495746998341E-33,1.0,-1.49190104092966E-16));
#1503=SURFACE_STYLE_FILL_AREA(#2189);
#1504=ORIENTED_EDGE('',*,*,#2190,.F.);
#1505=ORIENTED_EDGE('',*,*,#2183,.F.);
#1506=ORIENTED_EDGE('',*,*,#2179,.F.);
#1507=ORIENTED_EDGE('',*,*,#2176,.F.);
#1508=ORIENTED_EDGE('',*,*,#2172,.F.);
#1509=ORIENTED_EDGE('',*,*,#2188,.F.);
#1510=ORIENTED_EDGE('',*,*,#2185,.F.);
#1511=ORIENTED_EDGE('',*,*,#2169,.F.);
#1512=CARTESIAN_POINT('',(5.08,-7.68778578744581,-2.31020714711039E-16));
#1513=DIRECTION('',(1.0,0.0,6.12303176911189E-17));
#1514=DIRECTION('',(6.12303176911189E-17,0.0,-1.0));
#1515=SURFACE_STYLE_FILL_AREA(#2191);
#1516=ORIENTED_EDGE('',*,*,#2192,.F.);
#1517=ORIENTED_EDGE('',*,*,#2193,.F.);
#1518=ORIENTED_EDGE('',*,*,#2194,.T.);
#1519=ORIENTED_EDGE('',*,*,#2195,.F.);
#1520=ORIENTED_EDGE('',*,*,#2196,.F.);
#1521=ORIENTED_EDGE('',*,*,#2197,.T.);
#1522=ORIENTED_EDGE('',*,*,#2198,.F.);
#1523=ORIENTED_EDGE('',*,*,#2199,.T.);
#1524=CARTESIAN_POINT('',(-0.38,-7.68778578744581,-2.77555756156289E-16));
#1525=DIRECTION('',(1.0,0.0,6.12303176911189E-17));
#1526=DIRECTION('',(6.12303176911189E-17,0.0,-1.0));
#1527=SURFACE_STYLE_FILL_AREA(#2200);
#1528=ORIENTED_EDGE('',*,*,#2201,.F.);
#1529=ORIENTED_EDGE('',*,*,#2202,.T.);
#1530=ORIENTED_EDGE('',*,*,#2203,.F.);
#1531=ORIENTED_EDGE('',*,*,#2193,.T.);
#1532=CARTESIAN_POINT('',(-0.38,-5.4,-0.9525));
#1533=DIRECTION('',(6.12303176911189E-17,0.0,-1.0));
#1534=DIRECTION('',(0.0,1.0,0.0));
#1535=SURFACE_STYLE_FILL_AREA(#2204);
#1536=ORIENTED_EDGE('',*,*,#2205,.T.);
#1537=ORIENTED_EDGE('',*,*,#2206,.F.);
#1538=ORIENTED_EDGE('',*,*,#2196,.T.);
#1539=ORIENTED_EDGE('',*,*,#2207,.T.);
#1540=CARTESIAN_POINT('',(-0.38,-12.315,0.0));
#1541=DIRECTION('',(1.0,0.0,6.12303176911189E-17));
#1542=DIRECTION('',(6.12303176911189E-17,0.0,-1.0));
#1543=SURFACE_STYLE_FILL_AREA(#2208);
#1544=ORIENTED_EDGE('',*,*,#2209,.T.);
#1545=ORIENTED_EDGE('',*,*,#2210,.F.);
#1546=ORIENTED_EDGE('',*,*,#2197,.F.);
#1547=ORIENTED_EDGE('',*,*,#2206,.T.);
#1548=CARTESIAN_POINT('',(-0.38,-10.0825,0.635));
#1549=DIRECTION('',(-6.12303176911189E-17,1.24325086744138E-16,1.0));
#1550=DIRECTION('',(-7.61246455831951E-33,-1.0,1.24325086744138E-16));
#1551=SURFACE_STYLE_FILL_AREA(#2211);
#1552=ORIENTED_EDGE('',*,*,#2212,.T.);
#1553=ORIENTED_EDGE('',*,*,#2213,.F.);
#1554=ORIENTED_EDGE('',*,*,#2198,.T.);
#1555=ORIENTED_EDGE('',*,*,#2210,.T.);
#1556=CARTESIAN_POINT('',(-0.38,-7.85,0.79375));
#1557=DIRECTION('',(0.0,-1.0,0.0));
#1558=DIRECTION('',(6.12303176911189E-17,0.0,-1.0));
#1559=SURFACE_STYLE_FILL_AREA(#2214);
#1560=ORIENTED_EDGE('',*,*,#2215,.F.);
#1561=ORIENTED_EDGE('',*,*,#2199,.F.);
#1562=ORIENTED_EDGE('',*,*,#2213,.T.);
#1563=ORIENTED_EDGE('',*,*,#2216,.T.);
#1564=CARTESIAN_POINT('',(-0.38,-5.4,0.9525));
#1565=DIRECTION('',(-6.12303176911189E-17,0.0,1.0));
#1566=DIRECTION('',(0.0,-1.0,0.0));
#1567=SURFACE_STYLE_FILL_AREA(#2217);
#1568=ORIENTED_EDGE('',*,*,#2218,.T.);
#1569=ORIENTED_EDGE('',*,*,#2219,.F.);
#1570=ORIENTED_EDGE('',*,*,#2194,.F.);
#1571=ORIENTED_EDGE('',*,*,#2203,.T.);
#1572=CARTESIAN_POINT('',(-0.38,-7.85,-0.793750000000001));
#1573=DIRECTION('',(0.0,-1.0,0.0));
#1574=DIRECTION('',(6.12303176911189E-17,0.0,-1.0));
#1575=SURFACE_STYLE_FILL_AREA(#2220);
#1576=ORIENTED_EDGE('',*,*,#2221,.T.);
#1577=ORIENTED_EDGE('',*,*,#2207,.F.);
#1578=ORIENTED_EDGE('',*,*,#2195,.T.);
#1579=ORIENTED_EDGE('',*,*,#2219,.T.);
#1580=CARTESIAN_POINT('',(-0.38,-10.0825,-0.635));
#1581=DIRECTION('',(6.12303176911189E-17,-1.49190104092966E-16,-1.0));
#1582=DIRECTION('',(9.13495746998341E-33,1.0,-1.49190104092966E-16));
#1583=SURFACE_STYLE_FILL_AREA(#2222);
#1584=ORIENTED_EDGE('',*,*,#2223,.F.);
#1585=ORIENTED_EDGE('',*,*,#2216,.F.);
#1586=ORIENTED_EDGE('',*,*,#2212,.F.);
#1587=ORIENTED_EDGE('',*,*,#2209,.F.);
#1588=ORIENTED_EDGE('',*,*,#2205,.F.);
#1589=ORIENTED_EDGE('',*,*,#2221,.F.);
#1590=ORIENTED_EDGE('',*,*,#2218,.F.);
#1591=ORIENTED_EDGE('',*,*,#2202,.F.);
#1592=CARTESIAN_POINT('',(0.38,-7.68778578744581,-2.31020714711039E-16));
#1593=DIRECTION('',(1.0,0.0,6.12303176911189E-17));
#1594=DIRECTION('',(6.12303176911189E-17,0.0,-1.0));
#1595=SURFACE_STYLE_FILL_AREA(#2224);
#1596=ORIENTED_EDGE('',*,*,#2225,.F.);
#1597=ORIENTED_EDGE('',*,*,#2226,.F.);
#1598=ORIENTED_EDGE('',*,*,#2227,.T.);
#1599=ORIENTED_EDGE('',*,*,#2228,.F.);
#1600=ORIENTED_EDGE('',*,*,#2229,.F.);
#1601=ORIENTED_EDGE('',*,*,#2230,.T.);
#1602=ORIENTED_EDGE('',*,*,#2231,.F.);
#1603=ORIENTED_EDGE('',*,*,#2232,.T.);
#1604=CARTESIAN_POINT('',(-5.08,-7.68778578744581,-2.77555756156289E-16));
#1605=DIRECTION('',(1.0,0.0,6.12303176911189E-17));
#1606=DIRECTION('',(6.12303176911189E-17,0.0,-1.0));
#1607=SURFACE_STYLE_FILL_AREA(#2233);
#1608=ORIENTED_EDGE('',*,*,#2234,.F.);
#1609=ORIENTED_EDGE('',*,*,#2235,.T.);
#1610=ORIENTED_EDGE('',*,*,#2236,.F.);
#1611=ORIENTED_EDGE('',*,*,#2226,.T.);
#1612=CARTESIAN_POINT('',(-5.08,-5.4,-0.9525));
#1613=DIRECTION('',(6.12303176911189E-17,0.0,-1.0));
#1614=DIRECTION('',(0.0,1.0,0.0));
#1615=SURFACE_STYLE_FILL_AREA(#2237);
#1616=ORIENTED_EDGE('',*,*,#2238,.T.);
#1617=ORIENTED_EDGE('',*,*,#2239,.F.);
#1618=ORIENTED_EDGE('',*,*,#2229,.T.);
#1619=ORIENTED_EDGE('',*,*,#2240,.T.);
#1620=CARTESIAN_POINT('',(-5.08,-12.315,0.0));
#1621=DIRECTION('',(1.0,0.0,6.12303176911189E-17));
#1622=DIRECTION('',(6.12303176911189E-17,0.0,-1.0));
#1623=SURFACE_STYLE_FILL_AREA(#2241);
#1624=ORIENTED_EDGE('',*,*,#2242,.T.);
#1625=ORIENTED_EDGE('',*,*,#2243,.F.);
#1626=ORIENTED_EDGE('',*,*,#2230,.F.);
#1627=ORIENTED_EDGE('',*,*,#2239,.T.);
#1628=CARTESIAN_POINT('',(-5.08,-10.0825,0.635));
#1629=DIRECTION('',(-6.12303176911189E-17,1.24325086744138E-16,1.0));
#1630=DIRECTION('',(-7.61246455831951E-33,-1.0,1.24325086744138E-16));
#1631=SURFACE_STYLE_FILL_AREA(#2244);
#1632=ORIENTED_EDGE('',*,*,#2245,.T.);
#1633=ORIENTED_EDGE('',*,*,#2246,.F.);
#1634=ORIENTED_EDGE('',*,*,#2231,.T.);
#1635=ORIENTED_EDGE('',*,*,#2243,.T.);
#1636=CARTESIAN_POINT('',(-5.08,-7.85,0.79375));
#1637=DIRECTION('',(0.0,-1.0,0.0));
#1638=DIRECTION('',(6.12303176911189E-17,0.0,-1.0));
#1639=SURFACE_STYLE_FILL_AREA(#2247);
#1640=ORIENTED_EDGE('',*,*,#2248,.F.);
#1641=ORIENTED_EDGE('',*,*,#2232,.F.);
#1642=ORIENTED_EDGE('',*,*,#2246,.T.);
#1643=ORIENTED_EDGE('',*,*,#2249,.T.);
#1644=CARTESIAN_POINT('',(-5.08,-5.4,0.9525));
#1645=DIRECTION('',(-6.12303176911189E-17,0.0,1.0));
#1646=DIRECTION('',(0.0,-1.0,0.0));
#1647=SURFACE_STYLE_FILL_AREA(#2250);
#1648=ORIENTED_EDGE('',*,*,#2251,.T.);
#1649=ORIENTED_EDGE('',*,*,#2252,.F.);
#1650=ORIENTED_EDGE('',*,*,#2227,.F.);
#1651=ORIENTED_EDGE('',*,*,#2236,.T.);
#1652=CARTESIAN_POINT('',(-5.08,-7.85,-0.793750000000001));
#1653=DIRECTION('',(0.0,-1.0,0.0));
#1654=DIRECTION('',(6.12303176911189E-17,0.0,-1.0));
#1655=SURFACE_STYLE_FILL_AREA(#2253);
#1656=ORIENTED_EDGE('',*,*,#2254,.T.);
#1657=ORIENTED_EDGE('',*,*,#2240,.F.);
#1658=ORIENTED_EDGE('',*,*,#2228,.T.);
#1659=ORIENTED_EDGE('',*,*,#2252,.T.);
#1660=CARTESIAN_POINT('',(-5.08,-10.0825,-0.635));
#1661=DIRECTION('',(6.12303176911189E-17,-1.49190104092966E-16,-1.0));
#1662=DIRECTION('',(9.13495746998341E-33,1.0,-1.49190104092966E-16));
#1663=SURFACE_STYLE_FILL_AREA(#2255);
#1664=ORIENTED_EDGE('',*,*,#2256,.F.);
#1665=ORIENTED_EDGE('',*,*,#2249,.F.);
#1666=ORIENTED_EDGE('',*,*,#2245,.F.);
#1667=ORIENTED_EDGE('',*,*,#2242,.F.);
#1668=ORIENTED_EDGE('',*,*,#2238,.F.);
#1669=ORIENTED_EDGE('',*,*,#2254,.F.);
#1670=ORIENTED_EDGE('',*,*,#2251,.F.);
#1671=ORIENTED_EDGE('',*,*,#2235,.F.);
#1672=CARTESIAN_POINT('',(-4.32,-7.68778578744581,-2.31020714711039E-16));
#1673=DIRECTION('',(1.0,0.0,6.12303176911189E-17));
#1674=DIRECTION('',(6.12303176911189E-17,0.0,-1.0));
#1675=SURFACE_STYLE_FILL_AREA(#2257);
#1676=ORIENTED_EDGE('',*,*,#1971,.T.);
#1677=ORIENTED_EDGE('',*,*,#2258,.T.);
#1678=ORIENTED_EDGE('',*,*,#2259,.F.);
#1679=ORIENTED_EDGE('',*,*,#2260,.F.);
#1680=ORIENTED_EDGE('',*,*,#2261,.T.);
#1681=ORIENTED_EDGE('',*,*,#2262,.F.);
#1682=ORIENTED_EDGE('',*,*,#2263,.T.);
#1683=ORIENTED_EDGE('',*,*,#2264,.F.);
#1684=ORIENTED_EDGE('',*,*,#2265,.T.);
#1685=ORIENTED_EDGE('',*,*,#2266,.F.);
#1686=ORIENTED_EDGE('',*,*,#2267,.T.);
#1687=ORIENTED_EDGE('',*,*,#2268,.F.);
#1688=ORIENTED_EDGE('',*,*,#2269,.T.);
#1689=ORIENTED_EDGE('',*,*,#2270,.F.);
#1690=ORIENTED_EDGE('',*,*,#2271,.T.);
#1691=ORIENTED_EDGE('',*,*,#2272,.F.);
#1692=ORIENTED_EDGE('',*,*,#2273,.T.);
#1693=ORIENTED_EDGE('',*,*,#2274,.F.);
#1694=ORIENTED_EDGE('',*,*,#2275,.T.);
#1695=ORIENTED_EDGE('',*,*,#2276,.F.);
#1696=ORIENTED_EDGE('',*,*,#2277,.T.);
#1697=ORIENTED_EDGE('',*,*,#2278,.F.);
#1698=ORIENTED_EDGE('',*,*,#2279,.T.);
#1699=ORIENTED_EDGE('',*,*,#2280,.F.);
#1700=ORIENTED_EDGE('',*,*,#2281,.T.);
#1701=ORIENTED_EDGE('',*,*,#2282,.F.);
#1702=ORIENTED_EDGE('',*,*,#2149,.F.);
#1703=CARTESIAN_POINT('',(1.04,-1.97152227545727,-1.93));
#1704=DIRECTION('',(0.0,0.0,1.0));
#1705=DIRECTION('',(1.0,0.0,0.0));
#1706=SURFACE_STYLE_FILL_AREA(#2283);
#1707=ORIENTED_EDGE('',*,*,#1974,.T.);
#1708=ORIENTED_EDGE('',*,*,#2147,.T.);
#1709=ORIENTED_EDGE('',*,*,#2284,.F.);
#1710=ORIENTED_EDGE('',*,*,#2258,.F.);
#1711=CARTESIAN_POINT('',(-0.889999999999999,-2.60840646643976,-1.93));
#1712=DIRECTION('',(-1.0,1.21475354944635E-16,0.0));
#1713=DIRECTION('',(-1.21475354944635E-16,-1.0,-0.0));
#1714=SURFACE_STYLE_FILL_AREA(#2285);
#1715=ORIENTED_EDGE('',*,*,#2146,.T.);
#1716=ORIENTED_EDGE('',*,*,#2286,.F.);
#1717=ORIENTED_EDGE('',*,*,#2259,.T.);
#1718=ORIENTED_EDGE('',*,*,#2284,.T.);
#1719=CARTESIAN_POINT('',(1.04,-9.92000000000005,-1.93));
#1720=DIRECTION('',(0.0,0.0,1.0));
#1721=DIRECTION('',(1.0,0.0,0.0));
#1722=SURFACE_STYLE_FILL_AREA(#2287);
#1723=ORIENTED_EDGE('',*,*,#2145,.T.);
#1724=ORIENTED_EDGE('',*,*,#2288,.F.);
#1725=ORIENTED_EDGE('',*,*,#2260,.T.);
#1726=ORIENTED_EDGE('',*,*,#2286,.T.);
#1727=CARTESIAN_POINT('',(-0.527861736715667,4.87892066225361,-1.93));
#1728=DIRECTION('',(-0.866025403784439,0.499999999999999,0.0));
#1729=DIRECTION('',(-0.499999999999999,-0.866025403784439,0.0));
#1730=SURFACE_STYLE_FILL_AREA(#2289);
#1731=ORIENTED_EDGE('',*,*,#2144,.T.);
#1732=ORIENTED_EDGE('',*,*,#2290,.F.);
#1733=ORIENTED_EDGE('',*,*,#2261,.F.);
#1734=ORIENTED_EDGE('',*,*,#2288,.T.);
#1735=CARTESIAN_POINT('',(-0.373609460944539,4.8946397561235,-1.93));
#1736=DIRECTION('',(0.866025403784438,0.500000000000001,0.0));
#1737=DIRECTION('',(-0.500000000000001,0.866025403784438,0.0));
#1738=SURFACE_STYLE_FILL_AREA(#2291);
#1739=ORIENTED_EDGE('',*,*,#2143,.T.);
#1740=ORIENTED_EDGE('',*,*,#2292,.F.);
#1741=ORIENTED_EDGE('',*,*,#2262,.T.);
#1742=ORIENTED_EDGE('',*,*,#2290,.T.);
#1743=CARTESIAN_POINT('',(-0.221323233539183,4.90695355433373,-1.93));
#1744=DIRECTION('',(-0.866025403784439,0.499999999999999,0.0));
#1745=DIRECTION('',(-0.499999999999999,-0.866025403784439,0.0));
#1746=SURFACE_STYLE_FILL_AREA(#2293);
#1747=ORIENTED_EDGE('',*,*,#2142,.T.);
#1748=ORIENTED_EDGE('',*,*,#2294,.F.);
#1749=ORIENTED_EDGE('',*,*,#2263,.F.);
#1750=ORIENTED_EDGE('',*,*,#2292,.T.);
#1751=CARTESIAN_POINT('',(-0.0690370061338259,4.91926735254397,-1.93));
#1752=DIRECTION('',(0.866025403784438,0.500000000000001,0.0));
#1753=DIRECTION('',(-0.500000000000001,0.866025403784438,0.0));
#1754=SURFACE_STYLE_FILL_AREA(#2295);
#1755=ORIENTED_EDGE('',*,*,#2141,.T.);
#1756=ORIENTED_EDGE('',*,*,#2296,.F.);
#1757=ORIENTED_EDGE('',*,*,#2264,.T.);
#1758=ORIENTED_EDGE('',*,*,#2294,.T.);
#1759=CARTESIAN_POINT('',(0.0813658204746179,4.92831900488293,-1.93));
#1760=DIRECTION('',(-0.866025403784438,0.5,0.0));
#1761=DIRECTION('',(-0.5,-0.866025403784439,0.0));
#1762=SURFACE_STYLE_FILL_AREA(#2297);
#1763=ORIENTED_EDGE('',*,*,#2140,.T.);
#1764=ORIENTED_EDGE('',*,*,#2298,.F.);
#1765=ORIENTED_EDGE('',*,*,#2265,.F.);
#1766=ORIENTED_EDGE('',*,*,#2296,.T.);
#1767=CARTESIAN_POINT('',(0.23176864708306,4.93737065722189,-1.93));
#1768=DIRECTION('',(0.866025403784438,0.500000000000001,0.0));
#1769=DIRECTION('',(-0.500000000000001,0.866025403784438,0.0));
#1770=SURFACE_STYLE_FILL_AREA(#2299);
#1771=ORIENTED_EDGE('',*,*,#2139,.T.);
#1772=ORIENTED_EDGE('',*,*,#2300,.F.);
#1773=ORIENTED_EDGE('',*,*,#2266,.T.);
#1774=ORIENTED_EDGE('',*,*,#2298,.T.);
#1775=CARTESIAN_POINT('',(0.380362851827742,4.94328968460114,-1.93));
#1776=DIRECTION('',(-0.866025403784438,0.500000000000002,0.0));
#1777=DIRECTION('',(-0.500000000000002,-0.866025403784438,0.0));
#1778=SURFACE_STYLE_FILL_AREA(#2301);
#1779=ORIENTED_EDGE('',*,*,#2138,.T.);
#1780=ORIENTED_EDGE('',*,*,#2302,.F.);
#1781=ORIENTED_EDGE('',*,*,#2267,.F.);
#1782=ORIENTED_EDGE('',*,*,#2300,.T.);
#1783=CARTESIAN_POINT('',(0.528957056572427,4.9492087119804,-1.93));
#1784=DIRECTION('',(0.866025403784438,0.500000000000001,0.0));
#1785=DIRECTION('',(-0.500000000000001,0.866025403784438,0.0));
#1786=SURFACE_STYLE_FILL_AREA(#2303);
#1787=ORIENTED_EDGE('',*,*,#2137,.T.);
#1788=ORIENTED_EDGE('',*,*,#2304,.F.);
#1789=ORIENTED_EDGE('',*,*,#2268,.T.);
#1790=ORIENTED_EDGE('',*,*,#2302,.T.);
#1791=CARTESIAN_POINT('',(0.675595888765768,4.95174093475299,-1.93));
#1792=DIRECTION('',(-0.866025403784437,0.500000000000002,0.0));
#1793=DIRECTION('',(-0.500000000000002,-0.866025403784437,0.0));
#1794=SURFACE_STYLE_FILL_AREA(#2305);
#1795=ORIENTED_EDGE('',*,*,#2136,.T.);
#1796=ORIENTED_EDGE('',*,*,#2306,.F.);
#1797=ORIENTED_EDGE('',*,*,#2269,.F.);
#1798=ORIENTED_EDGE('',*,*,#2304,.T.);
#1799=CARTESIAN_POINT('',(0.822234720959105,4.95427315752559,-1.93));
#1800=DIRECTION('',(0.866025403784438,0.500000000000001,0.0));
#1801=DIRECTION('',(-0.500000000000001,0.866025403784438,0.0));
#1802=SURFACE_STYLE_FILL_AREA(#2307);
#1803=ORIENTED_EDGE('',*,*,#2135,.T.);
#1804=ORIENTED_EDGE('',*,*,#2308,.F.);
#1805=ORIENTED_EDGE('',*,*,#2270,.T.);
#1806=ORIENTED_EDGE('',*,*,#2306,.T.);
#1807=CARTESIAN_POINT('',(0.967411573653036,4.95427315752559,-1.93));
#1808=DIRECTION('',(-0.866025403784438,0.500000000000001,0.0));
#1809=DIRECTION('',(-0.500000000000001,-0.866025403784438,0.0));
#1810=SURFACE_STYLE_FILL_AREA(#2309);
#1811=ORIENTED_EDGE('',*,*,#2134,.T.);
#1812=ORIENTED_EDGE('',*,*,#2310,.F.);
#1813=ORIENTED_EDGE('',*,*,#2271,.F.);
#1814=ORIENTED_EDGE('',*,*,#2308,.T.);
#1815=CARTESIAN_POINT('',(1.11258842634697,4.95427315752559,-1.93));
#1816=DIRECTION('',(0.866025403784438,0.500000000000001,0.0));
#1817=DIRECTION('',(-0.500000000000001,0.866025403784438,0.0));
#1818=SURFACE_STYLE_FILL_AREA(#2311);
#1819=ORIENTED_EDGE('',*,*,#2133,.T.);
#1820=ORIENTED_EDGE('',*,*,#2312,.F.);
#1821=ORIENTED_EDGE('',*,*,#2272,.T.);
#1822=ORIENTED_EDGE('',*,*,#2310,.T.);
#1823=CARTESIAN_POINT('',(1.2577652790409,4.95427315752559,-1.93));
#1824=DIRECTION('',(-0.866025403784438,0.500000000000001,0.0));
#1825=DIRECTION('',(-0.500000000000001,-0.866025403784438,0.0));
#1826=SURFACE_STYLE_FILL_AREA(#2313);
#1827=ORIENTED_EDGE('',*,*,#2132,.T.);
#1828=ORIENTED_EDGE('',*,*,#2314,.F.);
#1829=ORIENTED_EDGE('',*,*,#2273,.F.);
#1830=ORIENTED_EDGE('',*,*,#2312,.T.);
#1831=CARTESIAN_POINT('',(1.40440411123423,4.95174093475299,-1.93));
#1832=DIRECTION('',(0.866025403784437,0.500000000000002,0.0));
#1833=DIRECTION('',(-0.500000000000002,0.866025403784437,0.0));
#1834=SURFACE_STYLE_FILL_AREA(#2315);
#1835=ORIENTED_EDGE('',*,*,#2131,.T.);
#1836=ORIENTED_EDGE('',*,*,#2316,.F.);
#1837=ORIENTED_EDGE('',*,*,#2274,.T.);
#1838=ORIENTED_EDGE('',*,*,#2314,.T.);
#1839=CARTESIAN_POINT('',(1.55104294342758,4.9492087119804,-1.93));
#1840=DIRECTION('',(-0.866025403784438,0.500000000000001,0.0));
#1841=DIRECTION('',(-0.500000000000001,-0.866025403784438,0.0));
#1842=SURFACE_STYLE_FILL_AREA(#2317);
#1843=ORIENTED_EDGE('',*,*,#2130,.T.);
#1844=ORIENTED_EDGE('',*,*,#2318,.F.);
#1845=ORIENTED_EDGE('',*,*,#2275,.F.);
#1846=ORIENTED_EDGE('',*,*,#2316,.T.);
#1847=CARTESIAN_POINT('',(1.69963714817226,4.94328968460114,-1.93));
#1848=DIRECTION('',(0.866025403784438,0.500000000000002,0.0));
#1849=DIRECTION('',(-0.500000000000002,0.866025403784438,0.0));
#1850=SURFACE_STYLE_FILL_AREA(#2319);
#1851=ORIENTED_EDGE('',*,*,#2129,.T.);
#1852=ORIENTED_EDGE('',*,*,#2320,.F.);
#1853=ORIENTED_EDGE('',*,*,#2276,.T.);
#1854=ORIENTED_EDGE('',*,*,#2318,.T.);
#1855=CARTESIAN_POINT('',(1.84823135291694,4.93737065722189,-1.93));
#1856=DIRECTION('',(-0.866025403784438,0.500000000000001,0.0));
#1857=DIRECTION('',(-0.500000000000001,-0.866025403784438,0.0));
#1858=SURFACE_STYLE_FILL_AREA(#2321);
#1859=ORIENTED_EDGE('',*,*,#2128,.T.);
#1860=ORIENTED_EDGE('',*,*,#2322,.F.);
#1861=ORIENTED_EDGE('',*,*,#2277,.F.);
#1862=ORIENTED_EDGE('',*,*,#2320,.T.);
#1863=CARTESIAN_POINT('',(1.99863417952538,4.92831900488293,-1.93));
#1864=DIRECTION('',(0.866025403784438,0.5,0.0));
#1865=DIRECTION('',(-0.5,0.866025403784439,0.0));
#1866=SURFACE_STYLE_FILL_AREA(#2323);
#1867=ORIENTED_EDGE('',*,*,#2127,.T.);
#1868=ORIENTED_EDGE('',*,*,#2324,.F.);
#1869=ORIENTED_EDGE('',*,*,#2278,.T.);
#1870=ORIENTED_EDGE('',*,*,#2322,.T.);
#1871=CARTESIAN_POINT('',(2.14903700613383,4.91926735254397,-1.93));
#1872=DIRECTION('',(-0.866025403784438,0.500000000000001,0.0));
#1873=DIRECTION('',(-0.500000000000001,-0.866025403784438,0.0));
#1874=SURFACE_STYLE_FILL_AREA(#2325);
#1875=ORIENTED_EDGE('',*,*,#2126,.T.);
#1876=ORIENTED_EDGE('',*,*,#2326,.F.);
#1877=ORIENTED_EDGE('',*,*,#2279,.F.);
#1878=ORIENTED_EDGE('',*,*,#2324,.T.);
#1879=CARTESIAN_POINT('',(2.30132323353919,4.90695355433373,-1.93));
#1880=DIRECTION('',(0.866025403784439,0.499999999999999,0.0));
#1881=DIRECTION('',(-0.499999999999999,0.866025403784439,0.0));
#1882=SURFACE_STYLE_FILL_AREA(#2327);
#1883=ORIENTED_EDGE('',*,*,#2125,.T.);
#1884=ORIENTED_EDGE('',*,*,#2328,.F.);
#1885=ORIENTED_EDGE('',*,*,#2280,.T.);
#1886=ORIENTED_EDGE('',*,*,#2326,.T.);
#1887=CARTESIAN_POINT('',(2.45360946094454,4.8946397561235,-1.93));
#1888=DIRECTION('',(-0.866025403784438,0.500000000000001,0.0));
#1889=DIRECTION('',(-0.500000000000001,-0.866025403784438,0.0));
#1890=SURFACE_STYLE_FILL_AREA(#2329);
#1891=ORIENTED_EDGE('',*,*,#2124,.T.);
#1892=ORIENTED_EDGE('',*,*,#2330,.F.);
#1893=ORIENTED_EDGE('',*,*,#2281,.F.);
#1894=ORIENTED_EDGE('',*,*,#2328,.T.);
#1895=CARTESIAN_POINT('',(2.60786173671567,4.87892066225361,-1.93));
#1896=DIRECTION('',(0.866025403784439,0.499999999999999,0.0));
#1897=DIRECTION('',(-0.499999999999999,0.866025403784439,0.0));
#1898=SURFACE_STYLE_FILL_AREA(#2331);
#1899=ORIENTED_EDGE('',*,*,#2123,.T.);
#1900=ORIENTED_EDGE('',*,*,#2150,.F.);
#1901=ORIENTED_EDGE('',*,*,#2282,.T.);
#1902=ORIENTED_EDGE('',*,*,#2330,.T.);
#1903=CARTESIAN_POINT('',(1.04,-9.92000000000005,-1.93));
#1904=DIRECTION('',(0.0,0.0,1.0));
#1905=DIRECTION('',(1.0,0.0,0.0));
#1906=SURFACE_STYLE_FILL_AREA(#2332);
#1907=ORIENTED_EDGE('',*,*,#2168,.T.);
#1908=ORIENTED_EDGE('',*,*,#2159,.T.);
#1909=ORIENTED_EDGE('',*,*,#2182,.T.);
#1910=ORIENTED_EDGE('',*,*,#2190,.T.);
#1911=ORIENTED_EDGE('',*,*,#2333,.F.);
#1912=ORIENTED_EDGE('',*,*,#2334,.F.);
#1913=CARTESIAN_POINT('',(4.7,-6.35,-1.11022302462516E-16));
#1914=DIRECTION('',(6.12303176911189E-17,0.0,-1.0));
#1915=DIRECTION('',(-1.0,0.0,-6.12303176911189E-17));
#1916=SURFACE_STYLE_FILL_AREA(#2335);
#1917=ORIENTED_EDGE('',*,*,#2201,.T.);
#1918=ORIENTED_EDGE('',*,*,#2192,.T.);
#1919=ORIENTED_EDGE('',*,*,#2215,.T.);
#1920=ORIENTED_EDGE('',*,*,#2223,.T.);
#1921=ORIENTED_EDGE('',*,*,#2336,.F.);
#1922=ORIENTED_EDGE('',*,*,#2337,.F.);
#1923=CARTESIAN_POINT('',(0.0,-6.35,-1.11022302462516E-16));
#1924=DIRECTION('',(6.12303176911189E-17,0.0,-1.0));
#1925=DIRECTION('',(-1.0,0.0,-6.12303176911189E-17));
#1926=SURFACE_STYLE_FILL_AREA(#2338);
#1927=ORIENTED_EDGE('',*,*,#2234,.T.);
#1928=ORIENTED_EDGE('',*,*,#2225,.T.);
#1929=ORIENTED_EDGE('',*,*,#2248,.T.);
#1930=ORIENTED_EDGE('',*,*,#2256,.T.);
#1931=ORIENTED_EDGE('',*,*,#2339,.F.);
#1932=ORIENTED_EDGE('',*,*,#2340,.F.);
#1933=CARTESIAN_POINT('',(-4.7,-6.35,-1.11022302462516E-16));
#1934=DIRECTION('',(6.12303176911189E-17,0.0,-1.0));
#1935=DIRECTION('',(-1.0,0.0,-6.12303176911189E-17));
#1936=SURFACE_STYLE_FILL_AREA(#2341);
#1937=ORIENTED_EDGE('',*,*,#1980,.T.);
#1938=ORIENTED_EDGE('',*,*,#2342,.T.);
#1939=ORIENTED_EDGE('',*,*,#2343,.T.);
#1940=ORIENTED_EDGE('',*,*,#2156,.T.);
#1941=CARTESIAN_POINT('',(0.0,-3.295,-3.04));
#1942=DIRECTION('',(0.0,0.0,1.0));
#1943=DIRECTION('',(1.0,0.0,0.0));
#1944=SURFACE_STYLE_FILL_AREA(#2344);
#1945=ORIENTED_EDGE('',*,*,#2333,.T.);
#1946=ORIENTED_EDGE('',*,*,#2334,.T.);
#1947=ORIENTED_EDGE('',*,*,#2336,.T.);
#1948=ORIENTED_EDGE('',*,*,#2337,.T.);
#1949=ORIENTED_EDGE('',*,*,#2339,.T.);
#1950=ORIENTED_EDGE('',*,*,#2340,.T.);
#1951=ORIENTED_EDGE('',*,*,#2157,.T.);
#1952=ORIENTED_EDGE('',*,*,#2343,.F.);
#1953=ORIENTED_EDGE('',*,*,#2345,.F.);
#1954=ORIENTED_EDGE('',*,*,#2153,.F.);
#1955=CARTESIAN_POINT('',(0.0,-6.35,0.0));
#1956=DIRECTION('',(0.0,1.0,0.0));
#1957=DIRECTION('',(0.0,0.0,1.0));
#1958=SURFACE_STYLE_FILL_AREA(#2346);
#1959=ORIENTED_EDGE('',*,*,#1983,.T.);
#1960=ORIENTED_EDGE('',*,*,#2154,.F.);
#1961=ORIENTED_EDGE('',*,*,#2345,.T.);
#1962=ORIENTED_EDGE('',*,*,#2342,.F.);
#1963=CARTESIAN_POINT('',(6.34,-3.295,0.0));
#1964=DIRECTION('',(-1.0,0.0,0.0));
#1965=DIRECTION('',(0.0,0.0,1.0));
#1966=FILL_AREA_STYLE('',(#2347));
#1967=EDGE_CURVE('',#2348,#2349,#2350,.T.);
#1968=EDGE_CURVE('',#2348,#2351,#2352,.T.);
#1969=EDGE_CURVE('',#2351,#2353,#2354,.T.);
#1970=EDGE_CURVE('',#2353,#2349,#2355,.T.);
#1971=EDGE_CURVE('',#2356,#2357,#2358,.T.);
#1972=EDGE_CURVE('',#2359,#2356,#2360,.T.);
#1973=EDGE_CURVE('',#2361,#2359,#2362,.T.);
#1974=EDGE_CURVE('',#2357,#2361,#2363,.T.);
#1975=FILL_AREA_STYLE('',(#2364));
#1976=EDGE_CURVE('',#2365,#2366,#2367,.T.);
#1977=EDGE_CURVE('',#2366,#2368,#2369,.T.);
#1978=EDGE_CURVE('',#2368,#2370,#2371,.T.);
#1979=EDGE_CURVE('',#2365,#2370,#2372,.T.);
#1980=EDGE_CURVE('',#2373,#2374,#2375,.T.);
#1981=EDGE_CURVE('',#2376,#2373,#2377,.T.);
#1982=EDGE_CURVE('',#2378,#2376,#2379,.T.);
#1983=EDGE_CURVE('',#2374,#2378,#2380,.T.);
#1984=FILL_AREA_STYLE('',(#2381));
#1985=EDGE_CURVE('',#2382,#2383,#2384,.T.);
#1986=EDGE_CURVE('',#2351,#2382,#2385,.T.);
#1987=EDGE_CURVE('',#2383,#2348,#2386,.T.);
#1988=FILL_AREA_STYLE('',(#2387));
#1989=EDGE_CURVE('',#2383,#2388,#2389,.T.);
#1990=EDGE_CURVE('',#2349,#2388,#2390,.T.);
#1991=FILL_AREA_STYLE('',(#2391));
#1992=EDGE_CURVE('',#2388,#2392,#2393,.T.);
#1993=EDGE_CURVE('',#2392,#2353,#2394,.T.);
#1994=FILL_AREA_STYLE('',(#2395));
#1995=EDGE_CURVE('',#2392,#2382,#2396,.T.);
#1996=FILL_AREA_STYLE('',(#2397));
#1997=EDGE_CURVE('',#2398,#2399,#2400,.T.);
#1998=EDGE_CURVE('',#2398,#2401,#2402,.T.);
#1999=EDGE_CURVE('',#2403,#2401,#2404,.T.);
#2000=EDGE_CURVE('',#2399,#2403,#2405,.T.);
#2001=FILL_AREA_STYLE('',(#2406));
#2002=EDGE_CURVE('',#2407,#2408,#2409,.T.);
#2003=EDGE_CURVE('',#2410,#2407,#2411,.T.);
#2004=EDGE_CURVE('',#2412,#2410,#2413,.T.);
#2005=EDGE_CURVE('',#2412,#2408,#2414,.T.);
#2006=FILL_AREA_STYLE('',(#2415));
#2007=EDGE_CURVE('',#2399,#2416,#2417,.T.);
#2008=EDGE_CURVE('',#2418,#2403,#2419,.T.);
#2009=EDGE_CURVE('',#2416,#2418,#2420,.T.);
#2010=FILL_AREA_STYLE('',(#2421));
#2011=EDGE_CURVE('',#2422,#2398,#2423,.T.);
#2012=EDGE_CURVE('',#2422,#2424,#2425,.T.);
#2013=EDGE_CURVE('',#2401,#2424,#2426,.T.);
#2014=FILL_AREA_STYLE('',(#2427));
#2015=EDGE_CURVE('',#2408,#2428,#2429,.T.);
#2016=EDGE_CURVE('',#2430,#2412,#2431,.T.);
#2017=EDGE_CURVE('',#2430,#2428,#2432,.T.);
#2018=FILL_AREA_STYLE('',(#2433));
#2019=EDGE_CURVE('',#2416,#2422,#2434,.T.);
#2020=EDGE_CURVE('',#2424,#2418,#2435,.T.);
#2021=FILL_AREA_STYLE('',(#2436));
#2022=EDGE_CURVE('',#2428,#2437,#2438,.T.);
#2023=EDGE_CURVE('',#2439,#2430,#2440,.T.);
#2024=EDGE_CURVE('',#2439,#2437,#2441,.T.);
#2025=FILL_AREA_STYLE('',(#2442));
#2026=EDGE_CURVE('',#2437,#2407,#2443,.T.);
#2027=EDGE_CURVE('',#2410,#2439,#2444,.T.);
#2028=FILL_AREA_STYLE('',(#2445));
#2029=EDGE_CURVE('',#2446,#2447,#2448,.T.);
#2030=EDGE_CURVE('',#2446,#2449,#2450,.T.);
#2031=EDGE_CURVE('',#2451,#2449,#2452,.T.);
#2032=EDGE_CURVE('',#2447,#2451,#2453,.T.);
#2033=FILL_AREA_STYLE('',(#2454));
#2034=EDGE_CURVE('',#2455,#2456,#2457,.T.);
#2035=EDGE_CURVE('',#2458,#2455,#2459,.T.);
#2036=EDGE_CURVE('',#2460,#2458,#2461,.T.);
#2037=EDGE_CURVE('',#2460,#2456,#2462,.T.);
#2038=FILL_AREA_STYLE('',(#2463));
#2039=EDGE_CURVE('',#2447,#2464,#2465,.T.);
#2040=EDGE_CURVE('',#2466,#2451,#2467,.T.);
#2041=EDGE_CURVE('',#2464,#2466,#2468,.T.);
#2042=FILL_AREA_STYLE('',(#2469));
#2043=EDGE_CURVE('',#2470,#2446,#2471,.T.);
#2044=EDGE_CURVE('',#2470,#2472,#2473,.T.);
#2045=EDGE_CURVE('',#2449,#2472,#2474,.T.);
#2046=FILL_AREA_STYLE('',(#2475));
#2047=EDGE_CURVE('',#2456,#2476,#2477,.T.);
#2048=EDGE_CURVE('',#2478,#2460,#2479,.T.);
#2049=EDGE_CURVE('',#2478,#2476,#2480,.T.);
#2050=FILL_AREA_STYLE('',(#2481));
#2051=EDGE_CURVE('',#2464,#2470,#2482,.T.);
#2052=EDGE_CURVE('',#2472,#2466,#2483,.T.);
#2053=FILL_AREA_STYLE('',(#2484));
#2054=EDGE_CURVE('',#2476,#2485,#2486,.T.);
#2055=EDGE_CURVE('',#2487,#2478,#2488,.T.);
#2056=EDGE_CURVE('',#2487,#2485,#2489,.T.);
#2057=FILL_AREA_STYLE('',(#2490));
#2058=EDGE_CURVE('',#2485,#2455,#2491,.T.);
#2059=EDGE_CURVE('',#2458,#2487,#2492,.T.);
#2060=FILL_AREA_STYLE('',(#2493));
#2061=EDGE_CURVE('',#2494,#2365,#2495,.T.);
#2062=EDGE_CURVE('',#2496,#2494,#2497,.T.);
#2063=EDGE_CURVE('',#2498,#2496,#2499,.T.);
#2064=EDGE_CURVE('',#2500,#2498,#2501,.T.);
#2065=EDGE_CURVE('',#2502,#2500,#2503,.T.);
#2066=EDGE_CURVE('',#2504,#2502,#2505,.T.);
#2067=EDGE_CURVE('',#2366,#2504,#2506,.T.);
#2068=FILL_AREA_STYLE('',(#2507));
#2069=EDGE_CURVE('',#2508,#2502,#2509,.T.);
#2070=EDGE_CURVE('',#2508,#2510,#2511,.T.);
#2071=EDGE_CURVE('',#2510,#2504,#2512,.T.);
#2072=FILL_AREA_STYLE('',(#2513));
#2073=EDGE_CURVE('',#2514,#2500,#2515,.T.);
#2074=EDGE_CURVE('',#2514,#2508,#2516,.T.);
#2075=FILL_AREA_STYLE('',(#2517));
#2076=EDGE_CURVE('',#2518,#2498,#2519,.T.);
#2077=EDGE_CURVE('',#2514,#2518,#2520,.T.);
#2078=FILL_AREA_STYLE('',(#2521));
#2079=EDGE_CURVE('',#2522,#2496,#2523,.T.);
#2080=EDGE_CURVE('',#2518,#2522,#2524,.T.);
#2081=FILL_AREA_STYLE('',(#2525));
#2082=EDGE_CURVE('',#2526,#2494,#2527,.T.);
#2083=EDGE_CURVE('',#2526,#2522,#2528,.T.);
#2084=FILL_AREA_STYLE('',(#2529));
#2085=EDGE_CURVE('',#2530,#2510,#2531,.T.);
#2086=EDGE_CURVE('',#2530,#2532,#2533,.T.);
#2087=EDGE_CURVE('',#2534,#2532,#2535,.T.);
#2088=EDGE_CURVE('',#2534,#2536,#2537,.T.);
#2089=EDGE_CURVE('',#2536,#2368,#2538,.T.);
#2090=FILL_AREA_STYLE('',(#2539));
#2091=EDGE_CURVE('',#2526,#2540,#2541,.T.);
#2092=EDGE_CURVE('',#2540,#2530,#2542,.T.);
#2093=FILL_AREA_STYLE('',(#2543));
#2094=EDGE_CURVE('',#2544,#2536,#2545,.T.);
#2095=EDGE_CURVE('',#2546,#2544,#2547,.T.);
#2096=EDGE_CURVE('',#2548,#2546,#2549,.T.);
#2097=EDGE_CURVE('',#2550,#2548,#2551,.T.);
#2098=EDGE_CURVE('',#2552,#2550,#2553,.T.);
#2099=EDGE_CURVE('',#2370,#2552,#2554,.T.);
#2100=FILL_AREA_STYLE('',(#2555));
#2101=EDGE_CURVE('',#2556,#2550,#2557,.T.);
#2102=EDGE_CURVE('',#2556,#2558,#2559,.T.);
#2103=EDGE_CURVE('',#2558,#2552,#2560,.T.);
#2104=FILL_AREA_STYLE('',(#2561));
#2105=EDGE_CURVE('',#2562,#2548,#2563,.T.);
#2106=EDGE_CURVE('',#2562,#2556,#2564,.T.);
#2107=FILL_AREA_STYLE('',(#2565));
#2108=EDGE_CURVE('',#2566,#2546,#2567,.T.);
#2109=EDGE_CURVE('',#2562,#2566,#2568,.T.);
#2110=FILL_AREA_STYLE('',(#2569));
#2111=EDGE_CURVE('',#2570,#2544,#2571,.T.);
#2112=EDGE_CURVE('',#2566,#2570,#2572,.T.);
#2113=FILL_AREA_STYLE('',(#2573));
#2114=EDGE_CURVE('',#2534,#2570,#2574,.T.);
#2115=FILL_AREA_STYLE('',(#2575));
#2116=EDGE_CURVE('',#2576,#2558,#2577,.T.);
#2117=EDGE_CURVE('',#2540,#2576,#2578,.T.);
#2118=FILL_AREA_STYLE('',(#2579));
#2119=EDGE_CURVE('',#2532,#2576,#2580,.T.);
#2120=FILL_AREA_STYLE('',(#2581));
#2121=FILL_AREA_STYLE('',(#2582));
#2122=EDGE_CURVE('',#2583,#2359,#2584,.T.);
#2123=EDGE_CURVE('',#2585,#2583,#2586,.T.);
#2124=EDGE_CURVE('',#2587,#2585,#2588,.T.);
#2125=EDGE_CURVE('',#2589,#2587,#2590,.T.);
#2126=EDGE_CURVE('',#2591,#2589,#2592,.T.);
#2127=EDGE_CURVE('',#2593,#2591,#2594,.T.);
#2128=EDGE_CURVE('',#2595,#2593,#2596,.T.);
#2129=EDGE_CURVE('',#2597,#2595,#2598,.T.);
#2130=EDGE_CURVE('',#2599,#2597,#2600,.T.);
#2131=EDGE_CURVE('',#2601,#2599,#2602,.T.);
#2132=EDGE_CURVE('',#2603,#2601,#2604,.T.);
#2133=EDGE_CURVE('',#2605,#2603,#2606,.T.);
#2134=EDGE_CURVE('',#2607,#2605,#2608,.T.);
#2135=EDGE_CURVE('',#2609,#2607,#2610,.T.);
#2136=EDGE_CURVE('',#2611,#2609,#2612,.T.);
#2137=EDGE_CURVE('',#2613,#2611,#2614,.T.);
#2138=EDGE_CURVE('',#2615,#2613,#2616,.T.);
#2139=EDGE_CURVE('',#2617,#2615,#2618,.T.);
#2140=EDGE_CURVE('',#2619,#2617,#2620,.T.);
#2141=EDGE_CURVE('',#2621,#2619,#2622,.T.);
#2142=EDGE_CURVE('',#2623,#2621,#2624,.T.);
#2143=EDGE_CURVE('',#2625,#2623,#2626,.T.);
#2144=EDGE_CURVE('',#2627,#2625,#2628,.T.);
#2145=EDGE_CURVE('',#2629,#2627,#2630,.T.);
#2146=EDGE_CURVE('',#2631,#2629,#2632,.T.);
#2147=EDGE_CURVE('',#2361,#2631,#2633,.T.);
#2148=FILL_AREA_STYLE('',(#2634));
#2149=EDGE_CURVE('',#2356,#2635,#2636,.T.);
#2150=EDGE_CURVE('',#2635,#2583,#2637,.T.);
#2151=FILL_AREA_STYLE('',(#2638));
#2152=EDGE_CURVE('',#2376,#2639,#2640,.T.);
#2153=EDGE_CURVE('',#2639,#2641,#2642,.T.);
#2154=EDGE_CURVE('',#2641,#2378,#2643,.T.);
#2155=FILL_AREA_STYLE('',(#2644));
#2156=EDGE_CURVE('',#2645,#2373,#2646,.T.);
#2157=EDGE_CURVE('',#2639,#2645,#2647,.T.);
#2158=FILL_AREA_STYLE('',(#2648));
#2159=EDGE_CURVE('',#2649,#2650,#2651,.T.);
#2160=EDGE_CURVE('',#2652,#2649,#2653,.T.);
#2161=EDGE_CURVE('',#2652,#2654,#2655,.T.);
#2162=EDGE_CURVE('',#2656,#2654,#2657,.T.);
#2163=EDGE_CURVE('',#2658,#2656,#2659,.T.);
#2164=EDGE_CURVE('',#2658,#2660,#2661,.T.);
#2165=EDGE_CURVE('',#2662,#2660,#2663,.T.);
#2166=EDGE_CURVE('',#2662,#2650,#2664,.T.);
#2167=FILL_AREA_STYLE('',(#2665));
#2168=EDGE_CURVE('',#2666,#2649,#2667,.T.);
#2169=EDGE_CURVE('',#2666,#2668,#2669,.T.);
#2170=EDGE_CURVE('',#2652,#2668,#2670,.T.);
#2171=FILL_AREA_STYLE('',(#2671));
#2172=EDGE_CURVE('',#2672,#2673,#2674,.T.);
#2173=EDGE_CURVE('',#2658,#2673,#2675,.T.);
#2174=EDGE_CURVE('',#2656,#2672,#2676,.T.);
#2175=FILL_AREA_STYLE('',(#2677));
#2176=EDGE_CURVE('',#2673,#2678,#2679,.T.);
#2177=EDGE_CURVE('',#2660,#2678,#2680,.T.);
#2178=FILL_AREA_STYLE('',(#2681));
#2179=EDGE_CURVE('',#2678,#2682,#2683,.T.);
#2180=EDGE_CURVE('',#2662,#2682,#2684,.T.);
#2181=FILL_AREA_STYLE('',(#2685));
#2182=EDGE_CURVE('',#2650,#2686,#2687,.T.);
#2183=EDGE_CURVE('',#2682,#2686,#2688,.T.);
#2184=FILL_AREA_STYLE('',(#2689));
#2185=EDGE_CURVE('',#2668,#2690,#2691,.T.);
#2186=EDGE_CURVE('',#2654,#2690,#2692,.T.);
#2187=FILL_AREA_STYLE('',(#2693));
#2188=EDGE_CURVE('',#2690,#2672,#2694,.T.);
#2189=FILL_AREA_STYLE('',(#2695));
#2190=EDGE_CURVE('',#2686,#2666,#2696,.T.);
#2191=FILL_AREA_STYLE('',(#2697));
#2192=EDGE_CURVE('',#2698,#2699,#2700,.T.);
#2193=EDGE_CURVE('',#2701,#2698,#2702,.T.);
#2194=EDGE_CURVE('',#2701,#2703,#2704,.T.);
#2195=EDGE_CURVE('',#2705,#2703,#2706,.T.);
#2196=EDGE_CURVE('',#2707,#2705,#2708,.T.);
#2197=EDGE_CURVE('',#2707,#2709,#2710,.T.);
#2198=EDGE_CURVE('',#2711,#2709,#2712,.T.);
#2199=EDGE_CURVE('',#2711,#2699,#2713,.T.);
#2200=FILL_AREA_STYLE('',(#2714));
#2201=EDGE_CURVE('',#2715,#2698,#2716,.T.);
#2202=EDGE_CURVE('',#2715,#2717,#2718,.T.);
#2203=EDGE_CURVE('',#2701,#2717,#2719,.T.);
#2204=FILL_AREA_STYLE('',(#2720));
#2205=EDGE_CURVE('',#2721,#2722,#2723,.T.);
#2206=EDGE_CURVE('',#2707,#2722,#2724,.T.);
#2207=EDGE_CURVE('',#2705,#2721,#2725,.T.);
#2208=FILL_AREA_STYLE('',(#2726));
#2209=EDGE_CURVE('',#2722,#2727,#2728,.T.);
#2210=EDGE_CURVE('',#2709,#2727,#2729,.T.);
#2211=FILL_AREA_STYLE('',(#2730));
#2212=EDGE_CURVE('',#2727,#2731,#2732,.T.);
#2213=EDGE_CURVE('',#2711,#2731,#2733,.T.);
#2214=FILL_AREA_STYLE('',(#2734));
#2215=EDGE_CURVE('',#2699,#2735,#2736,.T.);
#2216=EDGE_CURVE('',#2731,#2735,#2737,.T.);
#2217=FILL_AREA_STYLE('',(#2738));
#2218=EDGE_CURVE('',#2717,#2739,#2740,.T.);
#2219=EDGE_CURVE('',#2703,#2739,#2741,.T.);
#2220=FILL_AREA_STYLE('',(#2742));
#2221=EDGE_CURVE('',#2739,#2721,#2743,.T.);
#2222=FILL_AREA_STYLE('',(#2744));
#2223=EDGE_CURVE('',#2735,#2715,#2745,.T.);
#2224=FILL_AREA_STYLE('',(#2746));
#2225=EDGE_CURVE('',#2747,#2748,#2749,.T.);
#2226=EDGE_CURVE('',#2750,#2747,#2751,.T.);
#2227=EDGE_CURVE('',#2750,#2752,#2753,.T.);
#2228=EDGE_CURVE('',#2754,#2752,#2755,.T.);
#2229=EDGE_CURVE('',#2756,#2754,#2757,.T.);
#2230=EDGE_CURVE('',#2756,#2758,#2759,.T.);
#2231=EDGE_CURVE('',#2760,#2758,#2761,.T.);
#2232=EDGE_CURVE('',#2760,#2748,#2762,.T.);
#2233=FILL_AREA_STYLE('',(#2763));
#2234=EDGE_CURVE('',#2764,#2747,#2765,.T.);
#2235=EDGE_CURVE('',#2764,#2766,#2767,.T.);
#2236=EDGE_CURVE('',#2750,#2766,#2768,.T.);
#2237=FILL_AREA_STYLE('',(#2769));
#2238=EDGE_CURVE('',#2770,#2771,#2772,.T.);
#2239=EDGE_CURVE('',#2756,#2771,#2773,.T.);
#2240=EDGE_CURVE('',#2754,#2770,#2774,.T.);
#2241=FILL_AREA_STYLE('',(#2775));
#2242=EDGE_CURVE('',#2771,#2776,#2777,.T.);
#2243=EDGE_CURVE('',#2758,#2776,#2778,.T.);
#2244=FILL_AREA_STYLE('',(#2779));
#2245=EDGE_CURVE('',#2776,#2780,#2781,.T.);
#2246=EDGE_CURVE('',#2760,#2780,#2782,.T.);
#2247=FILL_AREA_STYLE('',(#2783));
#2248=EDGE_CURVE('',#2748,#2784,#2785,.T.);
#2249=EDGE_CURVE('',#2780,#2784,#2786,.T.);
#2250=FILL_AREA_STYLE('',(#2787));
#2251=EDGE_CURVE('',#2766,#2788,#2789,.T.);
#2252=EDGE_CURVE('',#2752,#2788,#2790,.T.);
#2253=FILL_AREA_STYLE('',(#2791));
#2254=EDGE_CURVE('',#2788,#2770,#2792,.T.);
#2255=FILL_AREA_STYLE('',(#2793));
#2256=EDGE_CURVE('',#2784,#2764,#2794,.T.);
#2257=FILL_AREA_STYLE('',(#2795));
#2258=EDGE_CURVE('',#2357,#2796,#2797,.T.);
#2259=EDGE_CURVE('',#2798,#2796,#2799,.T.);
#2260=EDGE_CURVE('',#2800,#2798,#2801,.T.);
#2261=EDGE_CURVE('',#2800,#2802,#2803,.T.);
#2262=EDGE_CURVE('',#2804,#2802,#2805,.T.);
#2263=EDGE_CURVE('',#2804,#2806,#2807,.T.);
#2264=EDGE_CURVE('',#2808,#2806,#2809,.T.);
#2265=EDGE_CURVE('',#2808,#2810,#2811,.T.);
#2266=EDGE_CURVE('',#2812,#2810,#2813,.T.);
#2267=EDGE_CURVE('',#2812,#2814,#2815,.T.);
#2268=EDGE_CURVE('',#2816,#2814,#2817,.T.);
#2269=EDGE_CURVE('',#2816,#2818,#2819,.T.);
#2270=EDGE_CURVE('',#2820,#2818,#2821,.T.);
#2271=EDGE_CURVE('',#2820,#2822,#2823,.T.);
#2272=EDGE_CURVE('',#2824,#2822,#2825,.T.);
#2273=EDGE_CURVE('',#2824,#2826,#2827,.T.);
#2274=EDGE_CURVE('',#2828,#2826,#2829,.T.);
#2275=EDGE_CURVE('',#2828,#2830,#2831,.T.);
#2276=EDGE_CURVE('',#2832,#2830,#2833,.T.);
#2277=EDGE_CURVE('',#2832,#2834,#2835,.T.);
#2278=EDGE_CURVE('',#2836,#2834,#2837,.T.);
#2279=EDGE_CURVE('',#2836,#2838,#2839,.T.);
#2280=EDGE_CURVE('',#2840,#2838,#2841,.T.);
#2281=EDGE_CURVE('',#2840,#2842,#2843,.T.);
#2282=EDGE_CURVE('',#2635,#2842,#2844,.T.);
#2283=FILL_AREA_STYLE('',(#2845));
#2284=EDGE_CURVE('',#2796,#2631,#2846,.T.);
#2285=FILL_AREA_STYLE('',(#2847));
#2286=EDGE_CURVE('',#2798,#2629,#2848,.T.);
#2287=FILL_AREA_STYLE('',(#2849));
#2288=EDGE_CURVE('',#2800,#2627,#2850,.T.);
#2289=FILL_AREA_STYLE('',(#2851));
#2290=EDGE_CURVE('',#2802,#2625,#2852,.T.);
#2291=FILL_AREA_STYLE('',(#2853));
#2292=EDGE_CURVE('',#2804,#2623,#2854,.T.);
#2293=FILL_AREA_STYLE('',(#2855));
#2294=EDGE_CURVE('',#2806,#2621,#2856,.T.);
#2295=FILL_AREA_STYLE('',(#2857));
#2296=EDGE_CURVE('',#2808,#2619,#2858,.T.);
#2297=FILL_AREA_STYLE('',(#2859));
#2298=EDGE_CURVE('',#2810,#2617,#2860,.T.);
#2299=FILL_AREA_STYLE('',(#2861));
#2300=EDGE_CURVE('',#2812,#2615,#2862,.T.);
#2301=FILL_AREA_STYLE('',(#2863));
#2302=EDGE_CURVE('',#2814,#2613,#2864,.T.);
#2303=FILL_AREA_STYLE('',(#2865));
#2304=EDGE_CURVE('',#2816,#2611,#2866,.T.);
#2305=FILL_AREA_STYLE('',(#2867));
#2306=EDGE_CURVE('',#2818,#2609,#2868,.T.);
#2307=FILL_AREA_STYLE('',(#2869));
#2308=EDGE_CURVE('',#2820,#2607,#2870,.T.);
#2309=FILL_AREA_STYLE('',(#2871));
#2310=EDGE_CURVE('',#2822,#2605,#2872,.T.);
#2311=FILL_AREA_STYLE('',(#2873));
#2312=EDGE_CURVE('',#2824,#2603,#2874,.T.);
#2313=FILL_AREA_STYLE('',(#2875));
#2314=EDGE_CURVE('',#2826,#2601,#2876,.T.);
#2315=FILL_AREA_STYLE('',(#2877));
#2316=EDGE_CURVE('',#2828,#2599,#2878,.T.);
#2317=FILL_AREA_STYLE('',(#2879));
#2318=EDGE_CURVE('',#2830,#2597,#2880,.T.);
#2319=FILL_AREA_STYLE('',(#2881));
#2320=EDGE_CURVE('',#2832,#2595,#2882,.T.);
#2321=FILL_AREA_STYLE('',(#2883));
#2322=EDGE_CURVE('',#2834,#2593,#2884,.T.);
#2323=FILL_AREA_STYLE('',(#2885));
#2324=EDGE_CURVE('',#2836,#2591,#2886,.T.);
#2325=FILL_AREA_STYLE('',(#2887));
#2326=EDGE_CURVE('',#2838,#2589,#2888,.T.);
#2327=FILL_AREA_STYLE('',(#2889));
#2328=EDGE_CURVE('',#2840,#2587,#2890,.T.);
#2329=FILL_AREA_STYLE('',(#2891));
#2330=EDGE_CURVE('',#2842,#2585,#2892,.T.);
#2331=FILL_AREA_STYLE('',(#2893));
#2332=FILL_AREA_STYLE('',(#2894));
#2333=EDGE_CURVE('',#2895,#2896,#2897,.T.);
#2334=EDGE_CURVE('',#2896,#2895,#2898,.T.);
#2335=FILL_AREA_STYLE('',(#2899));
#2336=EDGE_CURVE('',#2900,#2901,#2902,.T.);
#2337=EDGE_CURVE('',#2901,#2900,#2903,.T.);
#2338=FILL_AREA_STYLE('',(#2904));
#2339=EDGE_CURVE('',#2905,#2906,#2907,.T.);
#2340=EDGE_CURVE('',#2906,#2905,#2908,.T.);
#2341=FILL_AREA_STYLE('',(#2909));
#2342=EDGE_CURVE('',#2374,#2910,#2911,.T.);
#2343=EDGE_CURVE('',#2910,#2645,#2912,.T.);
#2344=FILL_AREA_STYLE('',(#2913));
#2345=EDGE_CURVE('',#2641,#2910,#2914,.T.);
#2346=FILL_AREA_STYLE('',(#2915));
#2347=FILL_AREA_STYLE_COLOUR('',#2916);
#2348=VERTEX_POINT('',#2917);
#2349=VERTEX_POINT('',#2918);
#2350=LINE('',#2919,#2920);
#2351=VERTEX_POINT('',#2921);
#2352=LINE('',#2922,#2923);
#2353=VERTEX_POINT('',#2924);
#2354=LINE('',#2925,#2926);
#2355=LINE('',#2927,#2928);
#2356=VERTEX_POINT('',#2929);
#2357=VERTEX_POINT('',#2930);
#2358=LINE('',#2931,#2932);
#2359=VERTEX_POINT('',#2933);
#2360=LINE('',#2934,#2935);
#2361=VERTEX_POINT('',#2936);
#2362=LINE('',#2937,#2938);
#2363=LINE('',#2939,#2940);
#2364=FILL_AREA_STYLE_COLOUR('',#2941);
#2365=VERTEX_POINT('',#2942);
#2366=VERTEX_POINT('',#2943);
#2367=LINE('',#2944,#2945);
#2368=VERTEX_POINT('',#2946);
#2369=LINE('',#2947,#2948);
#2370=VERTEX_POINT('',#2949);
#2371=LINE('',#2950,#2951);
#2372=LINE('',#2952,#2953);
#2373=VERTEX_POINT('',#2954);
#2374=VERTEX_POINT('',#2955);
#2375=LINE('',#2956,#2957);
#2376=VERTEX_POINT('',#2958);
#2377=LINE('',#2959,#2960);
#2378=VERTEX_POINT('',#2961);
#2379=LINE('',#2962,#2963);
#2380=LINE('',#2964,#2965);
#2381=FILL_AREA_STYLE_COLOUR('',#2966);
#2382=VERTEX_POINT('',#2967);
#2383=VERTEX_POINT('',#2968);
#2384=LINE('',#2969,#2970);
#2385=LINE('',#2971,#2972);
#2386=LINE('',#2973,#2974);
#2387=FILL_AREA_STYLE_COLOUR('',#2975);
#2388=VERTEX_POINT('',#2976);
#2389=LINE('',#2977,#2978);
#2390=LINE('',#2979,#2980);
#2391=FILL_AREA_STYLE_COLOUR('',#2981);
#2392=VERTEX_POINT('',#2982);
#2393=LINE('',#2983,#2984);
#2394=LINE('',#2985,#2986);
#2395=FILL_AREA_STYLE_COLOUR('',#2987);
#2396=LINE('',#2988,#2989);
#2397=FILL_AREA_STYLE_COLOUR('',#2990);
#2398=VERTEX_POINT('',#2991);
#2399=VERTEX_POINT('',#2992);
#2400=LINE('',#2993,#2994);
#2401=VERTEX_POINT('',#2995);
#2402=LINE('',#2996,#2997);
#2403=VERTEX_POINT('',#2998);
#2404=LINE('',#2999,#3000);
#2405=LINE('',#3001,#3002);
#2406=FILL_AREA_STYLE_COLOUR('',#3003);
#2407=VERTEX_POINT('',#3004);
#2408=VERTEX_POINT('',#3005);
#2409=LINE('',#3006,#3007);
#2410=VERTEX_POINT('',#3008);
#2411=LINE('',#3009,#3010);
#2412=VERTEX_POINT('',#3011);
#2413=LINE('',#3012,#3013);
#2414=LINE('',#3014,#3015);
#2415=FILL_AREA_STYLE_COLOUR('',#3016);
#2416=VERTEX_POINT('',#3017);
#2417=LINE('',#3018,#3019);
#2418=VERTEX_POINT('',#3020);
#2419=LINE('',#3021,#3022);
#2420=LINE('',#3023,#3024);
#2421=FILL_AREA_STYLE_COLOUR('',#3025);
#2422=VERTEX_POINT('',#3026);
#2423=LINE('',#3027,#3028);
#2424=VERTEX_POINT('',#3029);
#2425=LINE('',#3030,#3031);
#2426=LINE('',#3032,#3033);
#2427=FILL_AREA_STYLE_COLOUR('',#3034);
#2428=VERTEX_POINT('',#3035);
#2429=LINE('',#3036,#3037);
#2430=VERTEX_POINT('',#3038);
#2431=LINE('',#3039,#3040);
#2432=LINE('',#3041,#3042);
#2433=FILL_AREA_STYLE_COLOUR('',#3043);
#2434=LINE('',#3044,#3045);
#2435=LINE('',#3046,#3047);
#2436=FILL_AREA_STYLE_COLOUR('',#3048);
#2437=VERTEX_POINT('',#3049);
#2438=LINE('',#3050,#3051);
#2439=VERTEX_POINT('',#3052);
#2440=LINE('',#3053,#3054);
#2441=LINE('',#3055,#3056);
#2442=FILL_AREA_STYLE_COLOUR('',#3057);
#2443=LINE('',#3058,#3059);
#2444=LINE('',#3060,#3061);
#2445=FILL_AREA_STYLE_COLOUR('',#3062);
#2446=VERTEX_POINT('',#3063);
#2447=VERTEX_POINT('',#3064);
#2448=LINE('',#3065,#3066);
#2449=VERTEX_POINT('',#3067);
#2450=LINE('',#3068,#3069);
#2451=VERTEX_POINT('',#3070);
#2452=LINE('',#3071,#3072);
#2453=LINE('',#3073,#3074);
#2454=FILL_AREA_STYLE_COLOUR('',#3075);
#2455=VERTEX_POINT('',#3076);
#2456=VERTEX_POINT('',#3077);
#2457=LINE('',#3078,#3079);
#2458=VERTEX_POINT('',#3080);
#2459=LINE('',#3081,#3082);
#2460=VERTEX_POINT('',#3083);
#2461=LINE('',#3084,#3085);
#2462=LINE('',#3086,#3087);
#2463=FILL_AREA_STYLE_COLOUR('',#3088);
#2464=VERTEX_POINT('',#3089);
#2465=LINE('',#3090,#3091);
#2466=VERTEX_POINT('',#3092);
#2467=LINE('',#3093,#3094);
#2468=LINE('',#3095,#3096);
#2469=FILL_AREA_STYLE_COLOUR('',#3097);
#2470=VERTEX_POINT('',#3098);
#2471=LINE('',#3099,#3100);
#2472=VERTEX_POINT('',#3101);
#2473=LINE('',#3102,#3103);
#2474=LINE('',#3104,#3105);
#2475=FILL_AREA_STYLE_COLOUR('',#3106);
#2476=VERTEX_POINT('',#3107);
#2477=LINE('',#3108,#3109);
#2478=VERTEX_POINT('',#3110);
#2479=LINE('',#3111,#3112);
#2480=LINE('',#3113,#3114);
#2481=FILL_AREA_STYLE_COLOUR('',#3115);
#2482=LINE('',#3116,#3117);
#2483=LINE('',#3118,#3119);
#2484=FILL_AREA_STYLE_COLOUR('',#3120);
#2485=VERTEX_POINT('',#3121);
#2486=LINE('',#3122,#3123);
#2487=VERTEX_POINT('',#3124);
#2488=LINE('',#3125,#3126);
#2489=LINE('',#3127,#3128);
#2490=FILL_AREA_STYLE_COLOUR('',#3129);
#2491=LINE('',#3130,#3131);
#2492=LINE('',#3132,#3133);
#2493=FILL_AREA_STYLE_COLOUR('',#3134);
#2494=VERTEX_POINT('',#3135);
#2495=LINE('',#3136,#3137);
#2496=VERTEX_POINT('',#3138);
#2497=LINE('',#3139,#3140);
#2498=VERTEX_POINT('',#3141);
#2499=LINE('',#3142,#3143);
#2500=VERTEX_POINT('',#3144);
#2501=CIRCLE('',#3145,1.015);
#2502=VERTEX_POINT('',#3146);
#2503=LINE('',#3147,#3148);
#2504=VERTEX_POINT('',#3149);
#2505=LINE('',#3150,#3151);
#2506=LINE('',#3152,#3153);
#2507=FILL_AREA_STYLE_COLOUR('',#3154);
#2508=VERTEX_POINT('',#3155);
#2509=LINE('',#3156,#3157);
#2510=VERTEX_POINT('',#3158);
#2511=LINE('',#3159,#3160);
#2512=LINE('',#3161,#3162);
#2513=FILL_AREA_STYLE_COLOUR('',#3163);
#2514=VERTEX_POINT('',#3164);
#2515=LINE('',#3165,#3166);
#2516=LINE('',#3167,#3168);
#2517=FILL_AREA_STYLE_COLOUR('',#3169);
#2518=VERTEX_POINT('',#3170);
#2519=LINE('',#3171,#3172);
#2520=CIRCLE('',#3173,1.015);
#2521=FILL_AREA_STYLE_COLOUR('',#3174);
#2522=VERTEX_POINT('',#3175);
#2523=LINE('',#3176,#3177);
#2524=LINE('',#3178,#3179);
#2525=FILL_AREA_STYLE_COLOUR('',#3180);
#2526=VERTEX_POINT('',#3181);
#2527=LINE('',#3182,#3183);
#2528=LINE('',#3184,#3185);
#2529=FILL_AREA_STYLE_COLOUR('',#3186);
#2530=VERTEX_POINT('',#3187);
#2531=LINE('',#3188,#3189);
#2532=VERTEX_POINT('',#3190);
#2533=LINE('',#3191,#3192);
#2534=VERTEX_POINT('',#3193);
#2535=LINE('',#3194,#3195);
#2536=VERTEX_POINT('',#3196);
#2537=LINE('',#3197,#3198);
#2538=LINE('',#3199,#3200);
#2539=FILL_AREA_STYLE_COLOUR('',#3201);
#2540=VERTEX_POINT('',#3202);
#2541=LINE('',#3203,#3204);
#2542=LINE('',#3205,#3206);
#2543=FILL_AREA_STYLE_COLOUR('',#3207);
#2544=VERTEX_POINT('',#3208);
#2545=LINE('',#3209,#3210);
#2546=VERTEX_POINT('',#3211);
#2547=LINE('',#3212,#3213);
#2548=VERTEX_POINT('',#3214);
#2549=CIRCLE('',#3215,1.015);
#2550=VERTEX_POINT('',#3216);
#2551=LINE('',#3217,#3218);
#2552=VERTEX_POINT('',#3219);
#2553=LINE('',#3220,#3221);
#2554=LINE('',#3222,#3223);
#2555=FILL_AREA_STYLE_COLOUR('',#3224);
#2556=VERTEX_POINT('',#3225);
#2557=LINE('',#3226,#3227);
#2558=VERTEX_POINT('',#3228);
#2559=LINE('',#3229,#3230);
#2560=LINE('',#3231,#3232);
#2561=FILL_AREA_STYLE_COLOUR('',#3233);
#2562=VERTEX_POINT('',#3234);
#2563=LINE('',#3235,#3236);
#2564=LINE('',#3237,#3238);
#2565=FILL_AREA_STYLE_COLOUR('',#3239);
#2566=VERTEX_POINT('',#3240);
#2567=LINE('',#3241,#3242);
#2568=CIRCLE('',#3243,1.015);
#2569=FILL_AREA_STYLE_COLOUR('',#3244);
#2570=VERTEX_POINT('',#3245);
#2571=LINE('',#3246,#3247);
#2572=LINE('',#3248,#3249);
#2573=FILL_AREA_STYLE_COLOUR('',#3250);
#2574=LINE('',#3251,#3252);
#2575=FILL_AREA_STYLE_COLOUR('',#3253);
#2576=VERTEX_POINT('',#3254);
#2577=LINE('',#3255,#3256);
#2578=LINE('',#3257,#3258);
#2579=FILL_AREA_STYLE_COLOUR('',#3259);
#2580=LINE('',#3260,#3261);
#2581=FILL_AREA_STYLE_COLOUR('',#3262);
#2582=FILL_AREA_STYLE_COLOUR('',#3263);
#2583=VERTEX_POINT('',#3264);
#2584=LINE('',#3265,#3266);
#2585=VERTEX_POINT('',#3267);
#2586=CIRCLE('',#3268,14.75);
#2587=VERTEX_POINT('',#3269);
#2588=LINE('',#3270,#3271);
#2589=VERTEX_POINT('',#3272);
#2590=LINE('',#3273,#3274);
#2591=VERTEX_POINT('',#3275);
#2592=LINE('',#3276,#3277);
#2593=VERTEX_POINT('',#3278);
#2594=LINE('',#3279,#3280);
#2595=VERTEX_POINT('',#3281);
#2596=LINE('',#3282,#3283);
#2597=VERTEX_POINT('',#3284);
#2598=LINE('',#3285,#3286);
#2599=VERTEX_POINT('',#3287);
#2600=LINE('',#3288,#3289);
#2601=VERTEX_POINT('',#3290);
#2602=LINE('',#3291,#3292);
#2603=VERTEX_POINT('',#3293);
#2604=LINE('',#3294,#3295);
#2605=VERTEX_POINT('',#3296);
#2606=LINE('',#3297,#3298);
#2607=VERTEX_POINT('',#3299);
#2608=LINE('',#3300,#3301);
#2609=VERTEX_POINT('',#3302);
#2610=LINE('',#3303,#3304);
#2611=VERTEX_POINT('',#3305);
#2612=LINE('',#3306,#3307);
#2613=VERTEX_POINT('',#3308);
#2614=LINE('',#3309,#3310);
#2615=VERTEX_POINT('',#3311);
#2616=LINE('',#3312,#3313);
#2617=VERTEX_POINT('',#3314);
#2618=LINE('',#3315,#3316);
#2619=VERTEX_POINT('',#3317);
#2620=LINE('',#3318,#3319);
#2621=VERTEX_POINT('',#3320);
#2622=LINE('',#3321,#3322);
#2623=VERTEX_POINT('',#3323);
#2624=LINE('',#3324,#3325);
#2625=VERTEX_POINT('',#3326);
#2626=LINE('',#3327,#3328);
#2627=VERTEX_POINT('',#3329);
#2628=LINE('',#3330,#3331);
#2629=VERTEX_POINT('',#3332);
#2630=LINE('',#3333,#3334);
#2631=VERTEX_POINT('',#3335);
#2632=CIRCLE('',#3336,14.75);
#2633=LINE('',#3337,#3338);
#2634=FILL_AREA_STYLE_COLOUR('',#3339);
#2635=VERTEX_POINT('',#3340);
#2636=LINE('',#3341,#3342);
#2637=LINE('',#3343,#3344);
#2638=FILL_AREA_STYLE_COLOUR('',#3345);
#2639=VERTEX_POINT('',#3346);
#2640=LINE('',#3347,#3348);
#2641=VERTEX_POINT('',#3349);
#2642=LINE('',#3350,#3351);
#2643=LINE('',#3352,#3353);
#2644=FILL_AREA_STYLE_COLOUR('',#3354);
#2645=VERTEX_POINT('',#3355);
#2646=LINE('',#3356,#3357);
#2647=LINE('',#3358,#3359);
#2648=FILL_AREA_STYLE_COLOUR('',#3360);
#2649=VERTEX_POINT('',#3361);
#2650=VERTEX_POINT('',#3362);
#2651=B_SPLINE_CURVE_WITH_KNOTS('',3,(#3363,#3364,#3365,#3366,#3367,#3368,#3369,#3370,#3371,#3372,#3373,#3374,#3375,#3376,#3377,#3378,#3379,#3380,#3381,#3382,#3383,#3384),.UNSPECIFIED.,.F.,.F.,(4,2,2,2,2,2,2,2,2,2,4),(2.85069833680177,2.99442225729305,3.14413887896295,3.29385550063285,3.61772558338422,3.94159566613559,4.26546574888696,4.58933583163833,4.73905245330823,4.88876907497813,5.03249299546941),.UNSPECIFIED.);
#2652=VERTEX_POINT('',#3385);
#2653=LINE('',#3386,#3387);
#2654=VERTEX_POINT('',#3388);
#2655=LINE('',#3389,#3390);
#2656=VERTEX_POINT('',#3391);
#2657=LINE('',#3392,#3393);
#2658=VERTEX_POINT('',#3394);
#2659=CIRCLE('',#3395,0.635);
#2660=VERTEX_POINT('',#3396);
#2661=LINE('',#3397,#3398);
#2662=VERTEX_POINT('',#3399);
#2663=LINE('',#3400,#3401);
#2664=LINE('',#3402,#3403);
#2665=FILL_AREA_STYLE_COLOUR('',#3404);
#2666=VERTEX_POINT('',#3405);
#2667=CIRCLE('',#3406,0.490044504030771);
#2668=VERTEX_POINT('',#3407);
#2669=LINE('',#3408,#3409);
#2670=LINE('',#3410,#3411);
#2671=FILL_AREA_STYLE_COLOUR('',#3412);
#2672=VERTEX_POINT('',#3413);
#2673=VERTEX_POINT('',#3414);
#2674=CIRCLE('',#3415,0.635);
#2675=LINE('',#3416,#3417);
#2676=LINE('',#3418,#3419);
#2677=FILL_AREA_STYLE_COLOUR('',#3420);
#2678=VERTEX_POINT('',#3421);
#2679=LINE('',#3422,#3423);
#2680=LINE('',#3424,#3425);
#2681=FILL_AREA_STYLE_COLOUR('',#3426);
#2682=VERTEX_POINT('',#3427);
#2683=LINE('',#3428,#3429);
#2684=LINE('',#3430,#3431);
#2685=FILL_AREA_STYLE_COLOUR('',#3432);
#2686=VERTEX_POINT('',#3433);
#2687=CIRCLE('',#3434,0.490044504030771);
#2688=LINE('',#3435,#3436);
#2689=FILL_AREA_STYLE_COLOUR('',#3437);
#2690=VERTEX_POINT('',#3438);
#2691=LINE('',#3439,#3440);
#2692=LINE('',#3441,#3442);
#2693=FILL_AREA_STYLE_COLOUR('',#3443);
#2694=LINE('',#3444,#3445);
#2695=FILL_AREA_STYLE_COLOUR('',#3446);
#2696=B_SPLINE_CURVE_WITH_KNOTS('',3,(#3447,#3448,#3449,#3450,#3451,#3452,#3453,#3454,#3455,#3456,#3457,#3458,#3459,#3460,#3461,#3462,#3463,#3464,#3465,#3466,#3467,#3468),.UNSPECIFIED.,.F.,.F.,(4,2,2,2,2,2,2,2,2,2,4),(0.222967892711373,0.366691813202655,0.516408434872556,0.666125056542457,0.989995139293827,1.3138652220452,1.63773530479657,1.96160538754794,2.11132200921784,2.26103863088774,2.40476255137902),.UNSPECIFIED.);
#2697=FILL_AREA_STYLE_COLOUR('',#3469);
#2698=VERTEX_POINT('',#3470);
#2699=VERTEX_POINT('',#3471);
#2700=B_SPLINE_CURVE_WITH_KNOTS('',3,(#3472,#3473,#3474,#3475,#3476,#3477,#3478,#3479,#3480,#3481,#3482,#3483,#3484,#3485,#3486,#3487,#3488,#3489,#3490,#3491,#3492,#3493),.UNSPECIFIED.,.F.,.F.,(4,2,2,2,2,2,2,2,2,2,4),(2.85069833680177,2.99442225729305,3.14413887896295,3.29385550063285,3.61772558338422,3.94159566613559,4.26546574888696,4.58933583163833,4.73905245330823,4.88876907497813,5.03249299546941),.UNSPECIFIED.);
#2701=VERTEX_POINT('',#3494);
#2702=LINE('',#3495,#3496);
#2703=VERTEX_POINT('',#3497);
#2704=LINE('',#3498,#3499);
#2705=VERTEX_POINT('',#3500);
#2706=LINE('',#3501,#3502);
#2707=VERTEX_POINT('',#3503);
#2708=CIRCLE('',#3504,0.635);
#2709=VERTEX_POINT('',#3505);
#2710=LINE('',#3506,#3507);
#2711=VERTEX_POINT('',#3508);
#2712=LINE('',#3509,#3510);
#2713=LINE('',#3511,#3512);
#2714=FILL_AREA_STYLE_COLOUR('',#3513);
#2715=VERTEX_POINT('',#3514);
#2716=CIRCLE('',#3515,0.490044504030771);
#2717=VERTEX_POINT('',#3516);
#2718=LINE('',#3517,#3518);
#2719=LINE('',#3519,#3520);
#2720=FILL_AREA_STYLE_COLOUR('',#3521);
#2721=VERTEX_POINT('',#3522);
#2722=VERTEX_POINT('',#3523);
#2723=CIRCLE('',#3524,0.635);
#2724=LINE('',#3525,#3526);
#2725=LINE('',#3527,#3528);
#2726=FILL_AREA_STYLE_COLOUR('',#3529);
#2727=VERTEX_POINT('',#3530);
#2728=LINE('',#3531,#3532);
#2729=LINE('',#3533,#3534);
#2730=FILL_AREA_STYLE_COLOUR('',#3535);
#2731=VERTEX_POINT('',#3536);
#2732=LINE('',#3537,#3538);
#2733=LINE('',#3539,#3540);
#2734=FILL_AREA_STYLE_COLOUR('',#3541);
#2735=VERTEX_POINT('',#3542);
#2736=CIRCLE('',#3543,0.490044504030771);
#2737=LINE('',#3544,#3545);
#2738=FILL_AREA_STYLE_COLOUR('',#3546);
#2739=VERTEX_POINT('',#3547);
#2740=LINE('',#3548,#3549);
#2741=LINE('',#3550,#3551);
#2742=FILL_AREA_STYLE_COLOUR('',#3552);
#2743=LINE('',#3553,#3554);
#2744=FILL_AREA_STYLE_COLOUR('',#3555);
#2745=B_SPLINE_CURVE_WITH_KNOTS('',3,(#3556,#3557,#3558,#3559,#3560,#3561,#3562,#3563,#3564,#3565,#3566,#3567,#3568,#3569,#3570,#3571,#3572,#3573,#3574,#3575,#3576,#3577),.UNSPECIFIED.,.F.,.F.,(4,2,2,2,2,2,2,2,2,2,4),(0.222967892711373,0.366691813202655,0.516408434872556,0.666125056542457,0.989995139293827,1.3138652220452,1.63773530479657,1.96160538754794,2.11132200921784,2.26103863088774,2.40476255137902),.UNSPECIFIED.);
#2746=FILL_AREA_STYLE_COLOUR('',#3578);
#2747=VERTEX_POINT('',#3579);
#2748=VERTEX_POINT('',#3580);
#2749=B_SPLINE_CURVE_WITH_KNOTS('',3,(#3581,#3582,#3583,#3584,#3585,#3586,#3587,#3588,#3589,#3590,#3591,#3592,#3593,#3594,#3595,#3596,#3597,#3598,#3599,#3600,#3601,#3602),.UNSPECIFIED.,.F.,.F.,(4,2,2,2,2,2,2,2,2,2,4),(2.85069833680177,2.99442225729305,3.14413887896295,3.29385550063285,3.61772558338422,3.94159566613559,4.26546574888696,4.58933583163833,4.73905245330823,4.88876907497813,5.03249299546941),.UNSPECIFIED.);
#2750=VERTEX_POINT('',#3603);
#2751=LINE('',#3604,#3605);
#2752=VERTEX_POINT('',#3606);
#2753=LINE('',#3607,#3608);
#2754=VERTEX_POINT('',#3609);
#2755=LINE('',#3610,#3611);
#2756=VERTEX_POINT('',#3612);
#2757=CIRCLE('',#3613,0.635);
#2758=VERTEX_POINT('',#3614);
#2759=LINE('',#3615,#3616);
#2760=VERTEX_POINT('',#3617);
#2761=LINE('',#3618,#3619);
#2762=LINE('',#3620,#3621);
#2763=FILL_AREA_STYLE_COLOUR('',#3622);
#2764=VERTEX_POINT('',#3623);
#2765=CIRCLE('',#3624,0.490044504030771);
#2766=VERTEX_POINT('',#3625);
#2767=LINE('',#3626,#3627);
#2768=LINE('',#3628,#3629);
#2769=FILL_AREA_STYLE_COLOUR('',#3630);
#2770=VERTEX_POINT('',#3631);
#2771=VERTEX_POINT('',#3632);
#2772=CIRCLE('',#3633,0.635);
#2773=LINE('',#3634,#3635);
#2774=LINE('',#3636,#3637);
#2775=FILL_AREA_STYLE_COLOUR('',#3638);
#2776=VERTEX_POINT('',#3639);
#2777=LINE('',#3640,#3641);
#2778=LINE('',#3642,#3643);
#2779=FILL_AREA_STYLE_COLOUR('',#3644);
#2780=VERTEX_POINT('',#3645);
#2781=LINE('',#3646,#3647);
#2782=LINE('',#3648,#3649);
#2783=FILL_AREA_STYLE_COLOUR('',#3650);
#2784=VERTEX_POINT('',#3651);
#2785=CIRCLE('',#3652,0.490044504030771);
#2786=LINE('',#3653,#3654);
#2787=FILL_AREA_STYLE_COLOUR('',#3655);
#2788=VERTEX_POINT('',#3656);
#2789=LINE('',#3657,#3658);
#2790=LINE('',#3659,#3660);
#2791=FILL_AREA_STYLE_COLOUR('',#3661);
#2792=LINE('',#3662,#3663);
#2793=FILL_AREA_STYLE_COLOUR('',#3664);
#2794=B_SPLINE_CURVE_WITH_KNOTS('',3,(#3665,#3666,#3667,#3668,#3669,#3670,#3671,#3672,#3673,#3674,#3675,#3676,#3677,#3678,#3679,#3680,#3681,#3682,#3683,#3684,#3685,#3686),.UNSPECIFIED.,.F.,.F.,(4,2,2,2,2,2,2,2,2,2,4),(0.222967892711373,0.366691813202655,0.516408434872556,0.666125056542457,0.989995139293827,1.3138652220452,1.63773530479657,1.96160538754794,2.11132200921784,2.26103863088774,2.40476255137902),.UNSPECIFIED.);
#2795=FILL_AREA_STYLE_COLOUR('',#3687);
#2796=VERTEX_POINT('',#3688);
#2797=LINE('',#3689,#3690);
#2798=VERTEX_POINT('',#3691);
#2799=CIRCLE('',#3692,14.75);
#2800=VERTEX_POINT('',#3693);
#2801=LINE('',#3694,#3695);
#2802=VERTEX_POINT('',#3696);
#2803=LINE('',#3697,#3698);
#2804=VERTEX_POINT('',#3699);
#2805=LINE('',#3700,#3701);
#2806=VERTEX_POINT('',#3702);
#2807=LINE('',#3703,#3704);
#2808=VERTEX_POINT('',#3705);
#2809=LINE('',#3706,#3707);
#2810=VERTEX_POINT('',#3708);
#2811=LINE('',#3709,#3710);
#2812=VERTEX_POINT('',#3711);
#2813=LINE('',#3712,#3713);
#2814=VERTEX_POINT('',#3714);
#2815=LINE('',#3715,#3716);
#2816=VERTEX_POINT('',#3717);
#2817=LINE('',#3718,#3719);
#2818=VERTEX_POINT('',#3720);
#2819=LINE('',#3721,#3722);
#2820=VERTEX_POINT('',#3723);
#2821=LINE('',#3724,#3725);
#2822=VERTEX_POINT('',#3726);
#2823=LINE('',#3727,#3728);
#2824=VERTEX_POINT('',#3729);
#2825=LINE('',#3730,#3731);
#2826=VERTEX_POINT('',#3732);
#2827=LINE('',#3733,#3734);
#2828=VERTEX_POINT('',#3735);
#2829=LINE('',#3736,#3737);
#2830=VERTEX_POINT('',#3738);
#2831=LINE('',#3739,#3740);
#2832=VERTEX_POINT('',#3741);
#2833=LINE('',#3742,#3743);
#2834=VERTEX_POINT('',#3744);
#2835=LINE('',#3745,#3746);
#2836=VERTEX_POINT('',#3747);
#2837=LINE('',#3748,#3749);
#2838=VERTEX_POINT('',#3750);
#2839=LINE('',#3751,#3752);
#2840=VERTEX_POINT('',#3753);
#2841=LINE('',#3754,#3755);
#2842=VERTEX_POINT('',#3756);
#2843=LINE('',#3757,#3758);
#2844=CIRCLE('',#3759,14.75);
#2845=FILL_AREA_STYLE_COLOUR('',#3760);
#2846=LINE('',#3761,#3762);
#2847=FILL_AREA_STYLE_COLOUR('',#3763);
#2848=LINE('',#3764,#3765);
#2849=FILL_AREA_STYLE_COLOUR('',#3766);
#2850=LINE('',#3767,#3768);
#2851=FILL_AREA_STYLE_COLOUR('',#3769);
#2852=LINE('',#3770,#3771);
#2853=FILL_AREA_STYLE_COLOUR('',#3772);
#2854=LINE('',#3773,#3774);
#2855=FILL_AREA_STYLE_COLOUR('',#3775);
#2856=LINE('',#3776,#3777);
#2857=FILL_AREA_STYLE_COLOUR('',#3778);
#2858=LINE('',#3779,#3780);
#2859=FILL_AREA_STYLE_COLOUR('',#3781);
#2860=LINE('',#3782,#3783);
#2861=FILL_AREA_STYLE_COLOUR('',#3784);
#2862=LINE('',#3785,#3786);
#2863=FILL_AREA_STYLE_COLOUR('',#3787);
#2864=LINE('',#3788,#3789);
#2865=FILL_AREA_STYLE_COLOUR('',#3790);
#2866=LINE('',#3791,#3792);
#2867=FILL_AREA_STYLE_COLOUR('',#3793);
#2868=LINE('',#3794,#3795);
#2869=FILL_AREA_STYLE_COLOUR('',#3796);
#2870=LINE('',#3797,#3798);
#2871=FILL_AREA_STYLE_COLOUR('',#3799);
#2872=LINE('',#3800,#3801);
#2873=FILL_AREA_STYLE_COLOUR('',#3802);
#2874=LINE('',#3803,#3804);
#2875=FILL_AREA_STYLE_COLOUR('',#3805);
#2876=LINE('',#3806,#3807);
#2877=FILL_AREA_STYLE_COLOUR('',#3808);
#2878=LINE('',#3809,#3810);
#2879=FILL_AREA_STYLE_COLOUR('',#3811);
#2880=LINE('',#3812,#3813);
#2881=FILL_AREA_STYLE_COLOUR('',#3814);
#2882=LINE('',#3815,#3816);
#2883=FILL_AREA_STYLE_COLOUR('',#3817);
#2884=LINE('',#3818,#3819);
#2885=FILL_AREA_STYLE_COLOUR('',#3820);
#2886=LINE('',#3821,#3822);
#2887=FILL_AREA_STYLE_COLOUR('',#3823);
#2888=LINE('',#3824,#3825);
#2889=FILL_AREA_STYLE_COLOUR('',#3826);
#2890=LINE('',#3827,#3828);
#2891=FILL_AREA_STYLE_COLOUR('',#3829);
#2892=LINE('',#3830,#3831);
#2893=FILL_AREA_STYLE_COLOUR('',#3832);
#2894=FILL_AREA_STYLE_COLOUR('',#3833);
#2895=VERTEX_POINT('',#3834);
#2896=VERTEX_POINT('',#3835);
#2897=CIRCLE('',#3836,1.875);
#2898=CIRCLE('',#3837,1.875);
#2899=FILL_AREA_STYLE_COLOUR('',#3838);
#2900=VERTEX_POINT('',#3839);
#2901=VERTEX_POINT('',#3840);
#2902=CIRCLE('',#3841,1.875);
#2903=CIRCLE('',#3842,1.875);
#2904=FILL_AREA_STYLE_COLOUR('',#3843);
#2905=VERTEX_POINT('',#3844);
#2906=VERTEX_POINT('',#3845);
#2907=CIRCLE('',#3846,1.875);
#2908=CIRCLE('',#3847,1.875);
#2909=FILL_AREA_STYLE_COLOUR('',#3848);
#2910=VERTEX_POINT('',#3849);
#2911=LINE('',#3850,#3851);
#2912=LINE('',#3852,#3853);
#2913=FILL_AREA_STYLE_COLOUR('',#3854);
#2914=LINE('',#3855,#3856);
#2915=FILL_AREA_STYLE_COLOUR('',#3857);
#2916=COLOUR_RGB('',0.117647059261799,0.117647059261799,0.117647059261799);
#2917=CARTESIAN_POINT('',(-3.05,-0.0625,1.95));
#2918=CARTESIAN_POINT('',(-3.05,-0.0625,-1.95));
#2919=CARTESIAN_POINT('',(-3.05,-0.0625,0.0));
#2920=VECTOR('',#3858,1.0);
#2921=CARTESIAN_POINT('',(3.05,-0.0625,1.95));
#2922=CARTESIAN_POINT('',(0.0,-0.0625,1.95));
#2923=VECTOR('',#3859,1.0);
#2924=CARTESIAN_POINT('',(3.05,-0.0625,-1.95));
#2925=CARTESIAN_POINT('',(3.05,-0.0625,0.0));
#2926=VECTOR('',#3860,1.0);
#2927=CARTESIAN_POINT('',(0.0,-0.0625,-1.95));
#2928=VECTOR('',#3861,1.0);
#2929=CARTESIAN_POINT('',(2.97,-0.0625,-1.93));
#2930=CARTESIAN_POINT('',(-0.889999999999998,-0.0625,-1.93));
#2931=CARTESIAN_POINT('',(0.52,-0.0625,-1.93));
#2932=VECTOR('',#3862,1.0);
#2933=CARTESIAN_POINT('',(2.97,-0.0625,1.93));
#2934=CARTESIAN_POINT('',(2.97,-0.0625,-0.965));
#2935=VECTOR('',#3863,1.0);
#2936=CARTESIAN_POINT('',(-0.889999999999998,-0.0625,1.93));
#2937=CARTESIAN_POINT('',(0.52,-0.0625,1.93));
#2938=VECTOR('',#3864,1.0);
#2939=CARTESIAN_POINT('',(-0.889999999999998,-0.0625,-0.965));
#2940=VECTOR('',#3865,1.0);
#2941=COLOUR_RGB('',0.82745099067688,0.82745099067688,0.82745099067688);
#2942=CARTESIAN_POINT('',(6.35,-0.25,3.05));
#2943=CARTESIAN_POINT('',(-6.35,-0.25,3.05));
#2944=CARTESIAN_POINT('',(-4.29016089147083E-16,-0.25,3.05));
#2945=VECTOR('',#3866,1.0);
#2946=CARTESIAN_POINT('',(-6.35,-0.25,-3.05));
#2947=CARTESIAN_POINT('',(-6.35,-0.25,0.0));
#2948=VECTOR('',#3867,1.0);
#2949=CARTESIAN_POINT('',(6.35,-0.25,-3.05));
#2950=CARTESIAN_POINT('',(5.55111512312578E-17,-0.25,-3.05));
#2951=VECTOR('',#3868,1.0);
#2952=CARTESIAN_POINT('',(6.35,-0.25,0.0));
#2953=VECTOR('',#3869,1.0);
#2954=CARTESIAN_POINT('',(-6.34,-0.25,-3.04));
#2955=CARTESIAN_POINT('',(6.34,-0.25,-3.04));
#2956=CARTESIAN_POINT('',(0.0,-0.25,-3.04));
#2957=VECTOR('',#3870,1.0);
#2958=CARTESIAN_POINT('',(-6.34,-0.25,3.04));
#2959=CARTESIAN_POINT('',(-6.34,-0.25,0.0));
#2960=VECTOR('',#3871,1.0);
#2961=CARTESIAN_POINT('',(6.34,-0.25,3.04));
#2962=CARTESIAN_POINT('',(0.0,-0.25,3.04));
#2963=VECTOR('',#3872,1.0);
#2964=CARTESIAN_POINT('',(6.34,-0.25,0.0));
#2965=VECTOR('',#3873,1.0);
#2966=COLOUR_RGB('',0.117647059261799,0.117647059261799,0.117647059261799);
#2967=CARTESIAN_POINT('',(3.05,0.0,1.95));
#2968=CARTESIAN_POINT('',(-3.05,0.0,1.95));
#2969=CARTESIAN_POINT('',(0.0,0.0,1.95));
#2970=VECTOR('',#3874,1.0);
#2971=CARTESIAN_POINT('',(3.05,0.0625,1.95));
#2972=VECTOR('',#3875,1.0);
#2973=CARTESIAN_POINT('',(-3.05,0.0625,1.95));
#2974=VECTOR('',#3876,1.0);
#2975=COLOUR_RGB('',0.117647059261799,0.117647059261799,0.117647059261799);
#2976=CARTESIAN_POINT('',(-3.05,0.0,-1.95));
#2977=CARTESIAN_POINT('',(-3.05,0.0,0.0));
#2978=VECTOR('',#3877,1.0);
#2979=CARTESIAN_POINT('',(-3.05,0.0625,-1.95));
#2980=VECTOR('',#3878,1.0);
#2981=COLOUR_RGB('',0.117647059261799,0.117647059261799,0.117647059261799);
#2982=CARTESIAN_POINT('',(3.05,0.0,-1.95));
#2983=CARTESIAN_POINT('',(0.0,0.0,-1.95));
#2984=VECTOR('',#3879,1.0);
#2985=CARTESIAN_POINT('',(3.05,0.0625,-1.95));
#2986=VECTOR('',#3880,1.0);
#2987=COLOUR_RGB('',0.117647059261799,0.117647059261799,0.117647059261799);
#2988=CARTESIAN_POINT('',(3.05,0.0,0.0));
#2989=VECTOR('',#3881,1.0);
#2990=COLOUR_RGB('',0.82745099067688,0.82745099067688,0.82745099067688);
#2991=CARTESIAN_POINT('',(2.7,-2.675,-3.05));
#2992=CARTESIAN_POINT('',(4.7,-2.675,-3.05));
#2993=CARTESIAN_POINT('',(1.85,-2.675,-3.05));
#2994=VECTOR('',#3882,1.0);
#2995=CARTESIAN_POINT('',(2.7,-2.675,-3.3));
#2996=CARTESIAN_POINT('',(2.7,-2.675,0.0));
#2997=VECTOR('',#3883,1.0);
#2998=CARTESIAN_POINT('',(4.7,-2.675,-3.3));
#2999=CARTESIAN_POINT('',(1.85,-2.675,-3.3));
#3000=VECTOR('',#3884,1.0);
#3001=CARTESIAN_POINT('',(4.7,-2.675,0.0));
#3002=VECTOR('',#3885,1.0);
#3003=COLOUR_RGB('',0.82745099067688,0.82745099067688,0.82745099067688);
#3004=CARTESIAN_POINT('',(4.7,-2.675,3.05));
#3005=CARTESIAN_POINT('',(2.7,-2.675,3.05));
#3006=CARTESIAN_POINT('',(1.85,-2.675,3.05));
#3007=VECTOR('',#3886,1.0);
#3008=CARTESIAN_POINT('',(4.7,-2.675,3.3));
#3009=CARTESIAN_POINT('',(4.7,-2.675,0.0));
#3010=VECTOR('',#3887,1.0);
#3011=CARTESIAN_POINT('',(2.7,-2.675,3.3));
#3012=CARTESIAN_POINT('',(1.85,-2.675,3.3));
#3013=VECTOR('',#3888,1.0);
#3014=CARTESIAN_POINT('',(2.7,-2.675,0.0));
#3015=VECTOR('',#3889,1.0);
#3016=COLOUR_RGB('',0.82745099067688,0.82745099067688,0.82745099067688);
#3017=CARTESIAN_POINT('',(4.7,-4.2625,-3.05));
#3018=CARTESIAN_POINT('',(4.7,-2.97301018588335,-3.05));
#3019=VECTOR('',#3890,1.0);
#3020=CARTESIAN_POINT('',(4.7,-4.2625,-3.3));
#3021=CARTESIAN_POINT('',(4.7,-1.796875,-3.3));
#3022=VECTOR('',#3891,1.0);
#3023=CARTESIAN_POINT('',(4.7,-4.2625,0.0));
#3024=VECTOR('',#3892,1.0);
#3025=COLOUR_RGB('',0.82745099067688,0.82745099067688,0.82745099067688);
#3026=CARTESIAN_POINT('',(2.7,-4.2625,-3.05));
#3027=CARTESIAN_POINT('',(2.7,-2.97301018588335,-3.05));
#3028=VECTOR('',#3893,1.0);
#3029=CARTESIAN_POINT('',(2.7,-4.2625,-3.3));
#3030=CARTESIAN_POINT('',(2.7,-4.2625,0.0));
#3031=VECTOR('',#3894,1.0);
#3032=CARTESIAN_POINT('',(2.7,-1.796875,-3.3));
#3033=VECTOR('',#3895,1.0);
#3034=COLOUR_RGB('',0.82745099067688,0.82745099067688,0.82745099067688);
#3035=CARTESIAN_POINT('',(2.7,-4.2625,3.05));
#3036=CARTESIAN_POINT('',(2.7,-2.97301018588335,3.05));
#3037=VECTOR('',#3896,1.0);
#3038=CARTESIAN_POINT('',(2.7,-4.2625,3.3));
#3039=CARTESIAN_POINT('',(2.7,-1.796875,3.3));
#3040=VECTOR('',#3897,1.0);
#3041=CARTESIAN_POINT('',(2.7,-4.2625,0.0));
#3042=VECTOR('',#3898,1.0);
#3043=COLOUR_RGB('',0.82745099067688,0.82745099067688,0.82745099067688);
#3044=CARTESIAN_POINT('',(1.85,-4.2625,-3.05));
#3045=VECTOR('',#3899,1.0);
#3046=CARTESIAN_POINT('',(1.85,-4.2625,-3.3));
#3047=VECTOR('',#3900,1.0);
#3048=COLOUR_RGB('',0.82745099067688,0.82745099067688,0.82745099067688);
#3049=CARTESIAN_POINT('',(4.7,-4.2625,3.05));
#3050=CARTESIAN_POINT('',(1.85,-4.2625,3.05));
#3051=VECTOR('',#3901,1.0);
#3052=CARTESIAN_POINT('',(4.7,-4.2625,3.3));
#3053=CARTESIAN_POINT('',(1.85,-4.2625,3.3));
#3054=VECTOR('',#3902,1.0);
#3055=CARTESIAN_POINT('',(4.7,-4.2625,0.0));
#3056=VECTOR('',#3903,1.0);
#3057=COLOUR_RGB('',0.82745099067688,0.82745099067688,0.82745099067688);
#3058=CARTESIAN_POINT('',(4.7,-2.97301018588335,3.05));
#3059=VECTOR('',#3904,1.0);
#3060=CARTESIAN_POINT('',(4.7,-1.796875,3.3));
#3061=VECTOR('',#3905,1.0);
#3062=COLOUR_RGB('',0.82745099067688,0.82745099067688,0.82745099067688);
#3063=CARTESIAN_POINT('',(-4.7,-2.675,-3.05));
#3064=CARTESIAN_POINT('',(-2.7,-2.675,-3.05));
#3065=CARTESIAN_POINT('',(-1.85,-2.675,-3.05));
#3066=VECTOR('',#3906,1.0);
#3067=CARTESIAN_POINT('',(-4.7,-2.675,-3.3));
#3068=CARTESIAN_POINT('',(-4.7,-2.675,0.0));
#3069=VECTOR('',#3907,1.0);
#3070=CARTESIAN_POINT('',(-2.7,-2.675,-3.3));
#3071=CARTESIAN_POINT('',(-1.85,-2.675,-3.3));
#3072=VECTOR('',#3908,1.0);
#3073=CARTESIAN_POINT('',(-2.7,-2.675,0.0));
#3074=VECTOR('',#3909,1.0);
#3075=COLOUR_RGB('',0.82745099067688,0.82745099067688,0.82745099067688);
#3076=CARTESIAN_POINT('',(-2.7,-2.675,3.05));
#3077=CARTESIAN_POINT('',(-4.7,-2.675,3.05));
#3078=CARTESIAN_POINT('',(-1.85,-2.675,3.05));
#3079=VECTOR('',#3910,1.0);
#3080=CARTESIAN_POINT('',(-2.7,-2.675,3.3));
#3081=CARTESIAN_POINT('',(-2.7,-2.675,0.0));
#3082=VECTOR('',#3911,1.0);
#3083=CARTESIAN_POINT('',(-4.7,-2.675,3.3));
#3084=CARTESIAN_POINT('',(-1.85,-2.675,3.3));
#3085=VECTOR('',#3912,1.0);
#3086=CARTESIAN_POINT('',(-4.7,-2.675,0.0));
#3087=VECTOR('',#3913,1.0);
#3088=COLOUR_RGB('',0.82745099067688,0.82745099067688,0.82745099067688);
#3089=CARTESIAN_POINT('',(-2.7,-4.2625,-3.05));
#3090=CARTESIAN_POINT('',(-2.7,-2.97301018588335,-3.05));
#3091=VECTOR('',#3914,1.0);
#3092=CARTESIAN_POINT('',(-2.7,-4.2625,-3.3));
#3093=CARTESIAN_POINT('',(-2.7,-1.796875,-3.3));
#3094=VECTOR('',#3915,1.0);
#3095=CARTESIAN_POINT('',(-2.7,-4.2625,0.0));
#3096=VECTOR('',#3916,1.0);
#3097=COLOUR_RGB('',0.82745099067688,0.82745099067688,0.82745099067688);
#3098=CARTESIAN_POINT('',(-4.7,-4.2625,-3.05));
#3099=CARTESIAN_POINT('',(-4.7,-2.97301018588335,-3.05));
#3100=VECTOR('',#3917,1.0);
#3101=CARTESIAN_POINT('',(-4.7,-4.2625,-3.3));
#3102=CARTESIAN_POINT('',(-4.7,-4.2625,0.0));
#3103=VECTOR('',#3918,1.0);
#3104=CARTESIAN_POINT('',(-4.7,-1.796875,-3.3));
#3105=VECTOR('',#3919,1.0);
#3106=COLOUR_RGB('',0.82745099067688,0.82745099067688,0.82745099067688);
#3107=CARTESIAN_POINT('',(-4.7,-4.2625,3.05));
#3108=CARTESIAN_POINT('',(-4.7,-2.97301018588335,3.05));
#3109=VECTOR('',#3920,1.0);
#3110=CARTESIAN_POINT('',(-4.7,-4.2625,3.3));
#3111=CARTESIAN_POINT('',(-4.7,-1.796875,3.3));
#3112=VECTOR('',#3921,1.0);
#3113=CARTESIAN_POINT('',(-4.7,-4.2625,0.0));
#3114=VECTOR('',#3922,1.0);
#3115=COLOUR_RGB('',0.82745099067688,0.82745099067688,0.82745099067688);
#3116=CARTESIAN_POINT('',(-1.85,-4.2625,-3.05));
#3117=VECTOR('',#3923,1.0);
#3118=CARTESIAN_POINT('',(-1.85,-4.2625,-3.3));
#3119=VECTOR('',#3924,1.0);
#3120=COLOUR_RGB('',0.82745099067688,0.82745099067688,0.82745099067688);
#3121=CARTESIAN_POINT('',(-2.7,-4.2625,3.05));
#3122=CARTESIAN_POINT('',(-1.85,-4.2625,3.05));
#3123=VECTOR('',#3925,1.0);
#3124=CARTESIAN_POINT('',(-2.7,-4.2625,3.3));
#3125=CARTESIAN_POINT('',(-1.85,-4.2625,3.3));
#3126=VECTOR('',#3926,1.0);
#3127=CARTESIAN_POINT('',(-2.7,-4.2625,0.0));
#3128=VECTOR('',#3927,1.0);
#3129=COLOUR_RGB('',0.82745099067688,0.82745099067688,0.82745099067688);
#3130=CARTESIAN_POINT('',(-2.7,-2.97301018588335,3.05));
#3131=VECTOR('',#3928,1.0);
#3132=CARTESIAN_POINT('',(-2.7,-1.796875,3.3));
#3133=VECTOR('',#3929,1.0);
#3134=COLOUR_RGB('',0.82745099067688,0.82745099067688,0.82745099067688);
#3135=CARTESIAN_POINT('',(6.35,-4.7625,3.05));
#3136=CARTESIAN_POINT('',(6.35,-0.124991191652133,3.05));
#3137=VECTOR('',#3930,1.0);
#3138=CARTESIAN_POINT('',(1.015,-4.7625,3.05));
#3139=CARTESIAN_POINT('',(6.35,-4.7625,3.05));
#3140=VECTOR('',#3931,1.0);
#3141=CARTESIAN_POINT('',(1.015,-3.7475,3.05));
#3142=CARTESIAN_POINT('',(1.015,-3.7475,3.05));
#3143=VECTOR('',#3932,1.0);
#3144=CARTESIAN_POINT('',(-1.015,-3.7475,3.05));
#3145=AXIS2_PLACEMENT_3D('',#3933,#3934,#3935);
#3146=CARTESIAN_POINT('',(-1.015,-4.7625,3.05));
#3147=CARTESIAN_POINT('',(-1.015,-3.7475,3.05));
#3148=VECTOR('',#3936,1.0);
#3149=CARTESIAN_POINT('',(-6.35,-4.7625,3.05));
#3150=CARTESIAN_POINT('',(-1.015,-4.7625,3.05));
#3151=VECTOR('',#3937,1.0);
#3152=CARTESIAN_POINT('',(-6.35,-0.124991191652133,3.05));
#3153=VECTOR('',#3938,1.0);
#3154=COLOUR_RGB('',0.82745099067688,0.82745099067688,0.82745099067688);
#3155=CARTESIAN_POINT('',(-1.015,-4.7625,3.3));
#3156=CARTESIAN_POINT('',(-1.015,-4.7625,3.3));
#3157=VECTOR('',#3939,1.0);
#3158=CARTESIAN_POINT('',(-6.35,-4.7625,3.3));
#3159=CARTESIAN_POINT('',(-1.015,-4.7625,3.3));
#3160=VECTOR('',#3940,1.0);
#3161=CARTESIAN_POINT('',(-6.35,-4.7625,3.3));
#3162=VECTOR('',#3941,1.0);
#3163=COLOUR_RGB('',0.82745099067688,0.82745099067688,0.82745099067688);
#3164=CARTESIAN_POINT('',(-1.015,-3.7475,3.3));
#3165=CARTESIAN_POINT('',(-1.015,-3.7475,3.3));
#3166=VECTOR('',#3942,1.0);
#3167=CARTESIAN_POINT('',(-1.015,-3.7475,3.3));
#3168=VECTOR('',#3943,1.0);
#3169=COLOUR_RGB('',0.82745099067688,0.82745099067688,0.82745099067688);
#3170=CARTESIAN_POINT('',(1.015,-3.7475,3.3));
#3171=CARTESIAN_POINT('',(1.015,-3.7475,3.3));
#3172=VECTOR('',#3944,1.0);
#3173=AXIS2_PLACEMENT_3D('',#3945,#3946,#3947);
#3174=COLOUR_RGB('',0.82745099067688,0.82745099067688,0.82745099067688);
#3175=CARTESIAN_POINT('',(1.015,-4.7625,3.3));
#3176=CARTESIAN_POINT('',(1.015,-4.7625,3.3));
#3177=VECTOR('',#3948,1.0);
#3178=CARTESIAN_POINT('',(1.015,-3.7475,3.3));
#3179=VECTOR('',#3949,1.0);
#3180=COLOUR_RGB('',0.82745099067688,0.82745099067688,0.82745099067688);
#3181=CARTESIAN_POINT('',(6.35,-4.7625,3.3));
#3182=CARTESIAN_POINT('',(6.35,-4.7625,3.3));
#3183=VECTOR('',#3950,1.0);
#3184=CARTESIAN_POINT('',(6.35,-4.7625,3.3));
#3185=VECTOR('',#3951,1.0);
#3186=COLOUR_RGB('',0.82745099067688,0.82745099067688,0.82745099067688);
#3187=CARTESIAN_POINT('',(-6.35,0.0,3.3));
#3188=CARTESIAN_POINT('',(-6.35,-0.125,3.3));
#3189=VECTOR('',#3952,1.0);
#3190=CARTESIAN_POINT('',(-6.35,0.0,-3.3));
#3191=CARTESIAN_POINT('',(-6.35,0.0,0.0));
#3192=VECTOR('',#3953,1.0);
#3193=CARTESIAN_POINT('',(-6.35,-4.7625,-3.3));
#3194=CARTESIAN_POINT('',(-6.35,-0.125,-3.3));
#3195=VECTOR('',#3954,1.0);
#3196=CARTESIAN_POINT('',(-6.35,-4.7625,-3.05));
#3197=CARTESIAN_POINT('',(-6.35,-4.7625,-3.3));
#3198=VECTOR('',#3955,1.0);
#3199=CARTESIAN_POINT('',(-6.35,-0.124991191652133,-3.05));
#3200=VECTOR('',#3956,1.0);
#3201=COLOUR_RGB('',0.82745099067688,0.82745099067688,0.82745099067688);
#3202=CARTESIAN_POINT('',(6.35,0.0,3.3));
#3203=CARTESIAN_POINT('',(6.35,-0.125,3.3));
#3204=VECTOR('',#3957,1.0);
#3205=CARTESIAN_POINT('',(0.0,0.0,3.3));
#3206=VECTOR('',#3958,1.0);
#3207=COLOUR_RGB('',0.82745099067688,0.82745099067688,0.82745099067688);
#3208=CARTESIAN_POINT('',(-1.015,-4.7625,-3.05));
#3209=CARTESIAN_POINT('',(-6.35,-4.7625,-3.05));
#3210=VECTOR('',#3959,1.0);
#3211=CARTESIAN_POINT('',(-1.015,-3.7475,-3.05));
#3212=CARTESIAN_POINT('',(-1.015,-3.7475,-3.05));
#3213=VECTOR('',#3960,1.0);
#3214=CARTESIAN_POINT('',(1.015,-3.7475,-3.05));
#3215=AXIS2_PLACEMENT_3D('',#3961,#3962,#3963);
#3216=CARTESIAN_POINT('',(1.015,-4.7625,-3.05));
#3217=CARTESIAN_POINT('',(1.015,-3.7475,-3.05));
#3218=VECTOR('',#3964,1.0);
#3219=CARTESIAN_POINT('',(6.35,-4.7625,-3.05));
#3220=CARTESIAN_POINT('',(1.015,-4.7625,-3.05));
#3221=VECTOR('',#3965,1.0);
#3222=CARTESIAN_POINT('',(6.35,-0.124991191652133,-3.05));
#3223=VECTOR('',#3966,1.0);
#3224=COLOUR_RGB('',0.82745099067688,0.82745099067688,0.82745099067688);
#3225=CARTESIAN_POINT('',(1.015,-4.7625,-3.3));
#3226=CARTESIAN_POINT('',(1.015,-4.7625,-3.3));
#3227=VECTOR('',#3967,1.0);
#3228=CARTESIAN_POINT('',(6.35,-4.7625,-3.3));
#3229=CARTESIAN_POINT('',(1.015,-4.7625,-3.3));
#3230=VECTOR('',#3968,1.0);
#3231=CARTESIAN_POINT('',(6.35,-4.7625,-3.3));
#3232=VECTOR('',#3969,1.0);
#3233=COLOUR_RGB('',0.82745099067688,0.82745099067688,0.82745099067688);
#3234=CARTESIAN_POINT('',(1.015,-3.7475,-3.3));
#3235=CARTESIAN_POINT('',(1.015,-3.7475,-3.3));
#3236=VECTOR('',#3970,1.0);
#3237=CARTESIAN_POINT('',(1.015,-3.7475,-3.3));
#3238=VECTOR('',#3971,1.0);
#3239=COLOUR_RGB('',0.82745099067688,0.82745099067688,0.82745099067688);
#3240=CARTESIAN_POINT('',(-1.015,-3.7475,-3.3));
#3241=CARTESIAN_POINT('',(-1.015,-3.7475,-3.3));
#3242=VECTOR('',#3972,1.0);
#3243=AXIS2_PLACEMENT_3D('',#3973,#3974,#3975);
#3244=COLOUR_RGB('',0.82745099067688,0.82745099067688,0.82745099067688);
#3245=CARTESIAN_POINT('',(-1.015,-4.7625,-3.3));
#3246=CARTESIAN_POINT('',(-1.015,-4.7625,-3.3));
#3247=VECTOR('',#3976,1.0);
#3248=CARTESIAN_POINT('',(-1.015,-3.7475,-3.3));
#3249=VECTOR('',#3977,1.0);
#3250=COLOUR_RGB('',0.82745099067688,0.82745099067688,0.82745099067688);
#3251=CARTESIAN_POINT('',(-6.35,-4.7625,-3.3));
#3252=VECTOR('',#3978,1.0);
#3253=COLOUR_RGB('',0.82745099067688,0.82745099067688,0.82745099067688);
#3254=CARTESIAN_POINT('',(6.35,0.0,-3.3));
#3255=CARTESIAN_POINT('',(6.35,-0.124991191652133,-3.3));
#3256=VECTOR('',#3979,1.0);
#3257=CARTESIAN_POINT('',(6.35,0.0,0.0));
#3258=VECTOR('',#3980,1.0);
#3259=COLOUR_RGB('',0.82745099067688,0.82745099067688,0.82745099067688);
#3260=CARTESIAN_POINT('',(0.0,0.0,-3.3));
#3261=VECTOR('',#3981,1.0);
#3262=COLOUR_RGB('',0.82745099067688,0.82745099067688,0.82745099067688);
#3263=COLOUR_RGB('',0.117647059261799,0.117647059261799,0.117647059261799);
#3264=CARTESIAN_POINT('',(2.97,4.70318706712049,1.93));
#3265=CARTESIAN_POINT('',(2.97,-9.92,1.93));
#3266=VECTOR('',#3982,1.0);
#3267=CARTESIAN_POINT('',(2.68952558613983,4.7374747259093,1.93));
#3268=AXIS2_PLACEMENT_3D('',#3983,#3984,#3985);
#3269=CARTESIAN_POINT('',(2.52619788729151,5.02036659859791,1.93));
#3270=CARTESIAN_POINT('',(2.52619788729151,5.02036659859791,1.93));
#3271=VECTOR('',#3986,1.0);
#3272=CARTESIAN_POINT('',(2.38102103459758,4.76891291364908,1.93));
#3273=CARTESIAN_POINT('',(2.52619788729151,5.02036659859791,1.93));
#3274=VECTOR('',#3987,0.999999999999999);
#3275=CARTESIAN_POINT('',(2.22162543248079,5.04499419501838,1.93));
#3276=CARTESIAN_POINT('',(2.22162543248079,5.04499419501838,1.93));
#3277=VECTOR('',#3988,1.0);
#3278=CARTESIAN_POINT('',(2.07644857978686,4.79354051006955,1.93));
#3279=CARTESIAN_POINT('',(2.22162543248079,5.04499419501838,1.93));
#3280=VECTOR('',#3989,0.999999999999999);
#3281=CARTESIAN_POINT('',(1.92081977926391,5.0630974996963,1.93));
#3282=CARTESIAN_POINT('',(1.92081977926391,5.0630974996963,1.93));
#3283=VECTOR('',#3990,0.999999999999999);
#3284=CARTESIAN_POINT('',(1.77564292656998,4.81164381474747,1.93));
#3285=CARTESIAN_POINT('',(1.92081977926391,5.0630974996963,1.93));
#3286=VECTOR('',#3991,0.999999999999999);
#3287=CARTESIAN_POINT('',(1.62363136977454,5.07493555445481,1.93));
#3288=CARTESIAN_POINT('',(1.62363136977454,5.07493555445481,1.93));
#3289=VECTOR('',#3992,1.0);
#3290=CARTESIAN_POINT('',(1.47845451708061,4.82348186950598,1.93));
#3291=CARTESIAN_POINT('',(1.62363136977454,5.07493555445481,1.93));
#3292=VECTOR('',#3993,0.999999999999999);
#3293=CARTESIAN_POINT('',(1.33035370538786,5.08,1.93));
#3294=CARTESIAN_POINT('',(1.33035370538786,5.08,1.93));
#3295=VECTOR('',#3994,1.0);
#3296=CARTESIAN_POINT('',(1.18517685269393,4.82854631505117,1.93));
#3297=CARTESIAN_POINT('',(1.33035370538786,5.08,1.93));
#3298=VECTOR('',#3995,0.999999999999999);
#3299=CARTESIAN_POINT('',(1.04,5.08,1.93));
#3300=CARTESIAN_POINT('',(1.04,5.08,1.93));
#3301=VECTOR('',#3996,0.999999999999999);
#3302=CARTESIAN_POINT('',(0.89482314730607,4.82854631505117,1.93));
#3303=CARTESIAN_POINT('',(1.04,5.08,1.93));
#3304=VECTOR('',#3997,0.999999999999999);
#3305=CARTESIAN_POINT('',(0.74964629461214,5.08,1.93));
#3306=CARTESIAN_POINT('',(0.74964629461214,5.08,1.93));
#3307=VECTOR('',#3998,0.999999999999999);
#3308=CARTESIAN_POINT('',(0.601545482919397,4.82348186950598,1.93));
#3309=CARTESIAN_POINT('',(0.74964629461214,5.08,1.93));
#3310=VECTOR('',#3999,1.0);
#3311=CARTESIAN_POINT('',(0.456368630225461,5.07493555445481,1.93));
#3312=CARTESIAN_POINT('',(0.456368630225461,5.07493555445481,1.93));
#3313=VECTOR('',#4000,0.999999999999999);
#3314=CARTESIAN_POINT('',(0.304357073430024,4.81164381474747,1.93));
#3315=CARTESIAN_POINT('',(0.456368630225461,5.07493555445481,1.93));
#3316=VECTOR('',#4001,1.0);
#3317=CARTESIAN_POINT('',(0.159180220736094,5.0630974996963,1.93));
#3318=CARTESIAN_POINT('',(0.159180220736094,5.0630974996963,1.93));
#3319=VECTOR('',#4002,0.999999999999999);
#3320=CARTESIAN_POINT('',(0.0035514202131417,4.79354051006955,1.93));
#3321=CARTESIAN_POINT('',(0.159180220736094,5.0630974996963,1.93));
#3322=VECTOR('',#4003,0.999999999999999);
#3323=CARTESIAN_POINT('',(-0.141625432480792,5.04499419501838,1.93));
#3324=CARTESIAN_POINT('',(-0.141625432480792,5.04499419501838,1.93));
#3325=VECTOR('',#4004,0.999999999999999);
#3326=CARTESIAN_POINT('',(-0.301021034597574,4.76891291364908,1.93));
#3327=CARTESIAN_POINT('',(-0.141625432480792,5.04499419501838,1.93));
#3328=VECTOR('',#4005,1.0);
#3329=CARTESIAN_POINT('',(-0.446197887291504,5.02036659859791,1.93));
#3330=CARTESIAN_POINT('',(-0.446197887291504,5.02036659859791,1.93));
#3331=VECTOR('',#4006,0.999999999999999);
#3332=CARTESIAN_POINT('',(-0.609525586139831,4.7374747259093,1.93));
#3333=CARTESIAN_POINT('',(-0.446197887291504,5.02036659859791,1.93));
#3334=VECTOR('',#4007,1.0);
#3335=CARTESIAN_POINT('',(-0.890000000000004,4.70318706712049,1.93));
#3336=AXIS2_PLACEMENT_3D('',#4008,#4009,#4010);
#3337=CARTESIAN_POINT('',(-0.89,-9.92,1.93));
#3338=VECTOR('',#4011,1.0);
#3339=COLOUR_RGB('',0.117647059261799,0.117647059261799,0.117647059261799);
#3340=CARTESIAN_POINT('',(2.97,4.70318706712049,-1.93));
#3341=CARTESIAN_POINT('',(2.97,-9.92,-1.93));
#3342=VECTOR('',#4012,1.0);
#3343=CARTESIAN_POINT('',(2.97,4.70318706712049,-1.93));
#3344=VECTOR('',#4013,1.0);
#3345=COLOUR_RGB('',1.0,0.0,0.0);
#3346=CARTESIAN_POINT('',(-6.34,-6.35,3.04));
#3347=CARTESIAN_POINT('',(-6.34,-3.295,3.04));
#3348=VECTOR('',#4014,1.0);
#3349=CARTESIAN_POINT('',(6.34,-6.35,3.04));
#3350=CARTESIAN_POINT('',(0.0,-6.35,3.04));
#3351=VECTOR('',#4015,1.0);
#3352=CARTESIAN_POINT('',(6.34,-3.295,3.04));
#3353=VECTOR('',#4016,1.0);
#3354=COLOUR_RGB('',1.0,0.0,0.0);
#3355=CARTESIAN_POINT('',(-6.34,-6.35,-3.04));
#3356=CARTESIAN_POINT('',(-6.34,-3.295,-3.04));
#3357=VECTOR('',#4017,1.0);
#3358=CARTESIAN_POINT('',(-6.34,-6.35,0.0));
#3359=VECTOR('',#4018,1.0);
#3360=COLOUR_RGB('',0.752941191196442,0.752941191196442,0.752941191196442);
#3361=CARTESIAN_POINT('',(4.32,-6.65942465307529,-0.9525));
#3362=CARTESIAN_POINT('',(4.32,-6.65942465307529,0.9525));
#3363=CARTESIAN_POINT('',(4.32,-6.56730044321007,-1.03607787234138));
#3364=CARTESIAN_POINT('',(4.32,-6.60564984209924,-1.0073638073307));
#3365=CARTESIAN_POINT('',(4.32,-6.64698546155289,-0.967408619735041));
#3366=CARTESIAN_POINT('',(4.32,-6.71139942838503,-0.893799351239244));
#3367=CARTESIAN_POINT('',(4.32,-6.74409177300654,-0.849878870661128));
#3368=CARTESIAN_POINT('',(4.32,-6.80285610963592,-0.757704110518962));
#3369=CARTESIAN_POINT('',(4.32,-6.82896353351162,-0.709472424685319));
#3370=CARTESIAN_POINT('',(4.32,-6.89679032724063,-0.566924147842944));
#3371=CARTESIAN_POINT('',(4.32,-6.93521672019884,-0.455208818313317));
#3372=CARTESIAN_POINT('',(4.32,-6.98513654394339,-0.225727641599596));
#3373=CARTESIAN_POINT('',(4.32,-6.99660652641309,-0.107956694250457));
#3374=CARTESIAN_POINT('',(4.32,-6.99660652641309,0.107956694250456));
#3375=CARTESIAN_POINT('',(4.32,-6.98513654394339,0.225727641599595));
#3376=CARTESIAN_POINT('',(4.32,-6.93521672019884,0.455208818313317));
#3377=CARTESIAN_POINT('',(4.32,-6.89679032724063,0.566924147842944));
#3378=CARTESIAN_POINT('',(4.32,-6.82896353351162,0.709472424685319));
#3379=CARTESIAN_POINT('',(4.32,-6.80285610963592,0.757704110518962));
#3380=CARTESIAN_POINT('',(4.32,-6.74409177300654,0.849878870661128));
#3381=CARTESIAN_POINT('',(4.32,-6.71139942838503,0.893799351239244));
#3382=CARTESIAN_POINT('',(4.32,-6.64698546155289,0.967408619735041));
#3383=CARTESIAN_POINT('',(4.32,-6.60564984209924,1.0073638073307));
#3384=CARTESIAN_POINT('',(4.32,-6.56730044321007,1.03607787234138));
#3385=CARTESIAN_POINT('',(4.32,-7.85,-0.9525));
#3386=CARTESIAN_POINT('',(4.32,-7.85,-0.9525));
#3387=VECTOR('',#4019,1.0);
#3388=CARTESIAN_POINT('',(4.32,-7.85,-0.635000000000001));
#3389=CARTESIAN_POINT('',(4.32,-7.85,-0.9525));
#3390=VECTOR('',#4020,1.0);
#3391=CARTESIAN_POINT('',(4.32,-12.315,-0.635));
#3392=CARTESIAN_POINT('',(4.32,-12.315,-0.635));
#3393=VECTOR('',#4021,1.0);
#3394=CARTESIAN_POINT('',(4.32,-12.315,0.635));
#3395=AXIS2_PLACEMENT_3D('',#4022,#4023,#4024);
#3396=CARTESIAN_POINT('',(4.32,-7.85,0.634999999999999));
#3397=CARTESIAN_POINT('',(4.32,-12.315,0.635));
#3398=VECTOR('',#4025,1.0);
#3399=CARTESIAN_POINT('',(4.32,-7.85,0.9525));
#3400=CARTESIAN_POINT('',(4.32,-7.85,0.9525));
#3401=VECTOR('',#4026,1.0);
#3402=CARTESIAN_POINT('',(4.32,-7.85,0.9525));
#3403=VECTOR('',#4027,1.0);
#3404=COLOUR_RGB('',0.752941191196442,0.752941191196442,0.752941191196442);
#3405=CARTESIAN_POINT('',(5.08,-6.65942465307529,-0.9525));
#3406=AXIS2_PLACEMENT_3D('',#4028,#4029,#4030);
#3407=CARTESIAN_POINT('',(5.08,-7.85,-0.9525));
#3408=CARTESIAN_POINT('',(5.08,-7.85,-0.9525));
#3409=VECTOR('',#4031,1.0);
#3410=CARTESIAN_POINT('',(4.32,-7.85,-0.9525));
#3411=VECTOR('',#4032,1.0);
#3412=COLOUR_RGB('',0.752941191196442,0.752941191196442,0.752941191196442);
#3413=CARTESIAN_POINT('',(5.08,-12.315,-0.635));
#3414=CARTESIAN_POINT('',(5.08,-12.315,0.635));
#3415=AXIS2_PLACEMENT_3D('',#4033,#4034,#4035);
#3416=CARTESIAN_POINT('',(4.32,-12.315,0.635));
#3417=VECTOR('',#4036,1.0);
#3418=CARTESIAN_POINT('',(4.32,-12.315,-0.635));
#3419=VECTOR('',#4037,1.0);
#3420=COLOUR_RGB('',0.752941191196442,0.752941191196442,0.752941191196442);
#3421=CARTESIAN_POINT('',(5.08,-7.85,0.634999999999999));
#3422=CARTESIAN_POINT('',(5.08,-12.315,0.635));
#3423=VECTOR('',#4038,1.0);
#3424=CARTESIAN_POINT('',(4.32,-7.85,0.634999999999999));
#3425=VECTOR('',#4039,1.0);
#3426=COLOUR_RGB('',0.752941191196442,0.752941191196442,0.752941191196442);
#3427=CARTESIAN_POINT('',(5.08,-7.85,0.9525));
#3428=CARTESIAN_POINT('',(5.08,-7.85,0.9525));
#3429=VECTOR('',#4040,1.0);
#3430=CARTESIAN_POINT('',(4.32,-7.85,0.9525));
#3431=VECTOR('',#4041,1.0);
#3432=COLOUR_RGB('',0.752941191196442,0.752941191196442,0.752941191196442);
#3433=CARTESIAN_POINT('',(5.08,-6.65942465307529,0.9525));
#3434=AXIS2_PLACEMENT_3D('',#4042,#4043,#4044);
#3435=CARTESIAN_POINT('',(5.08,-7.85,0.9525));
#3436=VECTOR('',#4045,1.0);
#3437=COLOUR_RGB('',0.752941191196442,0.752941191196442,0.752941191196442);
#3438=CARTESIAN_POINT('',(5.08,-7.85,-0.635000000000001));
#3439=CARTESIAN_POINT('',(5.08,-7.85,-0.9525));
#3440=VECTOR('',#4046,1.0);
#3441=CARTESIAN_POINT('',(4.32,-7.85,-0.635000000000001));
#3442=VECTOR('',#4047,1.0);
#3443=COLOUR_RGB('',0.752941191196442,0.752941191196442,0.752941191196442);
#3444=CARTESIAN_POINT('',(5.08,-12.315,-0.635));
#3445=VECTOR('',#4048,1.0);
#3446=COLOUR_RGB('',0.752941191196442,0.752941191196442,0.752941191196442);
#3447=CARTESIAN_POINT('',(5.08,-6.56730044321007,1.03607787234138));
#3448=CARTESIAN_POINT('',(5.08,-6.60564984209924,1.0073638073307));
#3449=CARTESIAN_POINT('',(5.08,-6.64698546155289,0.967408619735041));
#3450=CARTESIAN_POINT('',(5.08,-6.71139942838503,0.893799351239244));
#3451=CARTESIAN_POINT('',(5.08,-6.74409177300654,0.849878870661128));
#3452=CARTESIAN_POINT('',(5.08,-6.80285610963592,0.757704110518962));
#3453=CARTESIAN_POINT('',(5.08,-6.82896353351162,0.709472424685319));
#3454=CARTESIAN_POINT('',(5.08,-6.89679032724063,0.566924147842944));
#3455=CARTESIAN_POINT('',(5.08,-6.93521672019884,0.455208818313317));
#3456=CARTESIAN_POINT('',(5.08,-6.98513654394339,0.225727641599595));
#3457=CARTESIAN_POINT('',(5.08,-6.99660652641309,0.107956694250456));
#3458=CARTESIAN_POINT('',(5.08,-6.99660652641309,-0.107956694250457));
#3459=CARTESIAN_POINT('',(5.08,-6.98513654394339,-0.225727641599596));
#3460=CARTESIAN_POINT('',(5.08,-6.93521672019884,-0.455208818313318));
#3461=CARTESIAN_POINT('',(5.08,-6.89679032724063,-0.566924147842944));
#3462=CARTESIAN_POINT('',(5.08,-6.82896353351162,-0.709472424685319));
#3463=CARTESIAN_POINT('',(5.08,-6.80285610963592,-0.757704110518962));
#3464=CARTESIAN_POINT('',(5.08,-6.74409177300654,-0.849878870661128));
#3465=CARTESIAN_POINT('',(5.08,-6.71139942838503,-0.893799351239244));
#3466=CARTESIAN_POINT('',(5.08,-6.64698546155289,-0.967408619735041));
#3467=CARTESIAN_POINT('',(5.08,-6.60564984209924,-1.0073638073307));
#3468=CARTESIAN_POINT('',(5.08,-6.56730044321007,-1.03607787234138));
#3469=COLOUR_RGB('',0.752941191196442,0.752941191196442,0.752941191196442);
#3470=CARTESIAN_POINT('',(-0.38,-6.65942465307529,-0.9525));
#3471=CARTESIAN_POINT('',(-0.38,-6.65942465307529,0.9525));
#3472=CARTESIAN_POINT('',(-0.38,-6.56730044321007,-1.03607787234138));
#3473=CARTESIAN_POINT('',(-0.38,-6.60564984209924,-1.0073638073307));
#3474=CARTESIAN_POINT('',(-0.38,-6.64698546155289,-0.967408619735041));
#3475=CARTESIAN_POINT('',(-0.38,-6.71139942838503,-0.893799351239244));
#3476=CARTESIAN_POINT('',(-0.38,-6.74409177300654,-0.849878870661128));
#3477=CARTESIAN_POINT('',(-0.38,-6.80285610963592,-0.757704110518962));
#3478=CARTESIAN_POINT('',(-0.38,-6.82896353351162,-0.709472424685319));
#3479=CARTESIAN_POINT('',(-0.38,-6.89679032724063,-0.566924147842944));
#3480=CARTESIAN_POINT('',(-0.38,-6.93521672019884,-0.455208818313317));
#3481=CARTESIAN_POINT('',(-0.38,-6.98513654394339,-0.225727641599596));
#3482=CARTESIAN_POINT('',(-0.38,-6.99660652641309,-0.107956694250457));
#3483=CARTESIAN_POINT('',(-0.38,-6.99660652641309,0.107956694250456));
#3484=CARTESIAN_POINT('',(-0.38,-6.98513654394339,0.225727641599595));
#3485=CARTESIAN_POINT('',(-0.38,-6.93521672019884,0.455208818313317));
#3486=CARTESIAN_POINT('',(-0.38,-6.89679032724063,0.566924147842944));
#3487=CARTESIAN_POINT('',(-0.38,-6.82896353351162,0.709472424685319));
#3488=CARTESIAN_POINT('',(-0.38,-6.80285610963592,0.757704110518962));
#3489=CARTESIAN_POINT('',(-0.38,-6.74409177300654,0.849878870661128));
#3490=CARTESIAN_POINT('',(-0.38,-6.71139942838503,0.893799351239244));
#3491=CARTESIAN_POINT('',(-0.38,-6.64698546155289,0.967408619735041));
#3492=CARTESIAN_POINT('',(-0.38,-6.60564984209924,1.0073638073307));
#3493=CARTESIAN_POINT('',(-0.38,-6.56730044321007,1.03607787234138));
#3494=CARTESIAN_POINT('',(-0.38,-7.85,-0.9525));
#3495=CARTESIAN_POINT('',(-0.38,-7.85,-0.9525));
#3496=VECTOR('',#4049,1.0);
#3497=CARTESIAN_POINT('',(-0.38,-7.85,-0.635000000000001));
#3498=CARTESIAN_POINT('',(-0.38,-7.85,-0.9525));
#3499=VECTOR('',#4050,1.0);
#3500=CARTESIAN_POINT('',(-0.38,-12.315,-0.635));
#3501=CARTESIAN_POINT('',(-0.38,-12.315,-0.635));
#3502=VECTOR('',#4051,1.0);
#3503=CARTESIAN_POINT('',(-0.38,-12.315,0.635));
#3504=AXIS2_PLACEMENT_3D('',#4052,#4053,#4054);
#3505=CARTESIAN_POINT('',(-0.38,-7.85,0.634999999999999));
#3506=CARTESIAN_POINT('',(-0.38,-12.315,0.635));
#3507=VECTOR('',#4055,1.0);
#3508=CARTESIAN_POINT('',(-0.38,-7.85,0.9525));
#3509=CARTESIAN_POINT('',(-0.38,-7.85,0.9525));
#3510=VECTOR('',#4056,1.0);
#3511=CARTESIAN_POINT('',(-0.38,-7.85,0.9525));
#3512=VECTOR('',#4057,1.0);
#3513=COLOUR_RGB('',0.752941191196442,0.752941191196442,0.752941191196442);
#3514=CARTESIAN_POINT('',(0.38,-6.65942465307529,-0.9525));
#3515=AXIS2_PLACEMENT_3D('',#4058,#4059,#4060);
#3516=CARTESIAN_POINT('',(0.38,-7.85,-0.9525));
#3517=CARTESIAN_POINT('',(0.38,-7.85,-0.9525));
#3518=VECTOR('',#4061,1.0);
#3519=CARTESIAN_POINT('',(-0.38,-7.85,-0.9525));
#3520=VECTOR('',#4062,1.0);
#3521=COLOUR_RGB('',0.752941191196442,0.752941191196442,0.752941191196442);
#3522=CARTESIAN_POINT('',(0.38,-12.315,-0.635));
#3523=CARTESIAN_POINT('',(0.38,-12.315,0.635));
#3524=AXIS2_PLACEMENT_3D('',#4063,#4064,#4065);
#3525=CARTESIAN_POINT('',(-0.38,-12.315,0.635));
#3526=VECTOR('',#4066,1.0);
#3527=CARTESIAN_POINT('',(-0.38,-12.315,-0.635));
#3528=VECTOR('',#4067,1.0);
#3529=COLOUR_RGB('',0.752941191196442,0.752941191196442,0.752941191196442);
#3530=CARTESIAN_POINT('',(0.38,-7.85,0.634999999999999));
#3531=CARTESIAN_POINT('',(0.38,-12.315,0.635));
#3532=VECTOR('',#4068,1.0);
#3533=CARTESIAN_POINT('',(-0.38,-7.85,0.634999999999999));
#3534=VECTOR('',#4069,1.0);
#3535=COLOUR_RGB('',0.752941191196442,0.752941191196442,0.752941191196442);
#3536=CARTESIAN_POINT('',(0.38,-7.85,0.9525));
#3537=CARTESIAN_POINT('',(0.38,-7.85,0.9525));
#3538=VECTOR('',#4070,1.0);
#3539=CARTESIAN_POINT('',(-0.38,-7.85,0.9525));
#3540=VECTOR('',#4071,1.0);
#3541=COLOUR_RGB('',0.752941191196442,0.752941191196442,0.752941191196442);
#3542=CARTESIAN_POINT('',(0.38,-6.65942465307529,0.9525));
#3543=AXIS2_PLACEMENT_3D('',#4072,#4073,#4074);
#3544=CARTESIAN_POINT('',(0.38,-7.85,0.9525));
#3545=VECTOR('',#4075,1.0);
#3546=COLOUR_RGB('',0.752941191196442,0.752941191196442,0.752941191196442);
#3547=CARTESIAN_POINT('',(0.38,-7.85,-0.635000000000001));
#3548=CARTESIAN_POINT('',(0.38,-7.85,-0.9525));
#3549=VECTOR('',#4076,1.0);
#3550=CARTESIAN_POINT('',(-0.38,-7.85,-0.635000000000001));
#3551=VECTOR('',#4077,1.0);
#3552=COLOUR_RGB('',0.752941191196442,0.752941191196442,0.752941191196442);
#3553=CARTESIAN_POINT('',(0.38,-12.315,-0.635));
#3554=VECTOR('',#4078,1.0);
#3555=COLOUR_RGB('',0.752941191196442,0.752941191196442,0.752941191196442);
#3556=CARTESIAN_POINT('',(0.38,-6.56730044321007,1.03607787234138));
#3557=CARTESIAN_POINT('',(0.38,-6.60564984209924,1.0073638073307));
#3558=CARTESIAN_POINT('',(0.38,-6.64698546155289,0.967408619735041));
#3559=CARTESIAN_POINT('',(0.38,-6.71139942838503,0.893799351239244));
#3560=CARTESIAN_POINT('',(0.38,-6.74409177300654,0.849878870661128));
#3561=CARTESIAN_POINT('',(0.38,-6.80285610963592,0.757704110518962));
#3562=CARTESIAN_POINT('',(0.38,-6.82896353351162,0.709472424685319));
#3563=CARTESIAN_POINT('',(0.38,-6.89679032724063,0.566924147842944));
#3564=CARTESIAN_POINT('',(0.38,-6.93521672019884,0.455208818313317));
#3565=CARTESIAN_POINT('',(0.38,-6.98513654394339,0.225727641599595));
#3566=CARTESIAN_POINT('',(0.38,-6.99660652641309,0.107956694250456));
#3567=CARTESIAN_POINT('',(0.38,-6.99660652641309,-0.107956694250457));
#3568=CARTESIAN_POINT('',(0.38,-6.98513654394339,-0.225727641599596));
#3569=CARTESIAN_POINT('',(0.38,-6.93521672019884,-0.455208818313318));
#3570=CARTESIAN_POINT('',(0.38,-6.89679032724063,-0.566924147842944));
#3571=CARTESIAN_POINT('',(0.38,-6.82896353351162,-0.709472424685319));
#3572=CARTESIAN_POINT('',(0.38,-6.80285610963592,-0.757704110518962));
#3573=CARTESIAN_POINT('',(0.38,-6.74409177300654,-0.849878870661129));
#3574=CARTESIAN_POINT('',(0.38,-6.71139942838503,-0.893799351239244));
#3575=CARTESIAN_POINT('',(0.38,-6.64698546155289,-0.967408619735041));
#3576=CARTESIAN_POINT('',(0.38,-6.60564984209924,-1.0073638073307));
#3577=CARTESIAN_POINT('',(0.38,-6.56730044321007,-1.03607787234138));
#3578=COLOUR_RGB('',0.752941191196442,0.752941191196442,0.752941191196442);
#3579=CARTESIAN_POINT('',(-5.08,-6.65942465307529,-0.9525));
#3580=CARTESIAN_POINT('',(-5.08,-6.65942465307529,0.9525));
#3581=CARTESIAN_POINT('',(-5.08,-6.56730044321007,-1.03607787234138));
#3582=CARTESIAN_POINT('',(-5.08,-6.60564984209924,-1.0073638073307));
#3583=CARTESIAN_POINT('',(-5.08,-6.64698546155289,-0.967408619735041));
#3584=CARTESIAN_POINT('',(-5.08,-6.71139942838503,-0.893799351239244));
#3585=CARTESIAN_POINT('',(-5.08,-6.74409177300654,-0.849878870661128));
#3586=CARTESIAN_POINT('',(-5.08,-6.80285610963592,-0.757704110518962));
#3587=CARTESIAN_POINT('',(-5.08,-6.82896353351162,-0.709472424685319));
#3588=CARTESIAN_POINT('',(-5.08,-6.89679032724063,-0.566924147842944));
#3589=CARTESIAN_POINT('',(-5.08,-6.93521672019884,-0.455208818313317));
#3590=CARTESIAN_POINT('',(-5.08,-6.98513654394339,-0.225727641599596));
#3591=CARTESIAN_POINT('',(-5.08,-6.99660652641309,-0.107956694250457));
#3592=CARTESIAN_POINT('',(-5.08,-6.99660652641309,0.107956694250456));
#3593=CARTESIAN_POINT('',(-5.08,-6.98513654394339,0.225727641599595));
#3594=CARTESIAN_POINT('',(-5.08,-6.93521672019884,0.455208818313317));
#3595=CARTESIAN_POINT('',(-5.08,-6.89679032724063,0.566924147842944));
#3596=CARTESIAN_POINT('',(-5.08,-6.82896353351162,0.709472424685319));
#3597=CARTESIAN_POINT('',(-5.08,-6.80285610963592,0.757704110518961));
#3598=CARTESIAN_POINT('',(-5.08,-6.74409177300654,0.849878870661128));
#3599=CARTESIAN_POINT('',(-5.08,-6.71139942838503,0.893799351239244));
#3600=CARTESIAN_POINT('',(-5.08,-6.64698546155289,0.967408619735041));
#3601=CARTESIAN_POINT('',(-5.08,-6.60564984209924,1.0073638073307));
#3602=CARTESIAN_POINT('',(-5.08,-6.56730044321007,1.03607787234138));
#3603=CARTESIAN_POINT('',(-5.08,-7.85,-0.9525));
#3604=CARTESIAN_POINT('',(-5.08,-7.85,-0.9525));
#3605=VECTOR('',#4079,1.0);
#3606=CARTESIAN_POINT('',(-5.08,-7.85,-0.635000000000001));
#3607=CARTESIAN_POINT('',(-5.08,-7.85,-0.9525));
#3608=VECTOR('',#4080,1.0);
#3609=CARTESIAN_POINT('',(-5.08,-12.315,-0.635));
#3610=CARTESIAN_POINT('',(-5.08,-12.315,-0.635));
#3611=VECTOR('',#4081,1.0);
#3612=CARTESIAN_POINT('',(-5.08,-12.315,0.635));
#3613=AXIS2_PLACEMENT_3D('',#4082,#4083,#4084);
#3614=CARTESIAN_POINT('',(-5.08,-7.85,0.634999999999999));
#3615=CARTESIAN_POINT('',(-5.08,-12.315,0.635));
#3616=VECTOR('',#4085,1.0);
#3617=CARTESIAN_POINT('',(-5.08,-7.85,0.9525));
#3618=CARTESIAN_POINT('',(-5.08,-7.85,0.9525));
#3619=VECTOR('',#4086,1.0);
#3620=CARTESIAN_POINT('',(-5.08,-7.85,0.9525));
#3621=VECTOR('',#4087,1.0);
#3622=COLOUR_RGB('',0.752941191196442,0.752941191196442,0.752941191196442);
#3623=CARTESIAN_POINT('',(-4.32,-6.65942465307529,-0.9525));
#3624=AXIS2_PLACEMENT_3D('',#4088,#4089,#4090);
#3625=CARTESIAN_POINT('',(-4.32,-7.85,-0.9525));
#3626=CARTESIAN_POINT('',(-4.32,-7.85,-0.9525));
#3627=VECTOR('',#4091,1.0);
#3628=CARTESIAN_POINT('',(-5.08,-7.85,-0.9525));
#3629=VECTOR('',#4092,1.0);
#3630=COLOUR_RGB('',0.752941191196442,0.752941191196442,0.752941191196442);
#3631=CARTESIAN_POINT('',(-4.32,-12.315,-0.635));
#3632=CARTESIAN_POINT('',(-4.32,-12.315,0.635));
#3633=AXIS2_PLACEMENT_3D('',#4093,#4094,#4095);
#3634=CARTESIAN_POINT('',(-5.08,-12.315,0.635));
#3635=VECTOR('',#4096,1.0);
#3636=CARTESIAN_POINT('',(-5.08,-12.315,-0.635));
#3637=VECTOR('',#4097,1.0);
#3638=COLOUR_RGB('',0.752941191196442,0.752941191196442,0.752941191196442);
#3639=CARTESIAN_POINT('',(-4.32,-7.85,0.634999999999999));
#3640=CARTESIAN_POINT('',(-4.32,-12.315,0.635));
#3641=VECTOR('',#4098,1.0);
#3642=CARTESIAN_POINT('',(-5.08,-7.85,0.634999999999999));
#3643=VECTOR('',#4099,1.0);
#3644=COLOUR_RGB('',0.752941191196442,0.752941191196442,0.752941191196442);
#3645=CARTESIAN_POINT('',(-4.32,-7.85,0.9525));
#3646=CARTESIAN_POINT('',(-4.32,-7.85,0.9525));
#3647=VECTOR('',#4100,1.0);
#3648=CARTESIAN_POINT('',(-5.08,-7.85,0.9525));
#3649=VECTOR('',#4101,1.0);
#3650=COLOUR_RGB('',0.752941191196442,0.752941191196442,0.752941191196442);
#3651=CARTESIAN_POINT('',(-4.32,-6.65942465307529,0.9525));
#3652=AXIS2_PLACEMENT_3D('',#4102,#4103,#4104);
#3653=CARTESIAN_POINT('',(-4.32,-7.85,0.9525));
#3654=VECTOR('',#4105,1.0);
#3655=COLOUR_RGB('',0.752941191196442,0.752941191196442,0.752941191196442);
#3656=CARTESIAN_POINT('',(-4.32,-7.85,-0.635000000000001));
#3657=CARTESIAN_POINT('',(-4.32,-7.85,-0.9525));
#3658=VECTOR('',#4106,1.0);
#3659=CARTESIAN_POINT('',(-5.08,-7.85,-0.635000000000001));
#3660=VECTOR('',#4107,1.0);
#3661=COLOUR_RGB('',0.752941191196442,0.752941191196442,0.752941191196442);
#3662=CARTESIAN_POINT('',(-4.32,-12.315,-0.635));
#3663=VECTOR('',#4108,1.0);
#3664=COLOUR_RGB('',0.752941191196442,0.752941191196442,0.752941191196442);
#3665=CARTESIAN_POINT('',(-4.32,-6.56730044321007,1.03607787234138));
#3666=CARTESIAN_POINT('',(-4.32,-6.60564984209924,1.0073638073307));
#3667=CARTESIAN_POINT('',(-4.32,-6.64698546155289,0.967408619735041));
#3668=CARTESIAN_POINT('',(-4.32,-6.71139942838503,0.893799351239244));
#3669=CARTESIAN_POINT('',(-4.32,-6.74409177300654,0.849878870661128));
#3670=CARTESIAN_POINT('',(-4.32,-6.80285610963592,0.757704110518961));
#3671=CARTESIAN_POINT('',(-4.32,-6.82896353351162,0.709472424685319));
#3672=CARTESIAN_POINT('',(-4.32,-6.89679032724063,0.566924147842944));
#3673=CARTESIAN_POINT('',(-4.32,-6.93521672019884,0.455208818313317));
#3674=CARTESIAN_POINT('',(-4.32,-6.98513654394339,0.225727641599595));
#3675=CARTESIAN_POINT('',(-4.32,-6.99660652641309,0.107956694250456));
#3676=CARTESIAN_POINT('',(-4.32,-6.99660652641309,-0.107956694250457));
#3677=CARTESIAN_POINT('',(-4.32,-6.98513654394339,-0.225727641599596));
#3678=CARTESIAN_POINT('',(-4.32,-6.93521672019884,-0.455208818313318));
#3679=CARTESIAN_POINT('',(-4.32,-6.89679032724063,-0.566924147842944));
#3680=CARTESIAN_POINT('',(-4.32,-6.82896353351162,-0.709472424685319));
#3681=CARTESIAN_POINT('',(-4.32,-6.80285610963592,-0.757704110518963));
#3682=CARTESIAN_POINT('',(-4.32,-6.74409177300654,-0.849878870661129));
#3683=CARTESIAN_POINT('',(-4.32,-6.71139942838503,-0.893799351239244));
#3684=CARTESIAN_POINT('',(-4.32,-6.64698546155289,-0.967408619735041));
#3685=CARTESIAN_POINT('',(-4.32,-6.60564984209924,-1.0073638073307));
#3686=CARTESIAN_POINT('',(-4.32,-6.56730044321007,-1.03607787234138));
#3687=COLOUR_RGB('',0.117647059261799,0.117647059261799,0.117647059261799);
#3688=CARTESIAN_POINT('',(-0.890000000000004,4.70318706712049,-1.93));
#3689=CARTESIAN_POINT('',(-0.89,-9.92,-1.93));
#3690=VECTOR('',#4109,1.0);
#3691=CARTESIAN_POINT('',(-0.609525586139831,4.7374747259093,-1.93));
#3692=AXIS2_PLACEMENT_3D('',#4110,#4111,#4112);
#3693=CARTESIAN_POINT('',(-0.446197887291504,5.02036659859791,-1.93));
#3694=CARTESIAN_POINT('',(-0.446197887291504,5.02036659859791,-1.93));
#3695=VECTOR('',#4113,1.0);
#3696=CARTESIAN_POINT('',(-0.301021034597574,4.76891291364908,-1.93));
#3697=CARTESIAN_POINT('',(-0.446197887291504,5.02036659859791,-1.93));
#3698=VECTOR('',#4114,1.0);
#3699=CARTESIAN_POINT('',(-0.141625432480792,5.04499419501838,-1.93));
#3700=CARTESIAN_POINT('',(-0.141625432480792,5.04499419501838,-1.93));
#3701=VECTOR('',#4115,1.0);
#3702=CARTESIAN_POINT('',(0.0035514202131417,4.79354051006955,-1.93));
#3703=CARTESIAN_POINT('',(-0.141625432480792,5.04499419501838,-1.93));
#3704=VECTOR('',#4116,1.0);
#3705=CARTESIAN_POINT('',(0.159180220736094,5.0630974996963,-1.93));
#3706=CARTESIAN_POINT('',(0.159180220736094,5.0630974996963,-1.93));
#3707=VECTOR('',#4117,1.0);
#3708=CARTESIAN_POINT('',(0.304357073430024,4.81164381474747,-1.93));
#3709=CARTESIAN_POINT('',(0.159180220736094,5.0630974996963,-1.93));
#3710=VECTOR('',#4118,1.0);
#3711=CARTESIAN_POINT('',(0.456368630225461,5.07493555445481,-1.93));
#3712=CARTESIAN_POINT('',(0.456368630225461,5.07493555445481,-1.93));
#3713=VECTOR('',#4119,1.0);
#3714=CARTESIAN_POINT('',(0.601545482919397,4.82348186950598,-1.93));
#3715=CARTESIAN_POINT('',(0.456368630225461,5.07493555445481,-1.93));
#3716=VECTOR('',#4120,1.0);
#3717=CARTESIAN_POINT('',(0.74964629461214,5.08,-1.93));
#3718=CARTESIAN_POINT('',(0.74964629461214,5.08,-1.93));
#3719=VECTOR('',#4121,1.0);
#3720=CARTESIAN_POINT('',(0.89482314730607,4.82854631505117,-1.93));
#3721=CARTESIAN_POINT('',(0.74964629461214,5.08,-1.93));
#3722=VECTOR('',#4122,1.0);
#3723=CARTESIAN_POINT('',(1.04,5.08,-1.93));
#3724=CARTESIAN_POINT('',(1.04,5.08,-1.93));
#3725=VECTOR('',#4123,1.0);
#3726=CARTESIAN_POINT('',(1.18517685269393,4.82854631505117,-1.93));
#3727=CARTESIAN_POINT('',(1.04,5.08,-1.93));
#3728=VECTOR('',#4124,1.0);
#3729=CARTESIAN_POINT('',(1.33035370538786,5.08,-1.93));
#3730=CARTESIAN_POINT('',(1.33035370538786,5.08,-1.93));
#3731=VECTOR('',#4125,1.0);
#3732=CARTESIAN_POINT('',(1.47845451708061,4.82348186950598,-1.93));
#3733=CARTESIAN_POINT('',(1.33035370538786,5.08,-1.93));
#3734=VECTOR('',#4126,1.0);
#3735=CARTESIAN_POINT('',(1.62363136977454,5.07493555445481,-1.93));
#3736=CARTESIAN_POINT('',(1.62363136977454,5.07493555445481,-1.93));
#3737=VECTOR('',#4127,1.0);
#3738=CARTESIAN_POINT('',(1.77564292656998,4.81164381474747,-1.93));
#3739=CARTESIAN_POINT('',(1.62363136977454,5.07493555445481,-1.93));
#3740=VECTOR('',#4128,1.0);
#3741=CARTESIAN_POINT('',(1.92081977926391,5.0630974996963,-1.93));
#3742=CARTESIAN_POINT('',(1.92081977926391,5.0630974996963,-1.93));
#3743=VECTOR('',#4129,1.0);
#3744=CARTESIAN_POINT('',(2.07644857978686,4.79354051006955,-1.93));
#3745=CARTESIAN_POINT('',(1.92081977926391,5.0630974996963,-1.93));
#3746=VECTOR('',#4130,1.0);
#3747=CARTESIAN_POINT('',(2.22162543248079,5.04499419501838,-1.93));
#3748=CARTESIAN_POINT('',(2.22162543248079,5.04499419501838,-1.93));
#3749=VECTOR('',#4131,1.0);
#3750=CARTESIAN_POINT('',(2.38102103459758,4.76891291364908,-1.93));
#3751=CARTESIAN_POINT('',(2.22162543248079,5.04499419501838,-1.93));
#3752=VECTOR('',#4132,1.0);
#3753=CARTESIAN_POINT('',(2.52619788729151,5.02036659859791,-1.93));
#3754=CARTESIAN_POINT('',(2.52619788729151,5.02036659859791,-1.93));
#3755=VECTOR('',#4133,1.0);
#3756=CARTESIAN_POINT('',(2.68952558613983,4.7374747259093,-1.93));
#3757=CARTESIAN_POINT('',(2.52619788729151,5.02036659859791,-1.93));
#3758=VECTOR('',#4134,1.0);
#3759=AXIS2_PLACEMENT_3D('',#4135,#4136,#4137);
#3760=COLOUR_RGB('',0.117647059261799,0.117647059261799,0.117647059261799);
#3761=CARTESIAN_POINT('',(-0.890000000000004,4.70318706712049,-1.93));
#3762=VECTOR('',#4138,1.0);
#3763=COLOUR_RGB('',0.117647059261799,0.117647059261799,0.117647059261799);
#3764=CARTESIAN_POINT('',(-0.609525586139831,4.7374747259093,-1.93));
#3765=VECTOR('',#4139,1.0);
#3766=COLOUR_RGB('',0.117647059261799,0.117647059261799,0.117647059261799);
#3767=CARTESIAN_POINT('',(-0.446197887291504,5.02036659859791,-1.93));
#3768=VECTOR('',#4140,1.0);
#3769=COLOUR_RGB('',0.117647059261799,0.117647059261799,0.117647059261799);
#3770=CARTESIAN_POINT('',(-0.301021034597574,4.76891291364908,-1.93));
#3771=VECTOR('',#4141,1.0);
#3772=COLOUR_RGB('',0.117647059261799,0.117647059261799,0.117647059261799);
#3773=CARTESIAN_POINT('',(-0.141625432480792,5.04499419501838,-1.93));
#3774=VECTOR('',#4142,1.0);
#3775=COLOUR_RGB('',0.117647059261799,0.117647059261799,0.117647059261799);
#3776=CARTESIAN_POINT('',(0.0035514202131417,4.79354051006955,-1.93));
#3777=VECTOR('',#4143,1.0);
#3778=COLOUR_RGB('',0.117647059261799,0.117647059261799,0.117647059261799);
#3779=CARTESIAN_POINT('',(0.159180220736094,5.0630974996963,-1.93));
#3780=VECTOR('',#4144,1.0);
#3781=COLOUR_RGB('',0.117647059261799,0.117647059261799,0.117647059261799);
#3782=CARTESIAN_POINT('',(0.304357073430024,4.81164381474747,-1.93));
#3783=VECTOR('',#4145,1.0);
#3784=COLOUR_RGB('',0.117647059261799,0.117647059261799,0.117647059261799);
#3785=CARTESIAN_POINT('',(0.456368630225461,5.07493555445481,-1.93));
#3786=VECTOR('',#4146,1.0);
#3787=COLOUR_RGB('',0.117647059261799,0.117647059261799,0.117647059261799);
#3788=CARTESIAN_POINT('',(0.601545482919397,4.82348186950598,-1.93));
#3789=VECTOR('',#4147,1.0);
#3790=COLOUR_RGB('',0.117647059261799,0.117647059261799,0.117647059261799);
#3791=CARTESIAN_POINT('',(0.74964629461214,5.08,-1.93));
#3792=VECTOR('',#4148,1.0);
#3793=COLOUR_RGB('',0.117647059261799,0.117647059261799,0.117647059261799);
#3794=CARTESIAN_POINT('',(0.89482314730607,4.82854631505117,-1.93));
#3795=VECTOR('',#4149,1.0);
#3796=COLOUR_RGB('',0.117647059261799,0.117647059261799,0.117647059261799);
#3797=CARTESIAN_POINT('',(1.04,5.08,-1.93));
#3798=VECTOR('',#4150,1.0);
#3799=COLOUR_RGB('',0.117647059261799,0.117647059261799,0.117647059261799);
#3800=CARTESIAN_POINT('',(1.18517685269393,4.82854631505117,-1.93));
#3801=VECTOR('',#4151,1.0);
#3802=COLOUR_RGB('',0.117647059261799,0.117647059261799,0.117647059261799);
#3803=CARTESIAN_POINT('',(1.33035370538786,5.08,-1.93));
#3804=VECTOR('',#4152,1.0);
#3805=COLOUR_RGB('',0.117647059261799,0.117647059261799,0.117647059261799);
#3806=CARTESIAN_POINT('',(1.47845451708061,4.82348186950598,-1.93));
#3807=VECTOR('',#4153,1.0);
#3808=COLOUR_RGB('',0.117647059261799,0.117647059261799,0.117647059261799);
#3809=CARTESIAN_POINT('',(1.62363136977454,5.07493555445481,-1.93));
#3810=VECTOR('',#4154,1.0);
#3811=COLOUR_RGB('',0.117647059261799,0.117647059261799,0.117647059261799);
#3812=CARTESIAN_POINT('',(1.77564292656998,4.81164381474747,-1.93));
#3813=VECTOR('',#4155,1.0);
#3814=COLOUR_RGB('',0.117647059261799,0.117647059261799,0.117647059261799);
#3815=CARTESIAN_POINT('',(1.92081977926391,5.0630974996963,-1.93));
#3816=VECTOR('',#4156,1.0);
#3817=COLOUR_RGB('',0.117647059261799,0.117647059261799,0.117647059261799);
#3818=CARTESIAN_POINT('',(2.07644857978686,4.79354051006955,-1.93));
#3819=VECTOR('',#4157,1.0);
#3820=COLOUR_RGB('',0.117647059261799,0.117647059261799,0.117647059261799);
#3821=CARTESIAN_POINT('',(2.22162543248079,5.04499419501838,-1.93));
#3822=VECTOR('',#4158,1.0);
#3823=COLOUR_RGB('',0.117647059261799,0.117647059261799,0.117647059261799);
#3824=CARTESIAN_POINT('',(2.38102103459758,4.76891291364908,-1.93));
#3825=VECTOR('',#4159,1.0);
#3826=COLOUR_RGB('',0.117647059261799,0.117647059261799,0.117647059261799);
#3827=CARTESIAN_POINT('',(2.52619788729151,5.02036659859791,-1.93));
#3828=VECTOR('',#4160,1.0);
#3829=COLOUR_RGB('',0.117647059261799,0.117647059261799,0.117647059261799);
#3830=CARTESIAN_POINT('',(2.68952558613983,4.7374747259093,-1.93));
#3831=VECTOR('',#4161,1.0);
#3832=COLOUR_RGB('',0.117647059261799,0.117647059261799,0.117647059261799);
#3833=COLOUR_RGB('',1.0,0.0,0.0);
#3834=CARTESIAN_POINT('',(4.7,-6.35,-1.5));
#3835=CARTESIAN_POINT('',(4.7,-6.35,1.5));
#3836=AXIS2_PLACEMENT_3D('',#4162,#4163,#4164);
#3837=AXIS2_PLACEMENT_3D('',#4165,#4166,#4167);
#3838=COLOUR_RGB('',1.0,0.0,0.0);
#3839=CARTESIAN_POINT('',(0.0,-6.35,-1.5));
#3840=CARTESIAN_POINT('',(0.0,-6.35,1.5));
#3841=AXIS2_PLACEMENT_3D('',#4168,#4169,#4170);
#3842=AXIS2_PLACEMENT_3D('',#4171,#4172,#4173);
#3843=COLOUR_RGB('',1.0,0.0,0.0);
#3844=CARTESIAN_POINT('',(-4.7,-6.35,-1.5));
#3845=CARTESIAN_POINT('',(-4.7,-6.35,1.5));
#3846=AXIS2_PLACEMENT_3D('',#4174,#4175,#4176);
#3847=AXIS2_PLACEMENT_3D('',#4177,#4178,#4179);
#3848=COLOUR_RGB('',1.0,0.0,0.0);
#3849=CARTESIAN_POINT('',(6.34,-6.35,-3.04));
#3850=CARTESIAN_POINT('',(6.34,-3.295,-3.04));
#3851=VECTOR('',#4180,1.0);
#3852=CARTESIAN_POINT('',(0.0,-6.35,-3.04));
#3853=VECTOR('',#4181,1.0);
#3854=COLOUR_RGB('',1.0,0.0,0.0);
#3855=CARTESIAN_POINT('',(6.34,-6.35,0.0));
#3856=VECTOR('',#4182,1.0);
#3857=COLOUR_RGB('',1.0,0.0,0.0);
#3858=DIRECTION('',(0.0,0.0,-1.0));
#3859=DIRECTION('',(1.0,0.0,0.0));
#3860=DIRECTION('',(0.0,0.0,-1.0));
#3861=DIRECTION('',(-1.0,0.0,0.0));
#3862=DIRECTION('',(-1.0,0.0,0.0));
#3863=DIRECTION('',(0.0,0.0,-1.0));
#3864=DIRECTION('',(1.0,0.0,0.0));
#3865=DIRECTION('',(0.0,-0.0,1.0));
#3866=DIRECTION('',(-1.0,0.0,-1.22460635382238E-16));
#3867=DIRECTION('',(0.0,0.0,-1.0));
#3868=DIRECTION('',(1.0,0.0,0.0));
#3869=DIRECTION('',(0.0,0.0,-1.0));
#3870=DIRECTION('',(1.0,0.0,0.0));
#3871=DIRECTION('',(0.0,0.0,-1.0));
#3872=DIRECTION('',(-1.0,0.0,0.0));
#3873=DIRECTION('',(0.0,-0.0,1.0));
#3874=DIRECTION('',(-1.0,0.0,0.0));
#3875=DIRECTION('',(0.0,1.0,0.0));
#3876=DIRECTION('',(0.0,-1.0,0.0));
#3877=DIRECTION('',(0.0,0.0,-1.0));
#3878=DIRECTION('',(0.0,1.0,0.0));
#3879=DIRECTION('',(1.0,0.0,-0.0));
#3880=DIRECTION('',(0.0,-1.0,0.0));
#3881=DIRECTION('',(0.0,0.0,1.0));
#3882=DIRECTION('',(1.0,0.0,-0.0));
#3883=DIRECTION('',(0.0,0.0,-1.0));
#3884=DIRECTION('',(-1.0,0.0,0.0));
#3885=DIRECTION('',(0.0,0.0,-1.0));
#3886=DIRECTION('',(-1.0,-0.0,-1.22460635382238E-16));
#3887=DIRECTION('',(0.0,0.0,-1.0));
#3888=DIRECTION('',(1.0,0.0,-0.0));
#3889=DIRECTION('',(0.0,0.0,-1.0));
#3890=DIRECTION('',(0.0,-1.0,0.0));
#3891=DIRECTION('',(0.0,1.0,-0.0));
#3892=DIRECTION('',(0.0,0.0,-1.0));
#3893=DIRECTION('',(0.0,1.0,0.0));
#3894=DIRECTION('',(0.0,0.0,-1.0));
#3895=DIRECTION('',(0.0,-1.0,0.0));
#3896=DIRECTION('',(0.0,-1.0,0.0));
#3897=DIRECTION('',(0.0,1.0,0.0));
#3898=DIRECTION('',(0.0,0.0,-1.0));
#3899=DIRECTION('',(-1.0,0.0,0.0));
#3900=DIRECTION('',(1.0,0.0,0.0));
#3901=DIRECTION('',(1.0,-0.0,1.22460635382238E-16));
#3902=DIRECTION('',(-1.0,0.0,0.0));
#3903=DIRECTION('',(0.0,0.0,-1.0));
#3904=DIRECTION('',(0.0,1.0,0.0));
#3905=DIRECTION('',(0.0,-1.0,0.0));
#3906=DIRECTION('',(1.0,0.0,-0.0));
#3907=DIRECTION('',(0.0,0.0,-1.0));
#3908=DIRECTION('',(-1.0,0.0,0.0));
#3909=DIRECTION('',(0.0,0.0,-1.0));
#3910=DIRECTION('',(-1.0,-0.0,-1.22460635382238E-16));
#3911=DIRECTION('',(0.0,0.0,-1.0));
#3912=DIRECTION('',(1.0,0.0,-0.0));
#3913=DIRECTION('',(0.0,0.0,-1.0));
#3914=DIRECTION('',(0.0,-1.0,0.0));
#3915=DIRECTION('',(0.0,1.0,-0.0));
#3916=DIRECTION('',(0.0,0.0,-1.0));
#3917=DIRECTION('',(0.0,1.0,0.0));
#3918=DIRECTION('',(0.0,0.0,-1.0));
#3919=DIRECTION('',(0.0,-1.0,0.0));
#3920=DIRECTION('',(0.0,-1.0,0.0));
#3921=DIRECTION('',(0.0,1.0,0.0));
#3922=DIRECTION('',(0.0,0.0,-1.0));
#3923=DIRECTION('',(-1.0,0.0,0.0));
#3924=DIRECTION('',(1.0,0.0,0.0));
#3925=DIRECTION('',(1.0,-0.0,1.22460635382238E-16));
#3926=DIRECTION('',(-1.0,0.0,0.0));
#3927=DIRECTION('',(0.0,0.0,-1.0));
#3928=DIRECTION('',(0.0,1.0,0.0));
#3929=DIRECTION('',(0.0,-1.0,0.0));
#3930=DIRECTION('',(-1.91520589265801E-16,1.0,-2.34537330502705E-32));
#3931=DIRECTION('',(1.0,-0.0,1.22460635382238E-16));
#3932=DIRECTION('',(-2.18763157561607E-16,-1.0,-2.6789875273219E-32));
#3933=CARTESIAN_POINT('',(5.146734817843E-16,-3.7475,3.05));
#3934=DIRECTION('',(1.22460635382238E-16,0.0,-1.0));
#3935=DIRECTION('',(-1.0,0.0,-1.22460635382238E-16));
#3936=DIRECTION('',(-2.18763157561607E-16,1.0,-2.6789875273219E-32));
#3937=DIRECTION('',(1.0,-0.0,1.22460635382238E-16));
#3938=DIRECTION('',(1.91520589265801E-16,-1.0,2.34537330502705E-32));
#3939=DIRECTION('',(1.22460635382238E-16,0.0,-1.0));
#3940=DIRECTION('',(-1.0,0.0,-1.22460635382238E-16));
#3941=DIRECTION('',(1.22460635382238E-16,0.0,-1.0));
#3942=DIRECTION('',(1.22460635382238E-16,0.0,-1.0));
#3943=DIRECTION('',(2.18763157561607E-16,-1.0,2.6789875273219E-32));
#3944=DIRECTION('',(1.22460635382238E-16,0.0,-1.0));
#3945=CARTESIAN_POINT('',(4.84058322938741E-16,-3.7475,3.3));
#3946=DIRECTION('',(1.22460635382238E-16,0.0,-1.0));
#3947=DIRECTION('',(-1.0,0.0,-1.22460635382238E-16));
#3948=DIRECTION('',(1.22460635382238E-16,0.0,-1.0));
#3949=DIRECTION('',(-2.18763157561607E-16,-1.0,-2.6789875273219E-32));
#3950=DIRECTION('',(1.22460635382238E-16,0.0,-1.0));
#3951=DIRECTION('',(-1.0,0.0,-1.22460635382238E-16));
#3952=DIRECTION('',(0.0,-1.0,0.0));
#3953=DIRECTION('',(0.0,0.0,-1.0));
#3954=DIRECTION('',(0.0,1.0,0.0));
#3955=DIRECTION('',(0.0,0.0,1.0));
#3956=DIRECTION('',(1.91520589265801E-16,1.0,0.0));
#3957=DIRECTION('',(0.0,1.0,0.0));
#3958=DIRECTION('',(-1.0,0.0,0.0));
#3959=DIRECTION('',(-1.0,-0.0,-0.0));
#3960=DIRECTION('',(2.18763157561607E-16,-1.0,0.0));
#3961=CARTESIAN_POINT('',(-8.88178419700125E-16,-3.7475,-3.05));
#3962=DIRECTION('',(0.0,0.0,1.0));
#3963=DIRECTION('',(1.0,0.0,0.0));
#3964=DIRECTION('',(2.18763157561607E-16,1.0,0.0));
#3965=DIRECTION('',(-1.0,-0.0,-0.0));
#3966=DIRECTION('',(-1.91520589265801E-16,-1.0,0.0));
#3967=DIRECTION('',(0.0,0.0,1.0));
#3968=DIRECTION('',(1.0,0.0,0.0));
#3969=DIRECTION('',(0.0,0.0,1.0));
#3970=DIRECTION('',(0.0,0.0,1.0));
#3971=DIRECTION('',(-2.18763157561607E-16,-1.0,0.0));
#3972=DIRECTION('',(0.0,0.0,1.0));
#3973=CARTESIAN_POINT('',(-8.88178419700125E-16,-3.7475,-3.3));
#3974=DIRECTION('',(0.0,0.0,1.0));
#3975=DIRECTION('',(1.0,0.0,0.0));
#3976=DIRECTION('',(0.0,0.0,1.0));
#3977=DIRECTION('',(2.18763157561607E-16,-1.0,0.0));
#3978=DIRECTION('',(1.0,0.0,0.0));
#3979=DIRECTION('',(-1.91520589265801E-16,-1.0,0.0));
#3980=DIRECTION('',(0.0,0.0,-1.0));
#3981=DIRECTION('',(1.0,0.0,0.0));
#3982=DIRECTION('',(1.21475354944635E-16,-1.0,0.0));
#3983=CARTESIAN_POINT('',(1.04,-9.92000000000005,1.93));
#3984=DIRECTION('',(0.0,0.0,-1.0));
#3985=DIRECTION('',(1.0,0.0,0.0));
#3986=DIRECTION('',(0.499999999999999,-0.866025403784439,0.0));
#3987=DIRECTION('',(0.500000000000001,0.866025403784438,0.0));
#3988=DIRECTION('',(0.499999999999999,-0.866025403784439,0.0));
#3989=DIRECTION('',(0.500000000000001,0.866025403784438,0.0));
#3990=DIRECTION('',(0.5,-0.866025403784439,0.0));
#3991=DIRECTION('',(0.500000000000001,0.866025403784438,0.0));
#3992=DIRECTION('',(0.500000000000002,-0.866025403784438,0.0));
#3993=DIRECTION('',(0.500000000000001,0.866025403784438,0.0));
#3994=DIRECTION('',(0.500000000000002,-0.866025403784437,0.0));
#3995=DIRECTION('',(0.500000000000001,0.866025403784438,0.0));
#3996=DIRECTION('',(0.500000000000001,-0.866025403784438,0.0));
#3997=DIRECTION('',(0.500000000000001,0.866025403784438,0.0));
#3998=DIRECTION('',(0.500000000000001,-0.866025403784438,0.0));
#3999=DIRECTION('',(0.500000000000002,0.866025403784437,0.0));
#4000=DIRECTION('',(0.500000000000001,-0.866025403784438,0.0));
#4001=DIRECTION('',(0.500000000000002,0.866025403784438,0.0));
#4002=DIRECTION('',(0.500000000000001,-0.866025403784438,0.0));
#4003=DIRECTION('',(0.5,0.866025403784439,0.0));
#4004=DIRECTION('',(0.500000000000001,-0.866025403784438,0.0));
#4005=DIRECTION('',(0.499999999999999,0.866025403784439,0.0));
#4006=DIRECTION('',(0.500000000000001,-0.866025403784438,0.0));
#4007=DIRECTION('',(0.499999999999999,0.866025403784439,0.0));
#4008=CARTESIAN_POINT('',(1.04,-9.92000000000005,1.93));
#4009=DIRECTION('',(0.0,0.0,-1.0));
#4010=DIRECTION('',(1.0,0.0,0.0));
#4011=DIRECTION('',(1.21475354944635E-16,1.0,0.0));
#4012=DIRECTION('',(-1.21475354944635E-16,1.0,0.0));
#4013=DIRECTION('',(0.0,0.0,1.0));
#4014=DIRECTION('',(0.0,-1.0,0.0));
#4015=DIRECTION('',(1.0,0.0,0.0));
#4016=DIRECTION('',(0.0,1.0,0.0));
#4017=DIRECTION('',(0.0,1.0,0.0));
#4018=DIRECTION('',(0.0,0.0,-1.0));
#4019=DIRECTION('',(0.0,1.0,0.0));
#4020=DIRECTION('',(-6.12303176911189E-17,0.0,1.0));
#4021=DIRECTION('',(9.13495746998341E-33,1.0,-1.49190104092966E-16));
#4022=CARTESIAN_POINT('',(4.32,-12.315,0.0));
#4023=DIRECTION('',(1.0,0.0,6.12303176911189E-17));
#4024=DIRECTION('',(6.12303176911189E-17,0.0,-1.0));
#4025=DIRECTION('',(7.61246455831951E-33,1.0,-1.24325086744138E-16));
#4026=DIRECTION('',(6.12303176911189E-17,0.0,-1.0));
#4027=DIRECTION('',(0.0,1.0,0.0));
#4028=CARTESIAN_POINT('',(4.7,-6.35,-0.9525));
#4029=DIRECTION('',(6.12303176911189E-17,0.0,-1.0));
#4030=DIRECTION('',(-1.0,0.0,-6.12303176911189E-17));
#4031=DIRECTION('',(0.0,-1.0,0.0));
#4032=DIRECTION('',(1.0,0.0,6.12303176911189E-17));
#4033=CARTESIAN_POINT('',(5.08,-12.315,4.65350414452503E-17));
#4034=DIRECTION('',(-1.0,-0.0,-6.12303176911189E-17));
#4035=DIRECTION('',(6.12303176911189E-17,0.0,-1.0));
#4036=DIRECTION('',(1.0,0.0,6.12303176911189E-17));
#4037=DIRECTION('',(1.0,0.0,6.12303176911189E-17));
#4038=DIRECTION('',(7.61246455831951E-33,1.0,-1.24325086744138E-16));
#4039=DIRECTION('',(1.0,0.0,6.12303176911189E-17));
#4040=DIRECTION('',(-6.12303176911189E-17,0.0,1.0));
#4041=DIRECTION('',(1.0,0.0,6.12303176911189E-17));
#4042=CARTESIAN_POINT('',(4.7,-6.35,0.9525));
#4043=DIRECTION('',(-6.12303176911189E-17,0.0,1.0));
#4044=DIRECTION('',(1.0,-0.0,6.12303176911189E-17));
#4045=DIRECTION('',(0.0,1.0,0.0));
#4046=DIRECTION('',(-6.12303176911189E-17,0.0,1.0));
#4047=DIRECTION('',(1.0,0.0,6.12303176911189E-17));
#4048=DIRECTION('',(-9.13495746998341E-33,-1.0,1.49190104092966E-16));
#4049=DIRECTION('',(0.0,1.0,0.0));
#4050=DIRECTION('',(-6.12303176911189E-17,0.0,1.0));
#4051=DIRECTION('',(9.13495746998341E-33,1.0,-1.49190104092966E-16));
#4052=CARTESIAN_POINT('',(-0.38,-12.315,0.0));
#4053=DIRECTION('',(1.0,0.0,6.12303176911189E-17));
#4054=DIRECTION('',(6.12303176911189E-17,0.0,-1.0));
#4055=DIRECTION('',(7.61246455831951E-33,1.0,-1.24325086744138E-16));
#4056=DIRECTION('',(6.12303176911189E-17,0.0,-1.0));
#4057=DIRECTION('',(0.0,1.0,0.0));
#4058=CARTESIAN_POINT('',(5.83218776007907E-17,-6.35,-0.9525));
#4059=DIRECTION('',(6.12303176911189E-17,0.0,-1.0));
#4060=DIRECTION('',(-1.0,0.0,-6.12303176911189E-17));
#4061=DIRECTION('',(0.0,-1.0,0.0));
#4062=DIRECTION('',(1.0,0.0,6.12303176911189E-17));
#4063=CARTESIAN_POINT('',(0.38,-12.315,4.65350414452503E-17));
#4064=DIRECTION('',(-1.0,-0.0,-6.12303176911189E-17));
#4065=DIRECTION('',(6.12303176911189E-17,0.0,-1.0));
#4066=DIRECTION('',(1.0,0.0,6.12303176911189E-17));
#4067=DIRECTION('',(1.0,0.0,6.12303176911189E-17));
#4068=DIRECTION('',(7.61246455831951E-33,1.0,-1.24325086744138E-16));
#4069=DIRECTION('',(1.0,0.0,6.12303176911189E-17));
#4070=DIRECTION('',(-6.12303176911189E-17,0.0,1.0));
#4071=DIRECTION('',(1.0,0.0,6.12303176911189E-17));
#4072=CARTESIAN_POINT('',(-5.83218776007907E-17,-6.35,0.9525));
#4073=DIRECTION('',(-6.12303176911189E-17,0.0,1.0));
#4074=DIRECTION('',(1.0,-0.0,6.12303176911189E-17));
#4075=DIRECTION('',(0.0,1.0,0.0));
#4076=DIRECTION('',(-6.12303176911189E-17,0.0,1.0));
#4077=DIRECTION('',(1.0,0.0,6.12303176911189E-17));
#4078=DIRECTION('',(-9.13495746998341E-33,-1.0,1.49190104092966E-16));
#4079=DIRECTION('',(0.0,1.0,0.0));
#4080=DIRECTION('',(-6.12303176911189E-17,0.0,1.0));
#4081=DIRECTION('',(9.13495746998341E-33,1.0,-1.49190104092966E-16));
#4082=CARTESIAN_POINT('',(-5.08,-12.315,0.0));
#4083=DIRECTION('',(1.0,0.0,6.12303176911189E-17));
#4084=DIRECTION('',(6.12303176911189E-17,0.0,-1.0));
#4085=DIRECTION('',(7.61246455831951E-33,1.0,-1.24325086744138E-16));
#4086=DIRECTION('',(6.12303176911189E-17,0.0,-1.0));
#4087=DIRECTION('',(0.0,1.0,0.0));
#4088=CARTESIAN_POINT('',(-4.7,-6.35,-0.9525));
#4089=DIRECTION('',(6.12303176911189E-17,0.0,-1.0));
#4090=DIRECTION('',(-1.0,0.0,-6.12303176911189E-17));
#4091=DIRECTION('',(0.0,-1.0,0.0));
#4092=DIRECTION('',(1.0,0.0,6.12303176911189E-17));
#4093=CARTESIAN_POINT('',(-4.32,-12.315,4.65350414452503E-17));
#4094=DIRECTION('',(-1.0,-0.0,-6.12303176911189E-17));
#4095=DIRECTION('',(6.12303176911189E-17,0.0,-1.0));
#4096=DIRECTION('',(1.0,0.0,6.12303176911189E-17));
#4097=DIRECTION('',(1.0,0.0,6.12303176911189E-17));
#4098=DIRECTION('',(7.61246455831951E-33,1.0,-1.24325086744138E-16));
#4099=DIRECTION('',(1.0,0.0,6.12303176911189E-17));
#4100=DIRECTION('',(-6.12303176911189E-17,0.0,1.0));
#4101=DIRECTION('',(1.0,0.0,6.12303176911189E-17));
#4102=CARTESIAN_POINT('',(-4.7,-6.35,0.9525));
#4103=DIRECTION('',(-6.12303176911189E-17,0.0,1.0));
#4104=DIRECTION('',(1.0,-0.0,6.12303176911189E-17));
#4105=DIRECTION('',(0.0,1.0,0.0));
#4106=DIRECTION('',(-6.12303176911189E-17,0.0,1.0));
#4107=DIRECTION('',(1.0,0.0,6.12303176911189E-17));
#4108=DIRECTION('',(-9.13495746998341E-33,-1.0,1.49190104092966E-16));
#4109=DIRECTION('',(1.21475354944635E-16,1.0,0.0));
#4110=CARTESIAN_POINT('',(1.04,-9.92000000000005,-1.93));
#4111=DIRECTION('',(0.0,0.0,1.0));
#4112=DIRECTION('',(1.0,0.0,0.0));
#4113=DIRECTION('',(-0.499999999999999,-0.866025403784439,0.0));
#4114=DIRECTION('',(0.500000000000001,-0.866025403784438,0.0));
#4115=DIRECTION('',(-0.499999999999999,-0.866025403784439,0.0));
#4116=DIRECTION('',(0.500000000000001,-0.866025403784438,0.0));
#4117=DIRECTION('',(-0.5,-0.866025403784439,0.0));
#4118=DIRECTION('',(0.500000000000001,-0.866025403784438,0.0));
#4119=DIRECTION('',(-0.500000000000002,-0.866025403784438,0.0));
#4120=DIRECTION('',(0.500000000000001,-0.866025403784438,0.0));
#4121=DIRECTION('',(-0.500000000000002,-0.866025403784437,0.0));
#4122=DIRECTION('',(0.500000000000001,-0.866025403784438,0.0));
#4123=DIRECTION('',(-0.500000000000001,-0.866025403784438,0.0));
#4124=DIRECTION('',(0.500000000000001,-0.866025403784438,0.0));
#4125=DIRECTION('',(-0.500000000000001,-0.866025403784438,0.0));
#4126=DIRECTION('',(0.500000000000002,-0.866025403784437,0.0));
#4127=DIRECTION('',(-0.500000000000001,-0.866025403784438,0.0));
#4128=DIRECTION('',(0.500000000000002,-0.866025403784438,0.0));
#4129=DIRECTION('',(-0.500000000000001,-0.866025403784438,0.0));
#4130=DIRECTION('',(0.5,-0.866025403784439,0.0));
#4131=DIRECTION('',(-0.500000000000001,-0.866025403784438,0.0));
#4132=DIRECTION('',(0.499999999999999,-0.866025403784439,0.0));
#4133=DIRECTION('',(-0.500000000000001,-0.866025403784438,0.0));
#4134=DIRECTION('',(0.499999999999999,-0.866025403784439,0.0));
#4135=CARTESIAN_POINT('',(1.04,-9.92000000000005,-1.93));
#4136=DIRECTION('',(0.0,0.0,1.0));
#4137=DIRECTION('',(1.0,0.0,0.0));
#4138=DIRECTION('',(0.0,0.0,1.0));
#4139=DIRECTION('',(0.0,0.0,1.0));
#4140=DIRECTION('',(0.0,0.0,1.0));
#4141=DIRECTION('',(0.0,0.0,1.0));
#4142=DIRECTION('',(0.0,0.0,1.0));
#4143=DIRECTION('',(0.0,0.0,1.0));
#4144=DIRECTION('',(0.0,0.0,1.0));
#4145=DIRECTION('',(0.0,0.0,1.0));
#4146=DIRECTION('',(0.0,0.0,1.0));
#4147=DIRECTION('',(0.0,0.0,1.0));
#4148=DIRECTION('',(0.0,0.0,1.0));
#4149=DIRECTION('',(0.0,0.0,1.0));
#4150=DIRECTION('',(0.0,0.0,1.0));
#4151=DIRECTION('',(0.0,0.0,1.0));
#4152=DIRECTION('',(0.0,0.0,1.0));
#4153=DIRECTION('',(0.0,0.0,1.0));
#4154=DIRECTION('',(0.0,0.0,1.0));
#4155=DIRECTION('',(0.0,0.0,1.0));
#4156=DIRECTION('',(0.0,0.0,1.0));
#4157=DIRECTION('',(0.0,0.0,1.0));
#4158=DIRECTION('',(0.0,0.0,1.0));
#4159=DIRECTION('',(0.0,0.0,1.0));
#4160=DIRECTION('',(0.0,0.0,1.0));
#4161=DIRECTION('',(0.0,0.0,1.0));
#4162=CARTESIAN_POINT('',(5.825,-6.35,-4.21381950600069E-17));
#4163=DIRECTION('',(0.0,1.0,0.0));
#4164=DIRECTION('',(-1.0,0.0,-6.12303176911189E-17));
#4165=CARTESIAN_POINT('',(3.575,-6.35,-1.79906409865024E-16));
#4166=DIRECTION('',(0.0,1.0,0.0));
#4167=DIRECTION('',(1.0,-0.0,6.12303176911189E-17));
#4168=CARTESIAN_POINT('',(1.125,-6.35,-4.21381950600069E-17));
#4169=DIRECTION('',(0.0,1.0,0.0));
#4170=DIRECTION('',(-1.0,0.0,-6.12303176911189E-17));
#4171=CARTESIAN_POINT('',(-1.125,-6.35,-1.79906409865024E-16));
#4172=DIRECTION('',(0.0,1.0,0.0));
#4173=DIRECTION('',(1.0,-0.0,6.12303176911189E-17));
#4174=CARTESIAN_POINT('',(-3.575,-6.35,-4.21381950600069E-17));
#4175=DIRECTION('',(0.0,1.0,0.0));
#4176=DIRECTION('',(-1.0,0.0,-6.12303176911189E-17));
#4177=CARTESIAN_POINT('',(-5.825,-6.35,-1.79906409865024E-16));
#4178=DIRECTION('',(0.0,1.0,0.0));
#4179=DIRECTION('',(1.0,-0.0,6.12303176911189E-17));
#4180=DIRECTION('',(0.0,-1.0,0.0));
#4181=DIRECTION('',(-1.0,0.0,0.0));
#4182=DIRECTION('',(0.0,0.0,-1.0));
ENDSEC;
END-ISO-10303-21;
